"evidenceDir","file","sha256","bytes","theme","width","state","role","capturedAt","productStyleFingerprint","harnessFingerprint","oldReviewId","sourceRelativePath","visibilityStatus","scrollMethod","view","captureRole","fixtureFingerprint","metricSetFingerprint","queryFingerprint","correctionPhase","correctionPart"
"before-thv03-ops-rich","desktop-dark-ops-loss-upper.png","70ddf693be07fe776b352235b0900528e2e93a18aafd880d4e542000b6be4a93","309698","dark","1440","thv03-ops-loss","Admin / isolated rich Ops DTO","2026-09-14T19:44:15.673Z","a11237e29ee59a56356218c13289686c55eda6cf236a34716bc35d2eca124eb7","35539c0c503c72fc34dd37a7656b101bc9b9676945aa04cd9018af184708e1fe","","","VERIFIED_VISIBLE","scrollIntoView-center","loss","mandatory-upper","ad169b4e7daaed025a66c16fd31334e350ba745cf4ac0afd077cdd9e1dc0647a","1f6e1ae5fdf0fe1609bfbb62ec22007ff47cabd30e49f7c168bc0ccddca88d1c","116d3a5c2bf59a0a3429bb74b822f12e4c5471c4fc1afa5e86cf0b329964bd23","before","thv03-ops-rich"
"before-thv03-ops-rich","desktop-dark-ops-loss-lower.png","c20da60dad30967e33d024b2d0c5afce2f59e30fac8e0fba20b0fec06145cd03","284403","dark","1440","thv03-ops-loss","Admin / isolated rich Ops DTO","2026-09-14T19:44:16.006Z","a11237e29ee59a56356218c13289686c55eda6cf236a34716bc35d2eca124eb7","35539c0c503c72fc34dd37a7656b101bc9b9676945aa04cd9018af184708e1fe","","","VERIFIED_VISIBLE","scrollIntoView-safe-top","loss","additional-lower-impact","ad169b4e7daaed025a66c16fd31334e350ba745cf4ac0afd077cdd9e1dc0647a","1f6e1ae5fdf0fe1609bfbb62ec22007ff47cabd30e49f7c168bc0ccddca88d1c","116d3a5c2bf59a0a3429bb74b822f12e4c5471c4fc1afa5e86cf0b329964bd23","before","thv03-ops-rich"
"before-thv03-ops-rich","desktop-dark-ops-overview.png","bb66b00eac55735a226835978aae6700385767d9d85869e99bf0342de439a282","342042","dark","1440","thv03-ops-overview","Admin / isolated rich Ops DTO","2026-09-14T19:44:16.493Z","a11237e29ee59a56356218c13289686c55eda6cf236a34716bc35d2eca124eb7","35539c0c503c72fc34dd37a7656b101bc9b9676945aa04cd9018af184708e1fe","","","VERIFIED_VISIBLE","scrollIntoView-center","overview","mandatory-overview","ad169b4e7daaed025a66c16fd31334e350ba745cf4ac0afd077cdd9e1dc0647a","b649013e14acbe37379986964cbf15024e89dd1522e20b7d279fb17492e9c656","116d3a5c2bf59a0a3429bb74b822f12e4c5471c4fc1afa5e86cf0b329964bd23","before","thv03-ops-rich"
"before-thv03-ops-rich","desktop-gray-ops-loss-upper.png","047f129ea8df1edae381f0755bb3d6723a3c338fac55f56d41d6144b9d502db2","377026","gray","1440","thv03-ops-loss","Admin / isolated rich Ops DTO","2026-09-14T19:44:17.405Z","a11237e29ee59a56356218c13289686c55eda6cf236a34716bc35d2eca124eb7","35539c0c503c72fc34dd37a7656b101bc9b9676945aa04cd9018af184708e1fe","","","VERIFIED_VISIBLE","scrollIntoView-center","loss","mandatory-upper","ad169b4e7daaed025a66c16fd31334e350ba745cf4ac0afd077cdd9e1dc0647a","1f6e1ae5fdf0fe1609bfbb62ec22007ff47cabd30e49f7c168bc0ccddca88d1c","116d3a5c2bf59a0a3429bb74b822f12e4c5471c4fc1afa5e86cf0b329964bd23","before","thv03-ops-rich"
"before-thv03-ops-rich","desktop-gray-ops-loss-lower.png","8c98e0402e55530ea9e45e6825a3ff70120d0becae31ca4e3290f2c0d69c2b86","342499","gray","1440","thv03-ops-loss","Admin / isolated rich Ops DTO","2026-09-14T19:44:17.727Z","a11237e29ee59a56356218c13289686c55eda6cf236a34716bc35d2eca124eb7","35539c0c503c72fc34dd37a7656b101bc9b9676945aa04cd9018af184708e1fe","","","VERIFIED_VISIBLE","scrollIntoView-safe-top","loss","additional-lower-impact","ad169b4e7daaed025a66c16fd31334e350ba745cf4ac0afd077cdd9e1dc0647a","1f6e1ae5fdf0fe1609bfbb62ec22007ff47cabd30e49f7c168bc0ccddca88d1c","116d3a5c2bf59a0a3429bb74b822f12e4c5471c4fc1afa5e86cf0b329964bd23","before","thv03-ops-rich"
"before-thv03-ops-rich","desktop-gray-ops-overview.png","ad8b13920963e91ab337e018594b18367488b8f17c2aafbb8ef4f2bbc0480e03","360252","gray","1440","thv03-ops-overview","Admin / isolated rich Ops DTO","2026-09-14T19:44:18.200Z","a11237e29ee59a56356218c13289686c55eda6cf236a34716bc35d2eca124eb7","35539c0c503c72fc34dd37a7656b101bc9b9676945aa04cd9018af184708e1fe","","","VERIFIED_VISIBLE","scrollIntoView-center","overview","mandatory-overview","ad169b4e7daaed025a66c16fd31334e350ba745cf4ac0afd077cdd9e1dc0647a","b649013e14acbe37379986964cbf15024e89dd1522e20b7d279fb17492e9c656","116d3a5c2bf59a0a3429bb74b822f12e4c5471c4fc1afa5e86cf0b329964bd23","before","thv03-ops-rich"
"before-thv03-ops-rich","desktop-light-ops-loss-upper.png","9efe2bdb9a244257f249a425f217e5e44401ab11e47abf396e2d3cc316529df9","366340","light","1440","thv03-ops-loss","Admin / isolated rich Ops DTO","2026-09-14T19:44:19.006Z","a11237e29ee59a56356218c13289686c55eda6cf236a34716bc35d2eca124eb7","35539c0c503c72fc34dd37a7656b101bc9b9676945aa04cd9018af184708e1fe","","","VERIFIED_VISIBLE","scrollIntoView-center","loss","mandatory-upper","ad169b4e7daaed025a66c16fd31334e350ba745cf4ac0afd077cdd9e1dc0647a","1f6e1ae5fdf0fe1609bfbb62ec22007ff47cabd30e49f7c168bc0ccddca88d1c","116d3a5c2bf59a0a3429bb74b822f12e4c5471c4fc1afa5e86cf0b329964bd23","before","thv03-ops-rich"
"before-thv03-ops-rich","desktop-light-ops-loss-lower.png","1c8f508df90399571893b7a2cb4818ea2d8d4f5c0c34f1f7a64b8dc8bc28ded6","331405","light","1440","thv03-ops-loss","Admin / isolated rich Ops DTO","2026-09-14T19:44:19.336Z","a11237e29ee59a56356218c13289686c55eda6cf236a34716bc35d2eca124eb7","35539c0c503c72fc34dd37a7656b101bc9b9676945aa04cd9018af184708e1fe","","","VERIFIED_VISIBLE","scrollIntoView-safe-top","loss","additional-lower-impact","ad169b4e7daaed025a66c16fd31334e350ba745cf4ac0afd077cdd9e1dc0647a","1f6e1ae5fdf0fe1609bfbb62ec22007ff47cabd30e49f7c168bc0ccddca88d1c","116d3a5c2bf59a0a3429bb74b822f12e4c5471c4fc1afa5e86cf0b329964bd23","before","thv03-ops-rich"
"before-thv03-ops-rich","desktop-light-ops-overview.png","d71b56da114a520384bdd37180e1f20b66cd525b27bbe38276204ed0bcbf2034","349598","light","1440","thv03-ops-overview","Admin / isolated rich Ops DTO","2026-09-14T19:44:19.762Z","a11237e29ee59a56356218c13289686c55eda6cf236a34716bc35d2eca124eb7","35539c0c503c72fc34dd37a7656b101bc9b9676945aa04cd9018af184708e1fe","","","VERIFIED_VISIBLE","scrollIntoView-center","overview","mandatory-overview","ad169b4e7daaed025a66c16fd31334e350ba745cf4ac0afd077cdd9e1dc0647a","b649013e14acbe37379986964cbf15024e89dd1522e20b7d279fb17492e9c656","116d3a5c2bf59a0a3429bb74b822f12e4c5471c4fc1afa5e86cf0b329964bd23","before","thv03-ops-rich"
"before-thv03-ops-rich","360-dark-ops-loss-upper.png","52c59cac7ee77b3c06c8cd74a06ff94e1d490721f3641ca04b6000445c7a8197","158757","dark","360","thv03-ops-loss","Admin / isolated rich Ops DTO","2026-09-14T19:44:20.494Z","a11237e29ee59a56356218c13289686c55eda6cf236a34716bc35d2eca124eb7","35539c0c503c72fc34dd37a7656b101bc9b9676945aa04cd9018af184708e1fe","","","VERIFIED_VISIBLE","scrollIntoView-center","loss","mandatory-upper","ad169b4e7daaed025a66c16fd31334e350ba745cf4ac0afd077cdd9e1dc0647a","1f6e1ae5fdf0fe1609bfbb62ec22007ff47cabd30e49f7c168bc0ccddca88d1c","116d3a5c2bf59a0a3429bb74b822f12e4c5471c4fc1afa5e86cf0b329964bd23","before","thv03-ops-rich"
"before-thv03-ops-rich","360-dark-ops-loss-lower.png","6feea682fcb6c8092edfc40c3d515781f025697982c49f1e61880de6011a86ed","141887","dark","360","thv03-ops-loss","Admin / isolated rich Ops DTO","2026-09-14T19:44:20.728Z","a11237e29ee59a56356218c13289686c55eda6cf236a34716bc35d2eca124eb7","35539c0c503c72fc34dd37a7656b101bc9b9676945aa04cd9018af184708e1fe","","","VERIFIED_VISIBLE","scrollIntoView-safe-top","loss","additional-lower-impact","ad169b4e7daaed025a66c16fd31334e350ba745cf4ac0afd077cdd9e1dc0647a","1f6e1ae5fdf0fe1609bfbb62ec22007ff47cabd30e49f7c168bc0ccddca88d1c","116d3a5c2bf59a0a3429bb74b822f12e4c5471c4fc1afa5e86cf0b329964bd23","before","thv03-ops-rich"
"before-thv03-ops-rich","360-dark-ops-overview.png","1d44a825f4cd812b858652cf6593b044aeabaf2014337030c64c88727e09bf5f","168045","dark","360","thv03-ops-overview","Admin / isolated rich Ops DTO","2026-09-14T19:44:21.073Z","a11237e29ee59a56356218c13289686c55eda6cf236a34716bc35d2eca124eb7","35539c0c503c72fc34dd37a7656b101bc9b9676945aa04cd9018af184708e1fe","","","VERIFIED_VISIBLE","scrollIntoView-center","overview","mandatory-overview","ad169b4e7daaed025a66c16fd31334e350ba745cf4ac0afd077cdd9e1dc0647a","b649013e14acbe37379986964cbf15024e89dd1522e20b7d279fb17492e9c656","116d3a5c2bf59a0a3429bb74b822f12e4c5471c4fc1afa5e86cf0b329964bd23","before","thv03-ops-rich"
"before-thv03-ops-rich","360-gray-ops-loss-upper.png","9e7edef25e4d9ec471be2dfaebf13c483d0b32dcbb5afdedfd6c39c39bd9dd27","218534","gray","360","thv03-ops-loss","Admin / isolated rich Ops DTO","2026-09-14T19:44:21.739Z","a11237e29ee59a56356218c13289686c55eda6cf236a34716bc35d2eca124eb7","35539c0c503c72fc34dd37a7656b101bc9b9676945aa04cd9018af184708e1fe","","","VERIFIED_VISIBLE","scrollIntoView-center","loss","mandatory-upper","ad169b4e7daaed025a66c16fd31334e350ba745cf4ac0afd077cdd9e1dc0647a","1f6e1ae5fdf0fe1609bfbb62ec22007ff47cabd30e49f7c168bc0ccddca88d1c","116d3a5c2bf59a0a3429bb74b822f12e4c5471c4fc1afa5e86cf0b329964bd23","before","thv03-ops-rich"
"before-thv03-ops-rich","360-gray-ops-loss-lower.png","bed9efba62723e92269a92669a1ceb2210f91579f4e671b94a403a27c967cf4a","195940","gray","360","thv03-ops-loss","Admin / isolated rich Ops DTO","2026-09-14T19:44:21.975Z","a11237e29ee59a56356218c13289686c55eda6cf236a34716bc35d2eca124eb7","35539c0c503c72fc34dd37a7656b101bc9b9676945aa04cd9018af184708e1fe","","","VERIFIED_VISIBLE","scrollIntoView-safe-top","loss","additional-lower-impact","ad169b4e7daaed025a66c16fd31334e350ba745cf4ac0afd077cdd9e1dc0647a","1f6e1ae5fdf0fe1609bfbb62ec22007ff47cabd30e49f7c168bc0ccddca88d1c","116d3a5c2bf59a0a3429bb74b822f12e4c5471c4fc1afa5e86cf0b329964bd23","before","thv03-ops-rich"
"before-thv03-ops-rich","360-gray-ops-overview.png","ec1cb3d80065668abae9f819b590fa3a797e4b4789d70c09bd3bbee44f9aa9cb","189804","gray","360","thv03-ops-overview","Admin / isolated rich Ops DTO","2026-09-14T19:44:22.329Z","a11237e29ee59a56356218c13289686c55eda6cf236a34716bc35d2eca124eb7","35539c0c503c72fc34dd37a7656b101bc9b9676945aa04cd9018af184708e1fe","","","VERIFIED_VISIBLE","scrollIntoView-center","overview","mandatory-overview","ad169b4e7daaed025a66c16fd31334e350ba745cf4ac0afd077cdd9e1dc0647a","b649013e14acbe37379986964cbf15024e89dd1522e20b7d279fb17492e9c656","116d3a5c2bf59a0a3429bb74b822f12e4c5471c4fc1afa5e86cf0b329964bd23","before","thv03-ops-rich"
"before-thv03-ops-rich","360-light-ops-loss-upper.png","ac46d1184c98167f505379c7dfe89cebd8edb610fe9446b915961c5db56ba4a8","210097","light","360","thv03-ops-loss","Admin / isolated rich Ops DTO","2026-09-14T19:44:23.022Z","a11237e29ee59a56356218c13289686c55eda6cf236a34716bc35d2eca124eb7","35539c0c503c72fc34dd37a7656b101bc9b9676945aa04cd9018af184708e1fe","","","VERIFIED_VISIBLE","scrollIntoView-center","loss","mandatory-upper","ad169b4e7daaed025a66c16fd31334e350ba745cf4ac0afd077cdd9e1dc0647a","1f6e1ae5fdf0fe1609bfbb62ec22007ff47cabd30e49f7c168bc0ccddca88d1c","116d3a5c2bf59a0a3429bb74b822f12e4c5471c4fc1afa5e86cf0b329964bd23","before","thv03-ops-rich"
"before-thv03-ops-rich","360-light-ops-loss-lower.png","6ee9b53464f5d2f289db69f27400bb5461298775f5f66775ac221048845c7552","187955","light","360","thv03-ops-loss","Admin / isolated rich Ops DTO","2026-09-14T19:44:23.267Z","a11237e29ee59a56356218c13289686c55eda6cf236a34716bc35d2eca124eb7","35539c0c503c72fc34dd37a7656b101bc9b9676945aa04cd9018af184708e1fe","","","VERIFIED_VISIBLE","scrollIntoView-safe-top","loss","additional-lower-impact","ad169b4e7daaed025a66c16fd31334e350ba745cf4ac0afd077cdd9e1dc0647a","1f6e1ae5fdf0fe1609bfbb62ec22007ff47cabd30e49f7c168bc0ccddca88d1c","116d3a5c2bf59a0a3429bb74b822f12e4c5471c4fc1afa5e86cf0b329964bd23","before","thv03-ops-rich"
"before-thv03-ops-rich","360-light-ops-overview.png","cedebfe4a2b330f0b9f1030e57ab20a4bea21f89bd3fe29cef01e4950b4e17e9","181717","light","360","thv03-ops-overview","Admin / isolated rich Ops DTO","2026-09-14T19:44:23.610Z","a11237e29ee59a56356218c13289686c55eda6cf236a34716bc35d2eca124eb7","35539c0c503c72fc34dd37a7656b101bc9b9676945aa04cd9018af184708e1fe","","","VERIFIED_VISIBLE","scrollIntoView-center","overview","mandatory-overview","ad169b4e7daaed025a66c16fd31334e350ba745cf4ac0afd077cdd9e1dc0647a","b649013e14acbe37379986964cbf15024e89dd1522e20b7d279fb17492e9c656","116d3a5c2bf59a0a3429bb74b822f12e4c5471c4fc1afa5e86cf0b329964bd23","before","thv03-ops-rich"
"before-thv03-ops-rich","390-dark-ops-loss-upper.png","dbd199653db0e2221c51cdd84093e44853e83739a12c34f140c45cb1acd37951","157635","dark","390","thv03-ops-loss","Admin / isolated rich Ops DTO","2026-09-14T19:44:24.301Z","a11237e29ee59a56356218c13289686c55eda6cf236a34716bc35d2eca124eb7","35539c0c503c72fc34dd37a7656b101bc9b9676945aa04cd9018af184708e1fe","","","VERIFIED_VISIBLE","scrollIntoView-center","loss","mandatory-upper","ad169b4e7daaed025a66c16fd31334e350ba745cf4ac0afd077cdd9e1dc0647a","1f6e1ae5fdf0fe1609bfbb62ec22007ff47cabd30e49f7c168bc0ccddca88d1c","116d3a5c2bf59a0a3429bb74b822f12e4c5471c4fc1afa5e86cf0b329964bd23","before","thv03-ops-rich"
"before-thv03-ops-rich","390-dark-ops-loss-lower.png","5f5c36c5b9257afd4b38332e70f62b5a8304e051b965fa404665e9d8ef250254","143214","dark","390","thv03-ops-loss","Admin / isolated rich Ops DTO","2026-09-14T19:44:24.534Z","a11237e29ee59a56356218c13289686c55eda6cf236a34716bc35d2eca124eb7","35539c0c503c72fc34dd37a7656b101bc9b9676945aa04cd9018af184708e1fe","","","VERIFIED_VISIBLE","scrollIntoView-safe-top","loss","additional-lower-impact","ad169b4e7daaed025a66c16fd31334e350ba745cf4ac0afd077cdd9e1dc0647a","1f6e1ae5fdf0fe1609bfbb62ec22007ff47cabd30e49f7c168bc0ccddca88d1c","116d3a5c2bf59a0a3429bb74b822f12e4c5471c4fc1afa5e86cf0b329964bd23","before","thv03-ops-rich"
"before-thv03-ops-rich","390-dark-ops-overview.png","47baae3b92eb635032f48f5afdb8a38eafe07663c0df3342f9dcc28c1a6c838b","169483","dark","390","thv03-ops-overview","Admin / isolated rich Ops DTO","2026-09-14T19:44:24.872Z","a11237e29ee59a56356218c13289686c55eda6cf236a34716bc35d2eca124eb7","35539c0c503c72fc34dd37a7656b101bc9b9676945aa04cd9018af184708e1fe","","","VERIFIED_VISIBLE","scrollIntoView-center","overview","mandatory-overview","ad169b4e7daaed025a66c16fd31334e350ba745cf4ac0afd077cdd9e1dc0647a","b649013e14acbe37379986964cbf15024e89dd1522e20b7d279fb17492e9c656","116d3a5c2bf59a0a3429bb74b822f12e4c5471c4fc1afa5e86cf0b329964bd23","before","thv03-ops-rich"
"before-thv03-ops-rich","390-gray-ops-loss-upper.png","9183d00dd0622296e0201f3ef3c991df75e5fcd87a00ad865665c1f6404cd1b8","219530","gray","390","thv03-ops-loss","Admin / isolated rich Ops DTO","2026-09-14T19:44:25.532Z","a11237e29ee59a56356218c13289686c55eda6cf236a34716bc35d2eca124eb7","35539c0c503c72fc34dd37a7656b101bc9b9676945aa04cd9018af184708e1fe","","","VERIFIED_VISIBLE","scrollIntoView-center","loss","mandatory-upper","ad169b4e7daaed025a66c16fd31334e350ba745cf4ac0afd077cdd9e1dc0647a","1f6e1ae5fdf0fe1609bfbb62ec22007ff47cabd30e49f7c168bc0ccddca88d1c","116d3a5c2bf59a0a3429bb74b822f12e4c5471c4fc1afa5e86cf0b329964bd23","before","thv03-ops-rich"
"before-thv03-ops-rich","390-gray-ops-loss-lower.png","2d3028ff1952c248522c902fda5b92a82b343624d19e8a34f0a8a5d5d749ee85","195902","gray","390","thv03-ops-loss","Admin / isolated rich Ops DTO","2026-09-14T19:44:25.775Z","a11237e29ee59a56356218c13289686c55eda6cf236a34716bc35d2eca124eb7","35539c0c503c72fc34dd37a7656b101bc9b9676945aa04cd9018af184708e1fe","","","VERIFIED_VISIBLE","scrollIntoView-safe-top","loss","additional-lower-impact","ad169b4e7daaed025a66c16fd31334e350ba745cf4ac0afd077cdd9e1dc0647a","1f6e1ae5fdf0fe1609bfbb62ec22007ff47cabd30e49f7c168bc0ccddca88d1c","116d3a5c2bf59a0a3429bb74b822f12e4c5471c4fc1afa5e86cf0b329964bd23","before","thv03-ops-rich"
"before-thv03-ops-rich","390-gray-ops-overview.png","6c2622d4faad48d656b9c1d7a08d80928f1b025a19843cce240f685e1f11fd7e","191136","gray","390","thv03-ops-overview","Admin / isolated rich Ops DTO","2026-09-14T19:44:26.130Z","a11237e29ee59a56356218c13289686c55eda6cf236a34716bc35d2eca124eb7","35539c0c503c72fc34dd37a7656b101bc9b9676945aa04cd9018af184708e1fe","","","VERIFIED_VISIBLE","scrollIntoView-center","overview","mandatory-overview","ad169b4e7daaed025a66c16fd31334e350ba745cf4ac0afd077cdd9e1dc0647a","b649013e14acbe37379986964cbf15024e89dd1522e20b7d279fb17492e9c656","116d3a5c2bf59a0a3429bb74b822f12e4c5471c4fc1afa5e86cf0b329964bd23","before","thv03-ops-rich"
"before-thv03-ops-rich","390-light-ops-loss-upper.png","de44d33df58ba77118d6715c37a54f8243362ead3c3decda815a4cd936000f33","212827","light","390","thv03-ops-loss","Admin / isolated rich Ops DTO","2026-09-14T19:44:26.803Z","a11237e29ee59a56356218c13289686c55eda6cf236a34716bc35d2eca124eb7","35539c0c503c72fc34dd37a7656b101bc9b9676945aa04cd9018af184708e1fe","","","VERIFIED_VISIBLE","scrollIntoView-center","loss","mandatory-upper","ad169b4e7daaed025a66c16fd31334e350ba745cf4ac0afd077cdd9e1dc0647a","1f6e1ae5fdf0fe1609bfbb62ec22007ff47cabd30e49f7c168bc0ccddca88d1c","116d3a5c2bf59a0a3429bb74b822f12e4c5471c4fc1afa5e86cf0b329964bd23","before","thv03-ops-rich"
"before-thv03-ops-rich","390-light-ops-loss-lower.png","9d0a5875ee6367ceb303c2ab6be9b29ed7b6ff433dfd705f8ef2b8666e3b5c22","190116","light","390","thv03-ops-loss","Admin / isolated rich Ops DTO","2026-09-14T19:44:27.038Z","a11237e29ee59a56356218c13289686c55eda6cf236a34716bc35d2eca124eb7","35539c0c503c72fc34dd37a7656b101bc9b9676945aa04cd9018af184708e1fe","","","VERIFIED_VISIBLE","scrollIntoView-safe-top","loss","additional-lower-impact","ad169b4e7daaed025a66c16fd31334e350ba745cf4ac0afd077cdd9e1dc0647a","1f6e1ae5fdf0fe1609bfbb62ec22007ff47cabd30e49f7c168bc0ccddca88d1c","116d3a5c2bf59a0a3429bb74b822f12e4c5471c4fc1afa5e86cf0b329964bd23","before","thv03-ops-rich"
"before-thv03-ops-rich","390-light-ops-overview.png","1467d3d8a28b22dfd88aca8ea9d30620220277ca71b881cc04fe44d95908c9c3","184093","light","390","thv03-ops-overview","Admin / isolated rich Ops DTO","2026-09-14T19:44:27.391Z","a11237e29ee59a56356218c13289686c55eda6cf236a34716bc35d2eca124eb7","35539c0c503c72fc34dd37a7656b101bc9b9676945aa04cd9018af184708e1fe","","","VERIFIED_VISIBLE","scrollIntoView-center","overview","mandatory-overview","ad169b4e7daaed025a66c16fd31334e350ba745cf4ac0afd077cdd9e1dc0647a","b649013e14acbe37379986964cbf15024e89dd1522e20b7d279fb17492e9c656","116d3a5c2bf59a0a3429bb74b822f12e4c5471c4fc1afa5e86cf0b329964bd23","before","thv03-ops-rich"
"before-thv03-ops-rich","430-dark-ops-loss-upper.png","3001eb20a94687abf69e3ec45307ca8e00bc86697a26beac0e7534be2144782a","161385","dark","430","thv03-ops-loss","Admin / isolated rich Ops DTO","2026-09-14T19:44:28.052Z","a11237e29ee59a56356218c13289686c55eda6cf236a34716bc35d2eca124eb7","35539c0c503c72fc34dd37a7656b101bc9b9676945aa04cd9018af184708e1fe","","","VERIFIED_VISIBLE","scrollIntoView-center","loss","mandatory-upper","ad169b4e7daaed025a66c16fd31334e350ba745cf4ac0afd077cdd9e1dc0647a","1f6e1ae5fdf0fe1609bfbb62ec22007ff47cabd30e49f7c168bc0ccddca88d1c","116d3a5c2bf59a0a3429bb74b822f12e4c5471c4fc1afa5e86cf0b329964bd23","before","thv03-ops-rich"
"before-thv03-ops-rich","430-dark-ops-loss-lower.png","e95d24c650889ef2d4bd0250ecbe48c2333e1797874b10c1d1c2967a71115258","147906","dark","430","thv03-ops-loss","Admin / isolated rich Ops DTO","2026-09-14T19:44:28.285Z","a11237e29ee59a56356218c13289686c55eda6cf236a34716bc35d2eca124eb7","35539c0c503c72fc34dd37a7656b101bc9b9676945aa04cd9018af184708e1fe","","","VERIFIED_VISIBLE","scrollIntoView-safe-top","loss","additional-lower-impact","ad169b4e7daaed025a66c16fd31334e350ba745cf4ac0afd077cdd9e1dc0647a","1f6e1ae5fdf0fe1609bfbb62ec22007ff47cabd30e49f7c168bc0ccddca88d1c","116d3a5c2bf59a0a3429bb74b822f12e4c5471c4fc1afa5e86cf0b329964bd23","before","thv03-ops-rich"
"before-thv03-ops-rich","430-dark-ops-overview.png","4163927b822f41d8222f889e7144d56109377ca4133bde1d678ae2cb747097b9","199150","dark","430","thv03-ops-overview","Admin / isolated rich Ops DTO","2026-09-14T19:44:28.620Z","a11237e29ee59a56356218c13289686c55eda6cf236a34716bc35d2eca124eb7","35539c0c503c72fc34dd37a7656b101bc9b9676945aa04cd9018af184708e1fe","","","VERIFIED_VISIBLE","scrollIntoView-center","overview","mandatory-overview","ad169b4e7daaed025a66c16fd31334e350ba745cf4ac0afd077cdd9e1dc0647a","b649013e14acbe37379986964cbf15024e89dd1522e20b7d279fb17492e9c656","116d3a5c2bf59a0a3429bb74b822f12e4c5471c4fc1afa5e86cf0b329964bd23","before","thv03-ops-rich"
"before-thv03-ops-rich","430-gray-ops-loss-upper.png","6375027de474c38860e4e7c2b67632fb4b1be9a62a234f5c48c7169c97015d6e","227553","gray","430","thv03-ops-loss","Admin / isolated rich Ops DTO","2026-09-14T19:44:29.313Z","a11237e29ee59a56356218c13289686c55eda6cf236a34716bc35d2eca124eb7","35539c0c503c72fc34dd37a7656b101bc9b9676945aa04cd9018af184708e1fe","","","VERIFIED_VISIBLE","scrollIntoView-center","loss","mandatory-upper","ad169b4e7daaed025a66c16fd31334e350ba745cf4ac0afd077cdd9e1dc0647a","1f6e1ae5fdf0fe1609bfbb62ec22007ff47cabd30e49f7c168bc0ccddca88d1c","116d3a5c2bf59a0a3429bb74b822f12e4c5471c4fc1afa5e86cf0b329964bd23","before","thv03-ops-rich"
"before-thv03-ops-rich","430-gray-ops-loss-lower.png","79e2b382c4cea109e560cd71841be0d1683d72619b54e690391bff1fd3315c79","199438","gray","430","thv03-ops-loss","Admin / isolated rich Ops DTO","2026-09-14T19:44:29.570Z","a11237e29ee59a56356218c13289686c55eda6cf236a34716bc35d2eca124eb7","35539c0c503c72fc34dd37a7656b101bc9b9676945aa04cd9018af184708e1fe","","","VERIFIED_VISIBLE","scrollIntoView-safe-top","loss","additional-lower-impact","ad169b4e7daaed025a66c16fd31334e350ba745cf4ac0afd077cdd9e1dc0647a","1f6e1ae5fdf0fe1609bfbb62ec22007ff47cabd30e49f7c168bc0ccddca88d1c","116d3a5c2bf59a0a3429bb74b822f12e4c5471c4fc1afa5e86cf0b329964bd23","before","thv03-ops-rich"
"before-thv03-ops-rich","430-gray-ops-overview.png","c5bad39723204f8db6e81286e5924786acb9b3f08c0b523d32403e70c097bb2f","213896","gray","430","thv03-ops-overview","Admin / isolated rich Ops DTO","2026-09-14T19:44:29.912Z","a11237e29ee59a56356218c13289686c55eda6cf236a34716bc35d2eca124eb7","35539c0c503c72fc34dd37a7656b101bc9b9676945aa04cd9018af184708e1fe","","","VERIFIED_VISIBLE","scrollIntoView-center","overview","mandatory-overview","ad169b4e7daaed025a66c16fd31334e350ba745cf4ac0afd077cdd9e1dc0647a","b649013e14acbe37379986964cbf15024e89dd1522e20b7d279fb17492e9c656","116d3a5c2bf59a0a3429bb74b822f12e4c5471c4fc1afa5e86cf0b329964bd23","before","thv03-ops-rich"
"before-thv03-ops-rich","430-light-ops-loss-upper.png","3c308d637740556f770f53c3b4e7c44b559c8ca243610ebf56ef588f7fd3ac2c","218673","light","430","thv03-ops-loss","Admin / isolated rich Ops DTO","2026-09-14T19:44:30.567Z","a11237e29ee59a56356218c13289686c55eda6cf236a34716bc35d2eca124eb7","35539c0c503c72fc34dd37a7656b101bc9b9676945aa04cd9018af184708e1fe","","","VERIFIED_VISIBLE","scrollIntoView-center","loss","mandatory-upper","ad169b4e7daaed025a66c16fd31334e350ba745cf4ac0afd077cdd9e1dc0647a","1f6e1ae5fdf0fe1609bfbb62ec22007ff47cabd30e49f7c168bc0ccddca88d1c","116d3a5c2bf59a0a3429bb74b822f12e4c5471c4fc1afa5e86cf0b329964bd23","before","thv03-ops-rich"
"before-thv03-ops-rich","430-light-ops-loss-lower.png","c94eef00ed0acc5bd970a556cb84079a6ac4cb472c17230e81ef00ad5852a20c","194042","light","430","thv03-ops-loss","Admin / isolated rich Ops DTO","2026-09-14T19:44:30.802Z","a11237e29ee59a56356218c13289686c55eda6cf236a34716bc35d2eca124eb7","35539c0c503c72fc34dd37a7656b101bc9b9676945aa04cd9018af184708e1fe","","","VERIFIED_VISIBLE","scrollIntoView-safe-top","loss","additional-lower-impact","ad169b4e7daaed025a66c16fd31334e350ba745cf4ac0afd077cdd9e1dc0647a","1f6e1ae5fdf0fe1609bfbb62ec22007ff47cabd30e49f7c168bc0ccddca88d1c","116d3a5c2bf59a0a3429bb74b822f12e4c5471c4fc1afa5e86cf0b329964bd23","before","thv03-ops-rich"
"before-thv03-ops-rich","430-light-ops-overview.png","091b05945d32aae31198c57da37a2c7eb3d0e16cf3431f99bb2c9a9c7152edf7","205073","light","430","thv03-ops-overview","Admin / isolated rich Ops DTO","2026-09-14T19:44:31.146Z","a11237e29ee59a56356218c13289686c55eda6cf236a34716bc35d2eca124eb7","35539c0c503c72fc34dd37a7656b101bc9b9676945aa04cd9018af184708e1fe","","","VERIFIED_VISIBLE","scrollIntoView-center","overview","mandatory-overview","ad169b4e7daaed025a66c16fd31334e350ba745cf4ac0afd077cdd9e1dc0647a","b649013e14acbe37379986964cbf15024e89dd1522e20b7d279fb17492e9c656","116d3a5c2bf59a0a3429bb74b822f12e4c5471c4fc1afa5e86cf0b329964bd23","before","thv03-ops-rich"
"before-thv03-ops-zero","390-dark-ops-loss-zero.png","a5fde62cdd90bc7f61e8fc4375bc799d22915368c14a7d2ad8f4bff5eb722d0c","134719","dark","390","thv03-ops-loss-zero","Admin / isolated zero Ops DTO","2026-09-14T19:44:52.366Z","a11237e29ee59a56356218c13289686c55eda6cf236a34716bc35d2eca124eb7","35539c0c503c72fc34dd37a7656b101bc9b9676945aa04cd9018af184708e1fe","","","VERIFIED_VISIBLE","scrollIntoView-center","loss","additional-zero-state","","114b4115a3712ac913a5522f6e97ab967a54950ac76e4e56b84f7900a7548dc6","116d3a5c2bf59a0a3429bb74b822f12e4c5471c4fc1afa5e86cf0b329964bd23","before","thv03-ops-zero"
"before-thv03-ops-zero","390-dark-ops-overview-zero.png","c53e1b22f0861925d26565cae8148644888e49618bce05c97e6c1b0eee865381","150648","dark","390","thv03-ops-overview-zero","Admin / isolated zero Ops DTO","2026-09-14T19:44:52.777Z","a11237e29ee59a56356218c13289686c55eda6cf236a34716bc35d2eca124eb7","35539c0c503c72fc34dd37a7656b101bc9b9676945aa04cd9018af184708e1fe","","","VERIFIED_VISIBLE","scrollIntoView-center","overview","additional-zero-state","","14a86b4e2b94a95a907207963bbe796bc2f6fcd1b78e02b4c2dd33a6ca130b78","116d3a5c2bf59a0a3429bb74b822f12e4c5471c4fc1afa5e86cf0b329964bd23","before","thv03-ops-zero"
"before-thv03-ops-zero","390-gray-ops-loss-zero.png","61438c308716acf3bb6c7942c94489e8c7fe586ecbee8d07831fe8320b3ed48d","175180","gray","390","thv03-ops-loss-zero","Admin / isolated zero Ops DTO","2026-09-14T19:44:53.588Z","a11237e29ee59a56356218c13289686c55eda6cf236a34716bc35d2eca124eb7","35539c0c503c72fc34dd37a7656b101bc9b9676945aa04cd9018af184708e1fe","","","VERIFIED_VISIBLE","scrollIntoView-center","loss","additional-zero-state","","114b4115a3712ac913a5522f6e97ab967a54950ac76e4e56b84f7900a7548dc6","116d3a5c2bf59a0a3429bb74b822f12e4c5471c4fc1afa5e86cf0b329964bd23","before","thv03-ops-zero"
"before-thv03-ops-zero","390-gray-ops-overview-zero.png","6dbe27fdacb6cfa3663af10208211039b7609da15bb9711989263cafb21c017f","163075","gray","390","thv03-ops-overview-zero","Admin / isolated zero Ops DTO","2026-09-14T19:44:53.948Z","a11237e29ee59a56356218c13289686c55eda6cf236a34716bc35d2eca124eb7","35539c0c503c72fc34dd37a7656b101bc9b9676945aa04cd9018af184708e1fe","","","VERIFIED_VISIBLE","scrollIntoView-center","overview","additional-zero-state","","14a86b4e2b94a95a907207963bbe796bc2f6fcd1b78e02b4c2dd33a6ca130b78","116d3a5c2bf59a0a3429bb74b822f12e4c5471c4fc1afa5e86cf0b329964bd23","before","thv03-ops-zero"
"before-thv03-ops-zero","390-light-ops-loss-zero.png","33e6b541ff3941283fe49f10f53f9af7926268eb947611bd7802cf33d3b81eab","168300","light","390","thv03-ops-loss-zero","Admin / isolated zero Ops DTO","2026-09-14T19:44:54.614Z","a11237e29ee59a56356218c13289686c55eda6cf236a34716bc35d2eca124eb7","35539c0c503c72fc34dd37a7656b101bc9b9676945aa04cd9018af184708e1fe","","","VERIFIED_VISIBLE","scrollIntoView-center","loss","additional-zero-state","","114b4115a3712ac913a5522f6e97ab967a54950ac76e4e56b84f7900a7548dc6","116d3a5c2bf59a0a3429bb74b822f12e4c5471c4fc1afa5e86cf0b329964bd23","before","thv03-ops-zero"
"before-thv03-ops-zero","390-light-ops-overview-zero.png","35f3bc92fda8dfb1464588f70157c7925c341b6fb08fb1db88fe489b2444e124","153533","light","390","thv03-ops-overview-zero","Admin / isolated zero Ops DTO","2026-09-14T19:44:54.928Z","a11237e29ee59a56356218c13289686c55eda6cf236a34716bc35d2eca124eb7","35539c0c503c72fc34dd37a7656b101bc9b9676945aa04cd9018af184708e1fe","","","VERIFIED_VISIBLE","scrollIntoView-center","overview","additional-zero-state","","14a86b4e2b94a95a907207963bbe796bc2f6fcd1b78e02b4c2dd33a6ca130b78","116d3a5c2bf59a0a3429bb74b822f12e4c5471c4fc1afa5e86cf0b329964bd23","before","thv03-ops-zero"
"after-thv03-ops-rich","desktop-dark-ops-loss-upper.png","05e106a7ee251e889041c9b7efb0d99cf83dd7a1e0c8ce52f0a5bfded46cce8d","319071","dark","1440","thv03-ops-loss","Admin / isolated rich Ops DTO","2026-09-14T20:00:43.926Z","deb4d9b688ef639913e2e2b499833eb5ad7e0edf43c14a29169c218be461f200","fcb6e1463c5b8d652fae6fbd89441b370d88f67a1281a06ae18de4b28b3c0966","","","VERIFIED_VISIBLE","scrollIntoView-center","loss","mandatory-upper","ad169b4e7daaed025a66c16fd31334e350ba745cf4ac0afd077cdd9e1dc0647a","1f6e1ae5fdf0fe1609bfbb62ec22007ff47cabd30e49f7c168bc0ccddca88d1c","116d3a5c2bf59a0a3429bb74b822f12e4c5471c4fc1afa5e86cf0b329964bd23","after","thv03-ops-rich"
"after-thv03-ops-rich","desktop-dark-ops-loss-lower.png","1c03493411e378e7a99674ac185707b1b6cecb3bd6659595472e702c0efd17b0","297515","dark","1440","thv03-ops-loss","Admin / isolated rich Ops DTO","2026-09-14T20:00:44.246Z","deb4d9b688ef639913e2e2b499833eb5ad7e0edf43c14a29169c218be461f200","fcb6e1463c5b8d652fae6fbd89441b370d88f67a1281a06ae18de4b28b3c0966","","","VERIFIED_VISIBLE","scrollIntoView-safe-top","loss","additional-lower-impact","ad169b4e7daaed025a66c16fd31334e350ba745cf4ac0afd077cdd9e1dc0647a","1f6e1ae5fdf0fe1609bfbb62ec22007ff47cabd30e49f7c168bc0ccddca88d1c","116d3a5c2bf59a0a3429bb74b822f12e4c5471c4fc1afa5e86cf0b329964bd23","after","thv03-ops-rich"
"after-thv03-ops-rich","desktop-dark-ops-overview.png","bb66b00eac55735a226835978aae6700385767d9d85869e99bf0342de439a282","342042","dark","1440","thv03-ops-overview","Admin / isolated rich Ops DTO","2026-09-14T20:00:44.715Z","deb4d9b688ef639913e2e2b499833eb5ad7e0edf43c14a29169c218be461f200","fcb6e1463c5b8d652fae6fbd89441b370d88f67a1281a06ae18de4b28b3c0966","","","VERIFIED_VISIBLE","scrollIntoView-center","overview","mandatory-overview","ad169b4e7daaed025a66c16fd31334e350ba745cf4ac0afd077cdd9e1dc0647a","b649013e14acbe37379986964cbf15024e89dd1522e20b7d279fb17492e9c656","116d3a5c2bf59a0a3429bb74b822f12e4c5471c4fc1afa5e86cf0b329964bd23","after","thv03-ops-rich"
"after-thv03-ops-rich","desktop-gray-ops-loss-upper.png","2733a52591168731d67c7dc70900f72aa8bae7b703cb6079cbbc2371cca1870b","406180","gray","1440","thv03-ops-loss","Admin / isolated rich Ops DTO","2026-09-14T20:00:45.666Z","deb4d9b688ef639913e2e2b499833eb5ad7e0edf43c14a29169c218be461f200","fcb6e1463c5b8d652fae6fbd89441b370d88f67a1281a06ae18de4b28b3c0966","","","VERIFIED_VISIBLE","scrollIntoView-center","loss","mandatory-upper","ad169b4e7daaed025a66c16fd31334e350ba745cf4ac0afd077cdd9e1dc0647a","1f6e1ae5fdf0fe1609bfbb62ec22007ff47cabd30e49f7c168bc0ccddca88d1c","116d3a5c2bf59a0a3429bb74b822f12e4c5471c4fc1afa5e86cf0b329964bd23","after","thv03-ops-rich"
"after-thv03-ops-rich","desktop-gray-ops-loss-lower.png","c83c4e3e75ab0dfa69e5ebf8f24bc701d3a56118dcf6b49c5ba6d4b475a46315","389069","gray","1440","thv03-ops-loss","Admin / isolated rich Ops DTO","2026-09-14T20:00:45.988Z","deb4d9b688ef639913e2e2b499833eb5ad7e0edf43c14a29169c218be461f200","fcb6e1463c5b8d652fae6fbd89441b370d88f67a1281a06ae18de4b28b3c0966","","","VERIFIED_VISIBLE","scrollIntoView-safe-top","loss","additional-lower-impact","ad169b4e7daaed025a66c16fd31334e350ba745cf4ac0afd077cdd9e1dc0647a","1f6e1ae5fdf0fe1609bfbb62ec22007ff47cabd30e49f7c168bc0ccddca88d1c","116d3a5c2bf59a0a3429bb74b822f12e4c5471c4fc1afa5e86cf0b329964bd23","after","thv03-ops-rich"
"after-thv03-ops-rich","desktop-gray-ops-overview.png","ad8b13920963e91ab337e018594b18367488b8f17c2aafbb8ef4f2bbc0480e03","360252","gray","1440","thv03-ops-overview","Admin / isolated rich Ops DTO","2026-09-14T20:00:46.478Z","deb4d9b688ef639913e2e2b499833eb5ad7e0edf43c14a29169c218be461f200","fcb6e1463c5b8d652fae6fbd89441b370d88f67a1281a06ae18de4b28b3c0966","","","VERIFIED_VISIBLE","scrollIntoView-center","overview","mandatory-overview","ad169b4e7daaed025a66c16fd31334e350ba745cf4ac0afd077cdd9e1dc0647a","b649013e14acbe37379986964cbf15024e89dd1522e20b7d279fb17492e9c656","116d3a5c2bf59a0a3429bb74b822f12e4c5471c4fc1afa5e86cf0b329964bd23","after","thv03-ops-rich"
"after-thv03-ops-rich","desktop-light-ops-loss-upper.png","7743f312f54305e49e2cc3d1914e6fcb6da75e5a995f12f4b72d59ced2050f99","385720","light","1440","thv03-ops-loss","Admin / isolated rich Ops DTO","2026-09-14T20:00:47.285Z","deb4d9b688ef639913e2e2b499833eb5ad7e0edf43c14a29169c218be461f200","fcb6e1463c5b8d652fae6fbd89441b370d88f67a1281a06ae18de4b28b3c0966","","","VERIFIED_VISIBLE","scrollIntoView-center","loss","mandatory-upper","ad169b4e7daaed025a66c16fd31334e350ba745cf4ac0afd077cdd9e1dc0647a","1f6e1ae5fdf0fe1609bfbb62ec22007ff47cabd30e49f7c168bc0ccddca88d1c","116d3a5c2bf59a0a3429bb74b822f12e4c5471c4fc1afa5e86cf0b329964bd23","after","thv03-ops-rich"
"after-thv03-ops-rich","desktop-light-ops-loss-lower.png","a765cbf98c58ea44dbd02ac2b3484f6853d5b9e672de642519fe65db4ed56db1","373577","light","1440","thv03-ops-loss","Admin / isolated rich Ops DTO","2026-09-14T20:00:47.600Z","deb4d9b688ef639913e2e2b499833eb5ad7e0edf43c14a29169c218be461f200","fcb6e1463c5b8d652fae6fbd89441b370d88f67a1281a06ae18de4b28b3c0966","","","VERIFIED_VISIBLE","scrollIntoView-safe-top","loss","additional-lower-impact","ad169b4e7daaed025a66c16fd31334e350ba745cf4ac0afd077cdd9e1dc0647a","1f6e1ae5fdf0fe1609bfbb62ec22007ff47cabd30e49f7c168bc0ccddca88d1c","116d3a5c2bf59a0a3429bb74b822f12e4c5471c4fc1afa5e86cf0b329964bd23","after","thv03-ops-rich"
"after-thv03-ops-rich","desktop-light-ops-overview.png","d71b56da114a520384bdd37180e1f20b66cd525b27bbe38276204ed0bcbf2034","349598","light","1440","thv03-ops-overview","Admin / isolated rich Ops DTO","2026-09-14T20:00:48.038Z","deb4d9b688ef639913e2e2b499833eb5ad7e0edf43c14a29169c218be461f200","fcb6e1463c5b8d652fae6fbd89441b370d88f67a1281a06ae18de4b28b3c0966","","","VERIFIED_VISIBLE","scrollIntoView-center","overview","mandatory-overview","ad169b4e7daaed025a66c16fd31334e350ba745cf4ac0afd077cdd9e1dc0647a","b649013e14acbe37379986964cbf15024e89dd1522e20b7d279fb17492e9c656","116d3a5c2bf59a0a3429bb74b822f12e4c5471c4fc1afa5e86cf0b329964bd23","after","thv03-ops-rich"
"after-thv03-ops-rich","360-dark-ops-loss-upper.png","a01f0d77ac804c9623f2b65e85371c3bf13bd2650191efdc18af0fa9362f41b2","142886","dark","360","thv03-ops-loss","Admin / isolated rich Ops DTO","2026-09-14T20:00:48.734Z","deb4d9b688ef639913e2e2b499833eb5ad7e0edf43c14a29169c218be461f200","fcb6e1463c5b8d652fae6fbd89441b370d88f67a1281a06ae18de4b28b3c0966","","","VERIFIED_VISIBLE","scrollIntoView-center","loss","mandatory-upper","ad169b4e7daaed025a66c16fd31334e350ba745cf4ac0afd077cdd9e1dc0647a","1f6e1ae5fdf0fe1609bfbb62ec22007ff47cabd30e49f7c168bc0ccddca88d1c","116d3a5c2bf59a0a3429bb74b822f12e4c5471c4fc1afa5e86cf0b329964bd23","after","thv03-ops-rich"
"after-thv03-ops-rich","360-dark-ops-loss-lower.png","3f9a9f67880bd01939ca1707fca7d60e681930f7a05c9cc82fea494989708dad","131756","dark","360","thv03-ops-loss","Admin / isolated rich Ops DTO","2026-09-14T20:00:48.974Z","deb4d9b688ef639913e2e2b499833eb5ad7e0edf43c14a29169c218be461f200","fcb6e1463c5b8d652fae6fbd89441b370d88f67a1281a06ae18de4b28b3c0966","","","VERIFIED_VISIBLE","scrollIntoView-safe-top","loss","additional-lower-impact","ad169b4e7daaed025a66c16fd31334e350ba745cf4ac0afd077cdd9e1dc0647a","1f6e1ae5fdf0fe1609bfbb62ec22007ff47cabd30e49f7c168bc0ccddca88d1c","116d3a5c2bf59a0a3429bb74b822f12e4c5471c4fc1afa5e86cf0b329964bd23","after","thv03-ops-rich"
"after-thv03-ops-rich","360-dark-ops-overview.png","3f00dfc481d392331819a45014b49c6af41452e36de50537aaefc28341ca0c2c","133758","dark","360","thv03-ops-overview","Admin / isolated rich Ops DTO","2026-09-14T20:00:49.343Z","deb4d9b688ef639913e2e2b499833eb5ad7e0edf43c14a29169c218be461f200","fcb6e1463c5b8d652fae6fbd89441b370d88f67a1281a06ae18de4b28b3c0966","","","VERIFIED_VISIBLE","scrollIntoView-center","overview","mandatory-overview","ad169b4e7daaed025a66c16fd31334e350ba745cf4ac0afd077cdd9e1dc0647a","b649013e14acbe37379986964cbf15024e89dd1522e20b7d279fb17492e9c656","116d3a5c2bf59a0a3429bb74b822f12e4c5471c4fc1afa5e86cf0b329964bd23","after","thv03-ops-rich"
"after-thv03-ops-rich","360-gray-ops-loss-upper.png","33da462192955c1c58297e45aa2c1cf815fd1010508841239bea49ea3f7d0fe8","199030","gray","360","thv03-ops-loss","Admin / isolated rich Ops DTO","2026-09-14T20:00:49.991Z","deb4d9b688ef639913e2e2b499833eb5ad7e0edf43c14a29169c218be461f200","fcb6e1463c5b8d652fae6fbd89441b370d88f67a1281a06ae18de4b28b3c0966","","","VERIFIED_VISIBLE","scrollIntoView-center","loss","mandatory-upper","ad169b4e7daaed025a66c16fd31334e350ba745cf4ac0afd077cdd9e1dc0647a","1f6e1ae5fdf0fe1609bfbb62ec22007ff47cabd30e49f7c168bc0ccddca88d1c","116d3a5c2bf59a0a3429bb74b822f12e4c5471c4fc1afa5e86cf0b329964bd23","after","thv03-ops-rich"
"after-thv03-ops-rich","360-gray-ops-loss-lower.png","d7ca5533d37ca191e32cee4282769eb92c4bae5c5acbfd2476a1291101264ed0","185618","gray","360","thv03-ops-loss","Admin / isolated rich Ops DTO","2026-09-14T20:00:50.249Z","deb4d9b688ef639913e2e2b499833eb5ad7e0edf43c14a29169c218be461f200","fcb6e1463c5b8d652fae6fbd89441b370d88f67a1281a06ae18de4b28b3c0966","","","VERIFIED_VISIBLE","scrollIntoView-safe-top","loss","additional-lower-impact","ad169b4e7daaed025a66c16fd31334e350ba745cf4ac0afd077cdd9e1dc0647a","1f6e1ae5fdf0fe1609bfbb62ec22007ff47cabd30e49f7c168bc0ccddca88d1c","116d3a5c2bf59a0a3429bb74b822f12e4c5471c4fc1afa5e86cf0b329964bd23","after","thv03-ops-rich"
"after-thv03-ops-rich","360-gray-ops-overview.png","d9d86c24b5d8776ce05827b5f39aa571d2949b1fb14681fe54743dc0fc2c126d","173552","gray","360","thv03-ops-overview","Admin / isolated rich Ops DTO","2026-09-14T20:00:50.576Z","deb4d9b688ef639913e2e2b499833eb5ad7e0edf43c14a29169c218be461f200","fcb6e1463c5b8d652fae6fbd89441b370d88f67a1281a06ae18de4b28b3c0966","","","VERIFIED_VISIBLE","scrollIntoView-center","overview","mandatory-overview","ad169b4e7daaed025a66c16fd31334e350ba745cf4ac0afd077cdd9e1dc0647a","b649013e14acbe37379986964cbf15024e89dd1522e20b7d279fb17492e9c656","116d3a5c2bf59a0a3429bb74b822f12e4c5471c4fc1afa5e86cf0b329964bd23","after","thv03-ops-rich"
"after-thv03-ops-rich","360-light-ops-loss-upper.png","ce15e72ff278675a06df03256103ac015d92fa2dac81992f229022dd23a8a054","188566","light","360","thv03-ops-loss","Admin / isolated rich Ops DTO","2026-09-14T20:00:51.244Z","deb4d9b688ef639913e2e2b499833eb5ad7e0edf43c14a29169c218be461f200","fcb6e1463c5b8d652fae6fbd89441b370d88f67a1281a06ae18de4b28b3c0966","","","VERIFIED_VISIBLE","scrollIntoView-center","loss","mandatory-upper","ad169b4e7daaed025a66c16fd31334e350ba745cf4ac0afd077cdd9e1dc0647a","1f6e1ae5fdf0fe1609bfbb62ec22007ff47cabd30e49f7c168bc0ccddca88d1c","116d3a5c2bf59a0a3429bb74b822f12e4c5471c4fc1afa5e86cf0b329964bd23","after","thv03-ops-rich"
"after-thv03-ops-rich","360-light-ops-loss-lower.png","111512d904d9c954a3b6065268a4305d95c692b2ff906c85e0045a5a9d976357","177262","light","360","thv03-ops-loss","Admin / isolated rich Ops DTO","2026-09-14T20:00:51.485Z","deb4d9b688ef639913e2e2b499833eb5ad7e0edf43c14a29169c218be461f200","fcb6e1463c5b8d652fae6fbd89441b370d88f67a1281a06ae18de4b28b3c0966","","","VERIFIED_VISIBLE","scrollIntoView-safe-top","loss","additional-lower-impact","ad169b4e7daaed025a66c16fd31334e350ba745cf4ac0afd077cdd9e1dc0647a","1f6e1ae5fdf0fe1609bfbb62ec22007ff47cabd30e49f7c168bc0ccddca88d1c","116d3a5c2bf59a0a3429bb74b822f12e4c5471c4fc1afa5e86cf0b329964bd23","after","thv03-ops-rich"
"after-thv03-ops-rich","360-light-ops-overview.png","b3c89bfd0513f0fd0181878fe0a9d91f5e6b99cd9a7c0f8b7189771128713088","167750","light","360","thv03-ops-overview","Admin / isolated rich Ops DTO","2026-09-14T20:00:51.811Z","deb4d9b688ef639913e2e2b499833eb5ad7e0edf43c14a29169c218be461f200","fcb6e1463c5b8d652fae6fbd89441b370d88f67a1281a06ae18de4b28b3c0966","","","VERIFIED_VISIBLE","scrollIntoView-center","overview","mandatory-overview","ad169b4e7daaed025a66c16fd31334e350ba745cf4ac0afd077cdd9e1dc0647a","b649013e14acbe37379986964cbf15024e89dd1522e20b7d279fb17492e9c656","116d3a5c2bf59a0a3429bb74b822f12e4c5471c4fc1afa5e86cf0b329964bd23","after","thv03-ops-rich"
"after-thv03-ops-rich","390-dark-ops-loss-upper.png","45bf630d276a388d134c082955de0c8acf7f42bc861b0d96a8fbba30d7fc553e","141408","dark","390","thv03-ops-loss","Admin / isolated rich Ops DTO","2026-09-14T20:00:52.504Z","deb4d9b688ef639913e2e2b499833eb5ad7e0edf43c14a29169c218be461f200","fcb6e1463c5b8d652fae6fbd89441b370d88f67a1281a06ae18de4b28b3c0966","","","VERIFIED_VISIBLE","scrollIntoView-center","loss","mandatory-upper","ad169b4e7daaed025a66c16fd31334e350ba745cf4ac0afd077cdd9e1dc0647a","1f6e1ae5fdf0fe1609bfbb62ec22007ff47cabd30e49f7c168bc0ccddca88d1c","116d3a5c2bf59a0a3429bb74b822f12e4c5471c4fc1afa5e86cf0b329964bd23","after","thv03-ops-rich"
"after-thv03-ops-rich","390-dark-ops-loss-lower.png","9ddd4d1dae5c5903723c035268ba2824f47e2d73d581487f5527be45b79ed38e","133562","dark","390","thv03-ops-loss","Admin / isolated rich Ops DTO","2026-09-14T20:00:52.754Z","deb4d9b688ef639913e2e2b499833eb5ad7e0edf43c14a29169c218be461f200","fcb6e1463c5b8d652fae6fbd89441b370d88f67a1281a06ae18de4b28b3c0966","","","VERIFIED_VISIBLE","scrollIntoView-safe-top","loss","additional-lower-impact","ad169b4e7daaed025a66c16fd31334e350ba745cf4ac0afd077cdd9e1dc0647a","1f6e1ae5fdf0fe1609bfbb62ec22007ff47cabd30e49f7c168bc0ccddca88d1c","116d3a5c2bf59a0a3429bb74b822f12e4c5471c4fc1afa5e86cf0b329964bd23","after","thv03-ops-rich"
"after-thv03-ops-rich","390-dark-ops-overview.png","aed7c8fcf46ed4b3fc46c87bfe58c397beb913c99d54bdd88c6f81d18df9cb00","138257","dark","390","thv03-ops-overview","Admin / isolated rich Ops DTO","2026-09-14T20:00:53.130Z","deb4d9b688ef639913e2e2b499833eb5ad7e0edf43c14a29169c218be461f200","fcb6e1463c5b8d652fae6fbd89441b370d88f67a1281a06ae18de4b28b3c0966","","","VERIFIED_VISIBLE","scrollIntoView-center","overview","mandatory-overview","ad169b4e7daaed025a66c16fd31334e350ba745cf4ac0afd077cdd9e1dc0647a","b649013e14acbe37379986964cbf15024e89dd1522e20b7d279fb17492e9c656","116d3a5c2bf59a0a3429bb74b822f12e4c5471c4fc1afa5e86cf0b329964bd23","after","thv03-ops-rich"
"after-thv03-ops-rich","390-gray-ops-loss-upper.png","61a5c70dba03529358e3092884b0acdbe5658c9d205ec2f40ca8d77176cb7410","201569","gray","390","thv03-ops-loss","Admin / isolated rich Ops DTO","2026-09-14T20:00:53.843Z","deb4d9b688ef639913e2e2b499833eb5ad7e0edf43c14a29169c218be461f200","fcb6e1463c5b8d652fae6fbd89441b370d88f67a1281a06ae18de4b28b3c0966","","","VERIFIED_VISIBLE","scrollIntoView-center","loss","mandatory-upper","ad169b4e7daaed025a66c16fd31334e350ba745cf4ac0afd077cdd9e1dc0647a","1f6e1ae5fdf0fe1609bfbb62ec22007ff47cabd30e49f7c168bc0ccddca88d1c","116d3a5c2bf59a0a3429bb74b822f12e4c5471c4fc1afa5e86cf0b329964bd23","after","thv03-ops-rich"
"after-thv03-ops-rich","390-gray-ops-loss-lower.png","403d43cbb209846853b64023c7f6b4be006e5e81c8659929af2d0930126398e8","184969","gray","390","thv03-ops-loss","Admin / isolated rich Ops DTO","2026-09-14T20:00:54.093Z","deb4d9b688ef639913e2e2b499833eb5ad7e0edf43c14a29169c218be461f200","fcb6e1463c5b8d652fae6fbd89441b370d88f67a1281a06ae18de4b28b3c0966","","","VERIFIED_VISIBLE","scrollIntoView-safe-top","loss","additional-lower-impact","ad169b4e7daaed025a66c16fd31334e350ba745cf4ac0afd077cdd9e1dc0647a","1f6e1ae5fdf0fe1609bfbb62ec22007ff47cabd30e49f7c168bc0ccddca88d1c","116d3a5c2bf59a0a3429bb74b822f12e4c5471c4fc1afa5e86cf0b329964bd23","after","thv03-ops-rich"
"after-thv03-ops-rich","390-gray-ops-overview.png","bebc942dbc8216326d375f2ba3f2bb68c72553e37c0231722a3fc5e78e725be2","178241","gray","390","thv03-ops-overview","Admin / isolated rich Ops DTO","2026-09-14T20:00:54.461Z","deb4d9b688ef639913e2e2b499833eb5ad7e0edf43c14a29169c218be461f200","fcb6e1463c5b8d652fae6fbd89441b370d88f67a1281a06ae18de4b28b3c0966","","","VERIFIED_VISIBLE","scrollIntoView-center","overview","mandatory-overview","ad169b4e7daaed025a66c16fd31334e350ba745cf4ac0afd077cdd9e1dc0647a","b649013e14acbe37379986964cbf15024e89dd1522e20b7d279fb17492e9c656","116d3a5c2bf59a0a3429bb74b822f12e4c5471c4fc1afa5e86cf0b329964bd23","after","thv03-ops-rich"
"after-thv03-ops-rich","390-light-ops-loss-upper.png","4bf8d0b8faf0db800f794df19f7a8326a7da03b230b6a234456145b1d6188622","191700","light","390","thv03-ops-loss","Admin / isolated rich Ops DTO","2026-09-14T20:00:55.128Z","deb4d9b688ef639913e2e2b499833eb5ad7e0edf43c14a29169c218be461f200","fcb6e1463c5b8d652fae6fbd89441b370d88f67a1281a06ae18de4b28b3c0966","","","VERIFIED_VISIBLE","scrollIntoView-center","loss","mandatory-upper","ad169b4e7daaed025a66c16fd31334e350ba745cf4ac0afd077cdd9e1dc0647a","1f6e1ae5fdf0fe1609bfbb62ec22007ff47cabd30e49f7c168bc0ccddca88d1c","116d3a5c2bf59a0a3429bb74b822f12e4c5471c4fc1afa5e86cf0b329964bd23","after","thv03-ops-rich"
"after-thv03-ops-rich","390-light-ops-loss-lower.png","09a038317fa44e346b2fa8ea41efe2b0f1ad8bb400da33b426180200fcb9f028","177588","light","390","thv03-ops-loss","Admin / isolated rich Ops DTO","2026-09-14T20:00:55.370Z","deb4d9b688ef639913e2e2b499833eb5ad7e0edf43c14a29169c218be461f200","fcb6e1463c5b8d652fae6fbd89441b370d88f67a1281a06ae18de4b28b3c0966","","","VERIFIED_VISIBLE","scrollIntoView-safe-top","loss","additional-lower-impact","ad169b4e7daaed025a66c16fd31334e350ba745cf4ac0afd077cdd9e1dc0647a","1f6e1ae5fdf0fe1609bfbb62ec22007ff47cabd30e49f7c168bc0ccddca88d1c","116d3a5c2bf59a0a3429bb74b822f12e4c5471c4fc1afa5e86cf0b329964bd23","after","thv03-ops-rich"
"after-thv03-ops-rich","390-light-ops-overview.png","a1f752abc1676fb1fea7414f0a68960373472785238d6c67e99e5fd2e3cac695","173567","light","390","thv03-ops-overview","Admin / isolated rich Ops DTO","2026-09-14T20:00:55.699Z","deb4d9b688ef639913e2e2b499833eb5ad7e0edf43c14a29169c218be461f200","fcb6e1463c5b8d652fae6fbd89441b370d88f67a1281a06ae18de4b28b3c0966","","","VERIFIED_VISIBLE","scrollIntoView-center","overview","mandatory-overview","ad169b4e7daaed025a66c16fd31334e350ba745cf4ac0afd077cdd9e1dc0647a","b649013e14acbe37379986964cbf15024e89dd1522e20b7d279fb17492e9c656","116d3a5c2bf59a0a3429bb74b822f12e4c5471c4fc1afa5e86cf0b329964bd23","after","thv03-ops-rich"
"after-thv03-ops-rich","430-dark-ops-loss-upper.png","f163e7f5a3c17f14a1033594414bb4741ec5daeb218d45866e530ef49753046a","147361","dark","430","thv03-ops-loss","Admin / isolated rich Ops DTO","2026-09-14T20:00:56.370Z","deb4d9b688ef639913e2e2b499833eb5ad7e0edf43c14a29169c218be461f200","fcb6e1463c5b8d652fae6fbd89441b370d88f67a1281a06ae18de4b28b3c0966","","","VERIFIED_VISIBLE","scrollIntoView-center","loss","mandatory-upper","ad169b4e7daaed025a66c16fd31334e350ba745cf4ac0afd077cdd9e1dc0647a","1f6e1ae5fdf0fe1609bfbb62ec22007ff47cabd30e49f7c168bc0ccddca88d1c","116d3a5c2bf59a0a3429bb74b822f12e4c5471c4fc1afa5e86cf0b329964bd23","after","thv03-ops-rich"
"after-thv03-ops-rich","430-dark-ops-loss-lower.png","1496dc73e9218cb562991feb31aad4d420e24167cc94746dca7979bab7bf301e","135642","dark","430","thv03-ops-loss","Admin / isolated rich Ops DTO","2026-09-14T20:00:56.594Z","deb4d9b688ef639913e2e2b499833eb5ad7e0edf43c14a29169c218be461f200","fcb6e1463c5b8d652fae6fbd89441b370d88f67a1281a06ae18de4b28b3c0966","","","VERIFIED_VISIBLE","scrollIntoView-safe-top","loss","additional-lower-impact","ad169b4e7daaed025a66c16fd31334e350ba745cf4ac0afd077cdd9e1dc0647a","1f6e1ae5fdf0fe1609bfbb62ec22007ff47cabd30e49f7c168bc0ccddca88d1c","116d3a5c2bf59a0a3429bb74b822f12e4c5471c4fc1afa5e86cf0b329964bd23","after","thv03-ops-rich"
"after-thv03-ops-rich","430-dark-ops-overview.png","96672d4b9d3384a9ad32c375eb8c704b533a09013a34a9fb746445f83e9226c3","160047","dark","430","thv03-ops-overview","Admin / isolated rich Ops DTO","2026-09-14T20:00:56.939Z","deb4d9b688ef639913e2e2b499833eb5ad7e0edf43c14a29169c218be461f200","fcb6e1463c5b8d652fae6fbd89441b370d88f67a1281a06ae18de4b28b3c0966","","","VERIFIED_VISIBLE","scrollIntoView-center","overview","mandatory-overview","ad169b4e7daaed025a66c16fd31334e350ba745cf4ac0afd077cdd9e1dc0647a","b649013e14acbe37379986964cbf15024e89dd1522e20b7d279fb17492e9c656","116d3a5c2bf59a0a3429bb74b822f12e4c5471c4fc1afa5e86cf0b329964bd23","after","thv03-ops-rich"
"after-thv03-ops-rich","430-gray-ops-loss-upper.png","93474a11f6b9f6b04d3f3e83b028e51bb387071b2db721e9685e8ea54afa5ec7","205031","gray","430","thv03-ops-loss","Admin / isolated rich Ops DTO","2026-09-14T20:00:57.648Z","deb4d9b688ef639913e2e2b499833eb5ad7e0edf43c14a29169c218be461f200","fcb6e1463c5b8d652fae6fbd89441b370d88f67a1281a06ae18de4b28b3c0966","","","VERIFIED_VISIBLE","scrollIntoView-center","loss","mandatory-upper","ad169b4e7daaed025a66c16fd31334e350ba745cf4ac0afd077cdd9e1dc0647a","1f6e1ae5fdf0fe1609bfbb62ec22007ff47cabd30e49f7c168bc0ccddca88d1c","116d3a5c2bf59a0a3429bb74b822f12e4c5471c4fc1afa5e86cf0b329964bd23","after","thv03-ops-rich"
"after-thv03-ops-rich","430-gray-ops-loss-lower.png","6a191fd258666b9ade42cdb3934cf525b2c6853b80beadc09dd99cb2b61ae743","185793","gray","430","thv03-ops-loss","Admin / isolated rich Ops DTO","2026-09-14T20:00:57.884Z","deb4d9b688ef639913e2e2b499833eb5ad7e0edf43c14a29169c218be461f200","fcb6e1463c5b8d652fae6fbd89441b370d88f67a1281a06ae18de4b28b3c0966","","","VERIFIED_VISIBLE","scrollIntoView-safe-top","loss","additional-lower-impact","ad169b4e7daaed025a66c16fd31334e350ba745cf4ac0afd077cdd9e1dc0647a","1f6e1ae5fdf0fe1609bfbb62ec22007ff47cabd30e49f7c168bc0ccddca88d1c","116d3a5c2bf59a0a3429bb74b822f12e4c5471c4fc1afa5e86cf0b329964bd23","after","thv03-ops-rich"
"after-thv03-ops-rich","430-gray-ops-overview.png","5d0bef8b3205dbc090cff7dd869053bd09f502679f4d6094f3707bf8a676a1b6","193258","gray","430","thv03-ops-overview","Admin / isolated rich Ops DTO","2026-09-14T20:00:58.213Z","deb4d9b688ef639913e2e2b499833eb5ad7e0edf43c14a29169c218be461f200","fcb6e1463c5b8d652fae6fbd89441b370d88f67a1281a06ae18de4b28b3c0966","","","VERIFIED_VISIBLE","scrollIntoView-center","overview","mandatory-overview","ad169b4e7daaed025a66c16fd31334e350ba745cf4ac0afd077cdd9e1dc0647a","b649013e14acbe37379986964cbf15024e89dd1522e20b7d279fb17492e9c656","116d3a5c2bf59a0a3429bb74b822f12e4c5471c4fc1afa5e86cf0b329964bd23","after","thv03-ops-rich"
"after-thv03-ops-rich","430-light-ops-loss-upper.png","c8c528ceb836c0237e734e96228c9f2ae8b2f4d7f7d7dd3247c9712fd1b3a221","197554","light","430","thv03-ops-loss","Admin / isolated rich Ops DTO","2026-09-14T20:00:58.905Z","deb4d9b688ef639913e2e2b499833eb5ad7e0edf43c14a29169c218be461f200","fcb6e1463c5b8d652fae6fbd89441b370d88f67a1281a06ae18de4b28b3c0966","","","VERIFIED_VISIBLE","scrollIntoView-center","loss","mandatory-upper","ad169b4e7daaed025a66c16fd31334e350ba745cf4ac0afd077cdd9e1dc0647a","1f6e1ae5fdf0fe1609bfbb62ec22007ff47cabd30e49f7c168bc0ccddca88d1c","116d3a5c2bf59a0a3429bb74b822f12e4c5471c4fc1afa5e86cf0b329964bd23","after","thv03-ops-rich"
"after-thv03-ops-rich","430-light-ops-loss-lower.png","ba10db465d39b863cbb5bcf05ed23e2c4a9bd04d4d203ca3df7ca179e8114519","179693","light","430","thv03-ops-loss","Admin / isolated rich Ops DTO","2026-09-14T20:00:59.145Z","deb4d9b688ef639913e2e2b499833eb5ad7e0edf43c14a29169c218be461f200","fcb6e1463c5b8d652fae6fbd89441b370d88f67a1281a06ae18de4b28b3c0966","","","VERIFIED_VISIBLE","scrollIntoView-safe-top","loss","additional-lower-impact","ad169b4e7daaed025a66c16fd31334e350ba745cf4ac0afd077cdd9e1dc0647a","1f6e1ae5fdf0fe1609bfbb62ec22007ff47cabd30e49f7c168bc0ccddca88d1c","116d3a5c2bf59a0a3429bb74b822f12e4c5471c4fc1afa5e86cf0b329964bd23","after","thv03-ops-rich"
"after-thv03-ops-rich","430-light-ops-overview.png","af5170a0c8e46c73cc2ecc51398c8e0170328d21efdbc2045911b0dd456c2e0c","188288","light","430","thv03-ops-overview","Admin / isolated rich Ops DTO","2026-09-14T20:00:59.481Z","deb4d9b688ef639913e2e2b499833eb5ad7e0edf43c14a29169c218be461f200","fcb6e1463c5b8d652fae6fbd89441b370d88f67a1281a06ae18de4b28b3c0966","","","VERIFIED_VISIBLE","scrollIntoView-center","overview","mandatory-overview","ad169b4e7daaed025a66c16fd31334e350ba745cf4ac0afd077cdd9e1dc0647a","b649013e14acbe37379986964cbf15024e89dd1522e20b7d279fb17492e9c656","116d3a5c2bf59a0a3429bb74b822f12e4c5471c4fc1afa5e86cf0b329964bd23","after","thv03-ops-rich"
"after-thv03-ops-zero","390-dark-ops-loss-zero.png","4282e8c2bfcb666080f8c02223e54fcb093df192fe1f79a455608bcd2caba31f","118145","dark","390","thv03-ops-loss-zero","Admin / isolated zero Ops DTO","2026-09-14T20:01:16.317Z","deb4d9b688ef639913e2e2b499833eb5ad7e0edf43c14a29169c218be461f200","fcb6e1463c5b8d652fae6fbd89441b370d88f67a1281a06ae18de4b28b3c0966","","","VERIFIED_VISIBLE","scrollIntoView-center","loss","additional-zero-state","","114b4115a3712ac913a5522f6e97ab967a54950ac76e4e56b84f7900a7548dc6","116d3a5c2bf59a0a3429bb74b822f12e4c5471c4fc1afa5e86cf0b329964bd23","after","thv03-ops-zero"
"after-thv03-ops-zero","390-dark-ops-overview-zero.png","dd9a6c0e08af5a1db4bcb9163d0fc4bf0f10132e5bf69a17ee665cceaa80d922","122387","dark","390","thv03-ops-overview-zero","Admin / isolated zero Ops DTO","2026-09-14T20:01:16.681Z","deb4d9b688ef639913e2e2b499833eb5ad7e0edf43c14a29169c218be461f200","fcb6e1463c5b8d652fae6fbd89441b370d88f67a1281a06ae18de4b28b3c0966","","","VERIFIED_VISIBLE","scrollIntoView-center","overview","additional-zero-state","","14a86b4e2b94a95a907207963bbe796bc2f6fcd1b78e02b4c2dd33a6ca130b78","116d3a5c2bf59a0a3429bb74b822f12e4c5471c4fc1afa5e86cf0b329964bd23","after","thv03-ops-zero"
"after-thv03-ops-zero","390-gray-ops-loss-zero.png","08239a6813496b079c7119129a061281625b4d6032b40b22749b53ea614804d7","147575","gray","390","thv03-ops-loss-zero","Admin / isolated zero Ops DTO","2026-09-14T20:01:17.485Z","deb4d9b688ef639913e2e2b499833eb5ad7e0edf43c14a29169c218be461f200","fcb6e1463c5b8d652fae6fbd89441b370d88f67a1281a06ae18de4b28b3c0966","","","VERIFIED_VISIBLE","scrollIntoView-center","loss","additional-zero-state","","114b4115a3712ac913a5522f6e97ab967a54950ac76e4e56b84f7900a7548dc6","116d3a5c2bf59a0a3429bb74b822f12e4c5471c4fc1afa5e86cf0b329964bd23","after","thv03-ops-zero"
"after-thv03-ops-zero","390-gray-ops-overview-zero.png","460fd69df0129ee2d7d5bb5ba5ddb3484ac631f1e495cda7058f2794f0502870","140857","gray","390","thv03-ops-overview-zero","Admin / isolated zero Ops DTO","2026-09-14T20:01:17.844Z","deb4d9b688ef639913e2e2b499833eb5ad7e0edf43c14a29169c218be461f200","fcb6e1463c5b8d652fae6fbd89441b370d88f67a1281a06ae18de4b28b3c0966","","","VERIFIED_VISIBLE","scrollIntoView-center","overview","additional-zero-state","","14a86b4e2b94a95a907207963bbe796bc2f6fcd1b78e02b4c2dd33a6ca130b78","116d3a5c2bf59a0a3429bb74b822f12e4c5471c4fc1afa5e86cf0b329964bd23","after","thv03-ops-zero"
"after-thv03-ops-zero","390-light-ops-loss-zero.png","412d0f28faef440c554ef79636bac47b92cf02b4d049b488d0c4f2eb9836dae3","139454","light","390","thv03-ops-loss-zero","Admin / isolated zero Ops DTO","2026-09-14T20:01:18.538Z","deb4d9b688ef639913e2e2b499833eb5ad7e0edf43c14a29169c218be461f200","fcb6e1463c5b8d652fae6fbd89441b370d88f67a1281a06ae18de4b28b3c0966","","","VERIFIED_VISIBLE","scrollIntoView-center","loss","additional-zero-state","","114b4115a3712ac913a5522f6e97ab967a54950ac76e4e56b84f7900a7548dc6","116d3a5c2bf59a0a3429bb74b822f12e4c5471c4fc1afa5e86cf0b329964bd23","after","thv03-ops-zero"
"after-thv03-ops-zero","390-light-ops-overview-zero.png","c448a82b17db457e7a1a2712cc6b5ba7e6a2cdf3cf8fc4c7b9c995fad8aa269b","135553","light","390","thv03-ops-overview-zero","Admin / isolated zero Ops DTO","2026-09-14T20:01:18.862Z","deb4d9b688ef639913e2e2b499833eb5ad7e0edf43c14a29169c218be461f200","fcb6e1463c5b8d652fae6fbd89441b370d88f67a1281a06ae18de4b28b3c0966","","","VERIFIED_VISIBLE","scrollIntoView-center","overview","additional-zero-state","","14a86b4e2b94a95a907207963bbe796bc2f6fcd1b78e02b4c2dd33a6ca130b78","116d3a5c2bf59a0a3429bb74b822f12e4c5471c4fc1afa5e86cf0b329964bd23","after","thv03-ops-zero"
