"evidenceDir","phase","part","view","theme","width","cardCount","nestedLossCardCount","gridColumns","pseudoActiveCount","decorationOverlapCount","textOverlapCount","clippedCount","fragmentedWordCount","metricSetFingerprint","fixtureFingerprint","queryFingerprint"
"before-thv03-ops-rich","before","thv03-ops-rich","loss","dark","1440","25","17","4","17","0","0","25","0","1f6e1ae5fdf0fe1609bfbb62ec22007ff47cabd30e49f7c168bc0ccddca88d1c","ad169b4e7daaed025a66c16fd31334e350ba745cf4ac0afd077cdd9e1dc0647a","116d3a5c2bf59a0a3429bb74b822f12e4c5471c4fc1afa5e86cf0b329964bd23"
"before-thv03-ops-rich","before","thv03-ops-rich","overview","dark","1440","10","0","4","0","0","0","10","0","b649013e14acbe37379986964cbf15024e89dd1522e20b7d279fb17492e9c656","ad169b4e7daaed025a66c16fd31334e350ba745cf4ac0afd077cdd9e1dc0647a","116d3a5c2bf59a0a3429bb74b822f12e4c5471c4fc1afa5e86cf0b329964bd23"
"before-thv03-ops-rich","before","thv03-ops-rich","loss","gray","1440","25","17","4","17","0","0","25","0","1f6e1ae5fdf0fe1609bfbb62ec22007ff47cabd30e49f7c168bc0ccddca88d1c","ad169b4e7daaed025a66c16fd31334e350ba745cf4ac0afd077cdd9e1dc0647a","116d3a5c2bf59a0a3429bb74b822f12e4c5471c4fc1afa5e86cf0b329964bd23"
"before-thv03-ops-rich","before","thv03-ops-rich","overview","gray","1440","10","0","4","0","0","0","10","0","b649013e14acbe37379986964cbf15024e89dd1522e20b7d279fb17492e9c656","ad169b4e7daaed025a66c16fd31334e350ba745cf4ac0afd077cdd9e1dc0647a","116d3a5c2bf59a0a3429bb74b822f12e4c5471c4fc1afa5e86cf0b329964bd23"
"before-thv03-ops-rich","before","thv03-ops-rich","loss","light","1440","25","17","4","17","0","0","25","0","1f6e1ae5fdf0fe1609bfbb62ec22007ff47cabd30e49f7c168bc0ccddca88d1c","ad169b4e7daaed025a66c16fd31334e350ba745cf4ac0afd077cdd9e1dc0647a","116d3a5c2bf59a0a3429bb74b822f12e4c5471c4fc1afa5e86cf0b329964bd23"
"before-thv03-ops-rich","before","thv03-ops-rich","overview","light","1440","10","0","4","0","0","0","10","0","b649013e14acbe37379986964cbf15024e89dd1522e20b7d279fb17492e9c656","ad169b4e7daaed025a66c16fd31334e350ba745cf4ac0afd077cdd9e1dc0647a","116d3a5c2bf59a0a3429bb74b822f12e4c5471c4fc1afa5e86cf0b329964bd23"
"before-thv03-ops-rich","before","thv03-ops-rich","loss","dark","360","25","17","2","17","17","0","25","0","1f6e1ae5fdf0fe1609bfbb62ec22007ff47cabd30e49f7c168bc0ccddca88d1c","ad169b4e7daaed025a66c16fd31334e350ba745cf4ac0afd077cdd9e1dc0647a","116d3a5c2bf59a0a3429bb74b822f12e4c5471c4fc1afa5e86cf0b329964bd23"
"before-thv03-ops-rich","before","thv03-ops-rich","overview","dark","360","10","0","4","0","0","0","10","0","b649013e14acbe37379986964cbf15024e89dd1522e20b7d279fb17492e9c656","ad169b4e7daaed025a66c16fd31334e350ba745cf4ac0afd077cdd9e1dc0647a","116d3a5c2bf59a0a3429bb74b822f12e4c5471c4fc1afa5e86cf0b329964bd23"
"before-thv03-ops-rich","before","thv03-ops-rich","loss","gray","360","25","17","2","17","17","0","25","0","1f6e1ae5fdf0fe1609bfbb62ec22007ff47cabd30e49f7c168bc0ccddca88d1c","ad169b4e7daaed025a66c16fd31334e350ba745cf4ac0afd077cdd9e1dc0647a","116d3a5c2bf59a0a3429bb74b822f12e4c5471c4fc1afa5e86cf0b329964bd23"
"before-thv03-ops-rich","before","thv03-ops-rich","overview","gray","360","10","0","4","0","0","0","10","0","b649013e14acbe37379986964cbf15024e89dd1522e20b7d279fb17492e9c656","ad169b4e7daaed025a66c16fd31334e350ba745cf4ac0afd077cdd9e1dc0647a","116d3a5c2bf59a0a3429bb74b822f12e4c5471c4fc1afa5e86cf0b329964bd23"
"before-thv03-ops-rich","before","thv03-ops-rich","loss","light","360","25","17","2","17","17","0","25","0","1f6e1ae5fdf0fe1609bfbb62ec22007ff47cabd30e49f7c168bc0ccddca88d1c","ad169b4e7daaed025a66c16fd31334e350ba745cf4ac0afd077cdd9e1dc0647a","116d3a5c2bf59a0a3429bb74b822f12e4c5471c4fc1afa5e86cf0b329964bd23"
"before-thv03-ops-rich","before","thv03-ops-rich","overview","light","360","10","0","4","0","0","0","10","0","b649013e14acbe37379986964cbf15024e89dd1522e20b7d279fb17492e9c656","ad169b4e7daaed025a66c16fd31334e350ba745cf4ac0afd077cdd9e1dc0647a","116d3a5c2bf59a0a3429bb74b822f12e4c5471c4fc1afa5e86cf0b329964bd23"
"before-thv03-ops-rich","before","thv03-ops-rich","loss","dark","390","25","17","2","17","17","0","25","0","1f6e1ae5fdf0fe1609bfbb62ec22007ff47cabd30e49f7c168bc0ccddca88d1c","ad169b4e7daaed025a66c16fd31334e350ba745cf4ac0afd077cdd9e1dc0647a","116d3a5c2bf59a0a3429bb74b822f12e4c5471c4fc1afa5e86cf0b329964bd23"
"before-thv03-ops-rich","before","thv03-ops-rich","overview","dark","390","10","0","4","0","0","0","10","0","b649013e14acbe37379986964cbf15024e89dd1522e20b7d279fb17492e9c656","ad169b4e7daaed025a66c16fd31334e350ba745cf4ac0afd077cdd9e1dc0647a","116d3a5c2bf59a0a3429bb74b822f12e4c5471c4fc1afa5e86cf0b329964bd23"
"before-thv03-ops-rich","before","thv03-ops-rich","loss","gray","390","25","17","2","17","17","0","25","0","1f6e1ae5fdf0fe1609bfbb62ec22007ff47cabd30e49f7c168bc0ccddca88d1c","ad169b4e7daaed025a66c16fd31334e350ba745cf4ac0afd077cdd9e1dc0647a","116d3a5c2bf59a0a3429bb74b822f12e4c5471c4fc1afa5e86cf0b329964bd23"
"before-thv03-ops-rich","before","thv03-ops-rich","overview","gray","390","10","0","4","0","0","0","10","0","b649013e14acbe37379986964cbf15024e89dd1522e20b7d279fb17492e9c656","ad169b4e7daaed025a66c16fd31334e350ba745cf4ac0afd077cdd9e1dc0647a","116d3a5c2bf59a0a3429bb74b822f12e4c5471c4fc1afa5e86cf0b329964bd23"
"before-thv03-ops-rich","before","thv03-ops-rich","loss","light","390","25","17","2","17","17","0","25","0","1f6e1ae5fdf0fe1609bfbb62ec22007ff47cabd30e49f7c168bc0ccddca88d1c","ad169b4e7daaed025a66c16fd31334e350ba745cf4ac0afd077cdd9e1dc0647a","116d3a5c2bf59a0a3429bb74b822f12e4c5471c4fc1afa5e86cf0b329964bd23"
"before-thv03-ops-rich","before","thv03-ops-rich","overview","light","390","10","0","4","0","0","0","10","0","b649013e14acbe37379986964cbf15024e89dd1522e20b7d279fb17492e9c656","ad169b4e7daaed025a66c16fd31334e350ba745cf4ac0afd077cdd9e1dc0647a","116d3a5c2bf59a0a3429bb74b822f12e4c5471c4fc1afa5e86cf0b329964bd23"
"before-thv03-ops-rich","before","thv03-ops-rich","loss","dark","430","25","17","2","17","17","0","25","0","1f6e1ae5fdf0fe1609bfbb62ec22007ff47cabd30e49f7c168bc0ccddca88d1c","ad169b4e7daaed025a66c16fd31334e350ba745cf4ac0afd077cdd9e1dc0647a","116d3a5c2bf59a0a3429bb74b822f12e4c5471c4fc1afa5e86cf0b329964bd23"
"before-thv03-ops-rich","before","thv03-ops-rich","overview","dark","430","10","0","4","0","0","0","10","0","b649013e14acbe37379986964cbf15024e89dd1522e20b7d279fb17492e9c656","ad169b4e7daaed025a66c16fd31334e350ba745cf4ac0afd077cdd9e1dc0647a","116d3a5c2bf59a0a3429bb74b822f12e4c5471c4fc1afa5e86cf0b329964bd23"
"before-thv03-ops-rich","before","thv03-ops-rich","loss","gray","430","25","17","2","17","17","0","25","0","1f6e1ae5fdf0fe1609bfbb62ec22007ff47cabd30e49f7c168bc0ccddca88d1c","ad169b4e7daaed025a66c16fd31334e350ba745cf4ac0afd077cdd9e1dc0647a","116d3a5c2bf59a0a3429bb74b822f12e4c5471c4fc1afa5e86cf0b329964bd23"
"before-thv03-ops-rich","before","thv03-ops-rich","overview","gray","430","10","0","4","0","0","0","10","0","b649013e14acbe37379986964cbf15024e89dd1522e20b7d279fb17492e9c656","ad169b4e7daaed025a66c16fd31334e350ba745cf4ac0afd077cdd9e1dc0647a","116d3a5c2bf59a0a3429bb74b822f12e4c5471c4fc1afa5e86cf0b329964bd23"
"before-thv03-ops-rich","before","thv03-ops-rich","loss","light","430","25","17","2","17","17","0","25","0","1f6e1ae5fdf0fe1609bfbb62ec22007ff47cabd30e49f7c168bc0ccddca88d1c","ad169b4e7daaed025a66c16fd31334e350ba745cf4ac0afd077cdd9e1dc0647a","116d3a5c2bf59a0a3429bb74b822f12e4c5471c4fc1afa5e86cf0b329964bd23"
"before-thv03-ops-rich","before","thv03-ops-rich","overview","light","430","10","0","4","0","0","0","10","0","b649013e14acbe37379986964cbf15024e89dd1522e20b7d279fb17492e9c656","ad169b4e7daaed025a66c16fd31334e350ba745cf4ac0afd077cdd9e1dc0647a","116d3a5c2bf59a0a3429bb74b822f12e4c5471c4fc1afa5e86cf0b329964bd23"
"before-thv03-ops-zero","before","thv03-ops-zero","loss","dark","390","25","17","2","17","17","0","25","0","114b4115a3712ac913a5522f6e97ab967a54950ac76e4e56b84f7900a7548dc6","ad169b4e7daaed025a66c16fd31334e350ba745cf4ac0afd077cdd9e1dc0647a","116d3a5c2bf59a0a3429bb74b822f12e4c5471c4fc1afa5e86cf0b329964bd23"
"before-thv03-ops-zero","before","thv03-ops-zero","overview","dark","390","10","0","4","0","0","0","10","0","14a86b4e2b94a95a907207963bbe796bc2f6fcd1b78e02b4c2dd33a6ca130b78","ad169b4e7daaed025a66c16fd31334e350ba745cf4ac0afd077cdd9e1dc0647a","116d3a5c2bf59a0a3429bb74b822f12e4c5471c4fc1afa5e86cf0b329964bd23"
"before-thv03-ops-zero","before","thv03-ops-zero","loss","gray","390","25","17","2","17","17","0","25","0","114b4115a3712ac913a5522f6e97ab967a54950ac76e4e56b84f7900a7548dc6","ad169b4e7daaed025a66c16fd31334e350ba745cf4ac0afd077cdd9e1dc0647a","116d3a5c2bf59a0a3429bb74b822f12e4c5471c4fc1afa5e86cf0b329964bd23"
"before-thv03-ops-zero","before","thv03-ops-zero","overview","gray","390","10","0","4","0","0","0","10","0","14a86b4e2b94a95a907207963bbe796bc2f6fcd1b78e02b4c2dd33a6ca130b78","ad169b4e7daaed025a66c16fd31334e350ba745cf4ac0afd077cdd9e1dc0647a","116d3a5c2bf59a0a3429bb74b822f12e4c5471c4fc1afa5e86cf0b329964bd23"
"before-thv03-ops-zero","before","thv03-ops-zero","loss","light","390","25","17","2","17","17","0","25","0","114b4115a3712ac913a5522f6e97ab967a54950ac76e4e56b84f7900a7548dc6","ad169b4e7daaed025a66c16fd31334e350ba745cf4ac0afd077cdd9e1dc0647a","116d3a5c2bf59a0a3429bb74b822f12e4c5471c4fc1afa5e86cf0b329964bd23"
"before-thv03-ops-zero","before","thv03-ops-zero","overview","light","390","10","0","4","0","0","0","10","0","14a86b4e2b94a95a907207963bbe796bc2f6fcd1b78e02b4c2dd33a6ca130b78","ad169b4e7daaed025a66c16fd31334e350ba745cf4ac0afd077cdd9e1dc0647a","116d3a5c2bf59a0a3429bb74b822f12e4c5471c4fc1afa5e86cf0b329964bd23"
"after-thv03-ops-rich","after","thv03-ops-rich","loss","dark","1440","25","17","4","0","0","0","0","0","1f6e1ae5fdf0fe1609bfbb62ec22007ff47cabd30e49f7c168bc0ccddca88d1c","ad169b4e7daaed025a66c16fd31334e350ba745cf4ac0afd077cdd9e1dc0647a","116d3a5c2bf59a0a3429bb74b822f12e4c5471c4fc1afa5e86cf0b329964bd23"
"after-thv03-ops-rich","after","thv03-ops-rich","overview","dark","1440","10","0","4","0","0","0","0","0","b649013e14acbe37379986964cbf15024e89dd1522e20b7d279fb17492e9c656","ad169b4e7daaed025a66c16fd31334e350ba745cf4ac0afd077cdd9e1dc0647a","116d3a5c2bf59a0a3429bb74b822f12e4c5471c4fc1afa5e86cf0b329964bd23"
"after-thv03-ops-rich","after","thv03-ops-rich","loss","gray","1440","25","17","4","0","0","0","0","0","1f6e1ae5fdf0fe1609bfbb62ec22007ff47cabd30e49f7c168bc0ccddca88d1c","ad169b4e7daaed025a66c16fd31334e350ba745cf4ac0afd077cdd9e1dc0647a","116d3a5c2bf59a0a3429bb74b822f12e4c5471c4fc1afa5e86cf0b329964bd23"
"after-thv03-ops-rich","after","thv03-ops-rich","overview","gray","1440","10","0","4","0","0","0","0","0","b649013e14acbe37379986964cbf15024e89dd1522e20b7d279fb17492e9c656","ad169b4e7daaed025a66c16fd31334e350ba745cf4ac0afd077cdd9e1dc0647a","116d3a5c2bf59a0a3429bb74b822f12e4c5471c4fc1afa5e86cf0b329964bd23"
"after-thv03-ops-rich","after","thv03-ops-rich","loss","light","1440","25","17","4","0","0","0","0","0","1f6e1ae5fdf0fe1609bfbb62ec22007ff47cabd30e49f7c168bc0ccddca88d1c","ad169b4e7daaed025a66c16fd31334e350ba745cf4ac0afd077cdd9e1dc0647a","116d3a5c2bf59a0a3429bb74b822f12e4c5471c4fc1afa5e86cf0b329964bd23"
"after-thv03-ops-rich","after","thv03-ops-rich","overview","light","1440","10","0","4","0","0","0","0","0","b649013e14acbe37379986964cbf15024e89dd1522e20b7d279fb17492e9c656","ad169b4e7daaed025a66c16fd31334e350ba745cf4ac0afd077cdd9e1dc0647a","116d3a5c2bf59a0a3429bb74b822f12e4c5471c4fc1afa5e86cf0b329964bd23"
"after-thv03-ops-rich","after","thv03-ops-rich","loss","dark","360","25","17","2","0","0","0","0","0","1f6e1ae5fdf0fe1609bfbb62ec22007ff47cabd30e49f7c168bc0ccddca88d1c","ad169b4e7daaed025a66c16fd31334e350ba745cf4ac0afd077cdd9e1dc0647a","116d3a5c2bf59a0a3429bb74b822f12e4c5471c4fc1afa5e86cf0b329964bd23"
"after-thv03-ops-rich","after","thv03-ops-rich","overview","dark","360","10","0","2","0","0","0","0","0","b649013e14acbe37379986964cbf15024e89dd1522e20b7d279fb17492e9c656","ad169b4e7daaed025a66c16fd31334e350ba745cf4ac0afd077cdd9e1dc0647a","116d3a5c2bf59a0a3429bb74b822f12e4c5471c4fc1afa5e86cf0b329964bd23"
"after-thv03-ops-rich","after","thv03-ops-rich","loss","gray","360","25","17","2","0","0","0","0","0","1f6e1ae5fdf0fe1609bfbb62ec22007ff47cabd30e49f7c168bc0ccddca88d1c","ad169b4e7daaed025a66c16fd31334e350ba745cf4ac0afd077cdd9e1dc0647a","116d3a5c2bf59a0a3429bb74b822f12e4c5471c4fc1afa5e86cf0b329964bd23"
"after-thv03-ops-rich","after","thv03-ops-rich","overview","gray","360","10","0","2","0","0","0","0","0","b649013e14acbe37379986964cbf15024e89dd1522e20b7d279fb17492e9c656","ad169b4e7daaed025a66c16fd31334e350ba745cf4ac0afd077cdd9e1dc0647a","116d3a5c2bf59a0a3429bb74b822f12e4c5471c4fc1afa5e86cf0b329964bd23"
"after-thv03-ops-rich","after","thv03-ops-rich","loss","light","360","25","17","2","0","0","0","0","0","1f6e1ae5fdf0fe1609bfbb62ec22007ff47cabd30e49f7c168bc0ccddca88d1c","ad169b4e7daaed025a66c16fd31334e350ba745cf4ac0afd077cdd9e1dc0647a","116d3a5c2bf59a0a3429bb74b822f12e4c5471c4fc1afa5e86cf0b329964bd23"
"after-thv03-ops-rich","after","thv03-ops-rich","overview","light","360","10","0","2","0","0","0","0","0","b649013e14acbe37379986964cbf15024e89dd1522e20b7d279fb17492e9c656","ad169b4e7daaed025a66c16fd31334e350ba745cf4ac0afd077cdd9e1dc0647a","116d3a5c2bf59a0a3429bb74b822f12e4c5471c4fc1afa5e86cf0b329964bd23"
"after-thv03-ops-rich","after","thv03-ops-rich","loss","dark","390","25","17","2","0","0","0","0","0","1f6e1ae5fdf0fe1609bfbb62ec22007ff47cabd30e49f7c168bc0ccddca88d1c","ad169b4e7daaed025a66c16fd31334e350ba745cf4ac0afd077cdd9e1dc0647a","116d3a5c2bf59a0a3429bb74b822f12e4c5471c4fc1afa5e86cf0b329964bd23"
"after-thv03-ops-rich","after","thv03-ops-rich","overview","dark","390","10","0","2","0","0","0","0","0","b649013e14acbe37379986964cbf15024e89dd1522e20b7d279fb17492e9c656","ad169b4e7daaed025a66c16fd31334e350ba745cf4ac0afd077cdd9e1dc0647a","116d3a5c2bf59a0a3429bb74b822f12e4c5471c4fc1afa5e86cf0b329964bd23"
"after-thv03-ops-rich","after","thv03-ops-rich","loss","gray","390","25","17","2","0","0","0","0","0","1f6e1ae5fdf0fe1609bfbb62ec22007ff47cabd30e49f7c168bc0ccddca88d1c","ad169b4e7daaed025a66c16fd31334e350ba745cf4ac0afd077cdd9e1dc0647a","116d3a5c2bf59a0a3429bb74b822f12e4c5471c4fc1afa5e86cf0b329964bd23"
"after-thv03-ops-rich","after","thv03-ops-rich","overview","gray","390","10","0","2","0","0","0","0","0","b649013e14acbe37379986964cbf15024e89dd1522e20b7d279fb17492e9c656","ad169b4e7daaed025a66c16fd31334e350ba745cf4ac0afd077cdd9e1dc0647a","116d3a5c2bf59a0a3429bb74b822f12e4c5471c4fc1afa5e86cf0b329964bd23"
"after-thv03-ops-rich","after","thv03-ops-rich","loss","light","390","25","17","2","0","0","0","0","0","1f6e1ae5fdf0fe1609bfbb62ec22007ff47cabd30e49f7c168bc0ccddca88d1c","ad169b4e7daaed025a66c16fd31334e350ba745cf4ac0afd077cdd9e1dc0647a","116d3a5c2bf59a0a3429bb74b822f12e4c5471c4fc1afa5e86cf0b329964bd23"
"after-thv03-ops-rich","after","thv03-ops-rich","overview","light","390","10","0","2","0","0","0","0","0","b649013e14acbe37379986964cbf15024e89dd1522e20b7d279fb17492e9c656","ad169b4e7daaed025a66c16fd31334e350ba745cf4ac0afd077cdd9e1dc0647a","116d3a5c2bf59a0a3429bb74b822f12e4c5471c4fc1afa5e86cf0b329964bd23"
"after-thv03-ops-rich","after","thv03-ops-rich","loss","dark","430","25","17","2","0","0","0","0","0","1f6e1ae5fdf0fe1609bfbb62ec22007ff47cabd30e49f7c168bc0ccddca88d1c","ad169b4e7daaed025a66c16fd31334e350ba745cf4ac0afd077cdd9e1dc0647a","116d3a5c2bf59a0a3429bb74b822f12e4c5471c4fc1afa5e86cf0b329964bd23"
"after-thv03-ops-rich","after","thv03-ops-rich","overview","dark","430","10","0","2","0","0","0","0","0","b649013e14acbe37379986964cbf15024e89dd1522e20b7d279fb17492e9c656","ad169b4e7daaed025a66c16fd31334e350ba745cf4ac0afd077cdd9e1dc0647a","116d3a5c2bf59a0a3429bb74b822f12e4c5471c4fc1afa5e86cf0b329964bd23"
"after-thv03-ops-rich","after","thv03-ops-rich","loss","gray","430","25","17","2","0","0","0","0","0","1f6e1ae5fdf0fe1609bfbb62ec22007ff47cabd30e49f7c168bc0ccddca88d1c","ad169b4e7daaed025a66c16fd31334e350ba745cf4ac0afd077cdd9e1dc0647a","116d3a5c2bf59a0a3429bb74b822f12e4c5471c4fc1afa5e86cf0b329964bd23"
"after-thv03-ops-rich","after","thv03-ops-rich","overview","gray","430","10","0","2","0","0","0","0","0","b649013e14acbe37379986964cbf15024e89dd1522e20b7d279fb17492e9c656","ad169b4e7daaed025a66c16fd31334e350ba745cf4ac0afd077cdd9e1dc0647a","116d3a5c2bf59a0a3429bb74b822f12e4c5471c4fc1afa5e86cf0b329964bd23"
"after-thv03-ops-rich","after","thv03-ops-rich","loss","light","430","25","17","2","0","0","0","0","0","1f6e1ae5fdf0fe1609bfbb62ec22007ff47cabd30e49f7c168bc0ccddca88d1c","ad169b4e7daaed025a66c16fd31334e350ba745cf4ac0afd077cdd9e1dc0647a","116d3a5c2bf59a0a3429bb74b822f12e4c5471c4fc1afa5e86cf0b329964bd23"
"after-thv03-ops-rich","after","thv03-ops-rich","overview","light","430","10","0","2","0","0","0","0","0","b649013e14acbe37379986964cbf15024e89dd1522e20b7d279fb17492e9c656","ad169b4e7daaed025a66c16fd31334e350ba745cf4ac0afd077cdd9e1dc0647a","116d3a5c2bf59a0a3429bb74b822f12e4c5471c4fc1afa5e86cf0b329964bd23"
"after-thv03-ops-zero","after","thv03-ops-zero","loss","dark","390","25","17","2","0","0","0","0","0","114b4115a3712ac913a5522f6e97ab967a54950ac76e4e56b84f7900a7548dc6","ad169b4e7daaed025a66c16fd31334e350ba745cf4ac0afd077cdd9e1dc0647a","116d3a5c2bf59a0a3429bb74b822f12e4c5471c4fc1afa5e86cf0b329964bd23"
"after-thv03-ops-zero","after","thv03-ops-zero","overview","dark","390","10","0","2","0","0","0","0","0","14a86b4e2b94a95a907207963bbe796bc2f6fcd1b78e02b4c2dd33a6ca130b78","ad169b4e7daaed025a66c16fd31334e350ba745cf4ac0afd077cdd9e1dc0647a","116d3a5c2bf59a0a3429bb74b822f12e4c5471c4fc1afa5e86cf0b329964bd23"
"after-thv03-ops-zero","after","thv03-ops-zero","loss","gray","390","25","17","2","0","0","0","0","0","114b4115a3712ac913a5522f6e97ab967a54950ac76e4e56b84f7900a7548dc6","ad169b4e7daaed025a66c16fd31334e350ba745cf4ac0afd077cdd9e1dc0647a","116d3a5c2bf59a0a3429bb74b822f12e4c5471c4fc1afa5e86cf0b329964bd23"
"after-thv03-ops-zero","after","thv03-ops-zero","overview","gray","390","10","0","2","0","0","0","0","0","14a86b4e2b94a95a907207963bbe796bc2f6fcd1b78e02b4c2dd33a6ca130b78","ad169b4e7daaed025a66c16fd31334e350ba745cf4ac0afd077cdd9e1dc0647a","116d3a5c2bf59a0a3429bb74b822f12e4c5471c4fc1afa5e86cf0b329964bd23"
"after-thv03-ops-zero","after","thv03-ops-zero","loss","light","390","25","17","2","0","0","0","0","0","114b4115a3712ac913a5522f6e97ab967a54950ac76e4e56b84f7900a7548dc6","ad169b4e7daaed025a66c16fd31334e350ba745cf4ac0afd077cdd9e1dc0647a","116d3a5c2bf59a0a3429bb74b822f12e4c5471c4fc1afa5e86cf0b329964bd23"
"after-thv03-ops-zero","after","thv03-ops-zero","overview","light","390","10","0","2","0","0","0","0","0","14a86b4e2b94a95a907207963bbe796bc2f6fcd1b78e02b4c2dd33a6ca130b78","ad169b4e7daaed025a66c16fd31334e350ba745cf4ac0afd077cdd9e1dc0647a","116d3a5c2bf59a0a3429bb74b822f12e4c5471c4fc1afa5e86cf0b329964bd23"
