"path","bytes","sha256"
"applied-harness.diff","27397","803f68b6fb67964a25d68c2fc07f0e587b4ec72a8fc76d2cb672c722b8842743"
"applied-product.diff","3545","7b37217ca8ec0172ea5ce147244637ee26b9663bc76e9c13d99fe4025885906c"
"baseline-source/OpsAuditScreen.tsx","38396","4210450bd2c9aa1822e6ae720dbb2332705747c9746993c8c2571541333abbe6"
"baseline-source/styles.css","445536","a11237e29ee59a56356218c13289686c55eda6cf236a34716bc35d2eca124eb7"
"baseline-source/three-themes.spec.ts","92273","62f28fb8286f29f68918f4d5b0f0846d517fd04ef388e03ff6dbd34e914e394d"
"changed-files.txt","643","babacf281eeb3168cd92c1e4a7b4a2fd855bbe1d061ffb16b335ff47bc5edd3e"
"evidence-index.csv","55280","860581645e9db98446196d5863477836ff180cc1ba55d5701387ddf18ff4eed5"
"failure-retention.md","1582","4cd3b603e9bc103747bb8c56cff9ddc76fbb07fdeb1f4951350b59dcebf9fcb2"
"final-report.md","6758","110763a219c758ec247e99a06800db57f88166973a22ad5431bc3e5c23233e33"
"final-source/OpsAuditScreen.tsx","38438","88a3535fa17d3b1344641a922302c677e3d3df5e2e01a3db5f30117074c081a0"
"final-source/styles.css","447125","deb4d9b688ef639913e2e2b499833eb5ad7e0edf43c14a29169c218be461f200"
"final-source/three-themes.spec.ts","114069","fcb6e1463c5b8d652fae6fbd89441b370d88f67a1281a06ae18de4b28b3c0966"
"full-applied.diff","30942","552166a259f8de1c986cb7d5d3e7df9aef2ae9bcbf7838dc4ca29224d9cb10df"
"input-source/originals/390-gray-ops-1.png","564308","bdaf78ce4b2f5158aa315c69a31bc80ee4e222f3b2c772a9d95903b696135f3e"
"input-source/originals/390-gray-ops-2.png","177349","11b0dc237ccf6809fc706d543dfb47f54291f9185e18caa156f086201ab748bf"
"input-source/originals/390-light-ops-1.png","541049","ab1e88e9d46fdf18565cbd7c6a96d629a8413b4c2031e1aab5e16aa89a1a0778"
"input-source/originals/390-light-ops-2.png","167084","d34579ba5aff98165ab2975483ff1832f28cfed566b28079740fd8ffa12ec0c5"
"input-source/package-manifest.json","1234","eccfa0b99f7c1ddb447d4cc8894b9b57a4bfc3308c2c80a7e49b75c39fffd0dd"
"input-source/source-index-subset.csv","572","0b2416d24945f9a87084ccf1b50b2e61cdfc603d8514ff96bd93af81ac64af4e"
"input-source/source-targets.json","1588","4145bf2dbaa374e559eadbaa88433a1c621bee9077c7e9278dfd9569be52b532"
"input-source/THV03_SOURCE_BRIEF.md","3168","ac91c5e0558560afb10b1f3f6e5dbb24e34335d7775dc9bcbcea0fa52ef1268f"
"integrity-checks.md","1615","caa1e287cf9e6939ede5e97b0473c48edcb2a1011dfec149e484dc30fa999017"
"layout-results.csv","18744","41b508fc5895e6c320d7f178d93ef2dbaa9a5e5d9c2d90109c9d992048b17cfd"
"owner-impact-map.md","2547","667c69daf4f5d06d77e7e88a9aaa3c4c9d092929046fb02dd629551d8e0b765a"
"progress.md","10945","ede11ff98f76402bbd3b436f3152e1a7d0f6bdd445f5f0ffb5bc2eb1266e2022"
"resolution-matrix.md","1336","8539ca5844af543ec36122a26b4e973b5a0605872256c678b10c183264e76a8d"
"screenshots/after-thv03-ops-rich/360-dark-ops-loss-lower.png","131756","3f9a9f67880bd01939ca1707fca7d60e681930f7a05c9cc82fea494989708dad"
"screenshots/after-thv03-ops-rich/360-dark-ops-loss-upper.png","142886","a01f0d77ac804c9623f2b65e85371c3bf13bd2650191efdc18af0fa9362f41b2"
"screenshots/after-thv03-ops-rich/360-dark-ops-overview.png","133758","3f00dfc481d392331819a45014b49c6af41452e36de50537aaefc28341ca0c2c"
"screenshots/after-thv03-ops-rich/360-gray-ops-loss-lower.png","185618","d7ca5533d37ca191e32cee4282769eb92c4bae5c5acbfd2476a1291101264ed0"
"screenshots/after-thv03-ops-rich/360-gray-ops-loss-upper.png","199030","33da462192955c1c58297e45aa2c1cf815fd1010508841239bea49ea3f7d0fe8"
"screenshots/after-thv03-ops-rich/360-gray-ops-overview.png","173552","d9d86c24b5d8776ce05827b5f39aa571d2949b1fb14681fe54743dc0fc2c126d"
"screenshots/after-thv03-ops-rich/360-light-ops-loss-lower.png","177262","111512d904d9c954a3b6065268a4305d95c692b2ff906c85e0045a5a9d976357"
"screenshots/after-thv03-ops-rich/360-light-ops-loss-upper.png","188566","ce15e72ff278675a06df03256103ac015d92fa2dac81992f229022dd23a8a054"
"screenshots/after-thv03-ops-rich/360-light-ops-overview.png","167750","b3c89bfd0513f0fd0181878fe0a9d91f5e6b99cd9a7c0f8b7189771128713088"
"screenshots/after-thv03-ops-rich/390-dark-ops-loss-lower.png","133562","9ddd4d1dae5c5903723c035268ba2824f47e2d73d581487f5527be45b79ed38e"
"screenshots/after-thv03-ops-rich/390-dark-ops-loss-upper.png","141408","45bf630d276a388d134c082955de0c8acf7f42bc861b0d96a8fbba30d7fc553e"
"screenshots/after-thv03-ops-rich/390-dark-ops-overview.png","138257","aed7c8fcf46ed4b3fc46c87bfe58c397beb913c99d54bdd88c6f81d18df9cb00"
"screenshots/after-thv03-ops-rich/390-gray-ops-loss-lower.png","184969","403d43cbb209846853b64023c7f6b4be006e5e81c8659929af2d0930126398e8"
"screenshots/after-thv03-ops-rich/390-gray-ops-loss-upper.png","201569","61a5c70dba03529358e3092884b0acdbe5658c9d205ec2f40ca8d77176cb7410"
"screenshots/after-thv03-ops-rich/390-gray-ops-overview.png","178241","bebc942dbc8216326d375f2ba3f2bb68c72553e37c0231722a3fc5e78e725be2"
"screenshots/after-thv03-ops-rich/390-light-ops-loss-lower.png","177588","09a038317fa44e346b2fa8ea41efe2b0f1ad8bb400da33b426180200fcb9f028"
"screenshots/after-thv03-ops-rich/390-light-ops-loss-upper.png","191700","4bf8d0b8faf0db800f794df19f7a8326a7da03b230b6a234456145b1d6188622"
"screenshots/after-thv03-ops-rich/390-light-ops-overview.png","173567","a1f752abc1676fb1fea7414f0a68960373472785238d6c67e99e5fd2e3cac695"
"screenshots/after-thv03-ops-rich/430-dark-ops-loss-lower.png","135642","1496dc73e9218cb562991feb31aad4d420e24167cc94746dca7979bab7bf301e"
"screenshots/after-thv03-ops-rich/430-dark-ops-loss-upper.png","147361","f163e7f5a3c17f14a1033594414bb4741ec5daeb218d45866e530ef49753046a"
"screenshots/after-thv03-ops-rich/430-dark-ops-overview.png","160047","96672d4b9d3384a9ad32c375eb8c704b533a09013a34a9fb746445f83e9226c3"
"screenshots/after-thv03-ops-rich/430-gray-ops-loss-lower.png","185793","6a191fd258666b9ade42cdb3934cf525b2c6853b80beadc09dd99cb2b61ae743"
"screenshots/after-thv03-ops-rich/430-gray-ops-loss-upper.png","205031","93474a11f6b9f6b04d3f3e83b028e51bb387071b2db721e9685e8ea54afa5ec7"
"screenshots/after-thv03-ops-rich/430-gray-ops-overview.png","193258","5d0bef8b3205dbc090cff7dd869053bd09f502679f4d6094f3707bf8a676a1b6"
"screenshots/after-thv03-ops-rich/430-light-ops-loss-lower.png","179693","ba10db465d39b863cbb5bcf05ed23e2c4a9bd04d4d203ca3df7ca179e8114519"
"screenshots/after-thv03-ops-rich/430-light-ops-loss-upper.png","197554","c8c528ceb836c0237e734e96228c9f2ae8b2f4d7f7d7dd3247c9712fd1b3a221"
"screenshots/after-thv03-ops-rich/430-light-ops-overview.png","188288","af5170a0c8e46c73cc2ecc51398c8e0170328d21efdbc2045911b0dd456c2e0c"
"screenshots/after-thv03-ops-rich/desktop-dark-ops-loss-lower.png","297515","1c03493411e378e7a99674ac185707b1b6cecb3bd6659595472e702c0efd17b0"
"screenshots/after-thv03-ops-rich/desktop-dark-ops-loss-upper.png","319071","05e106a7ee251e889041c9b7efb0d99cf83dd7a1e0c8ce52f0a5bfded46cce8d"
"screenshots/after-thv03-ops-rich/desktop-dark-ops-overview.png","342042","bb66b00eac55735a226835978aae6700385767d9d85869e99bf0342de439a282"
"screenshots/after-thv03-ops-rich/desktop-gray-ops-loss-lower.png","389069","c83c4e3e75ab0dfa69e5ebf8f24bc701d3a56118dcf6b49c5ba6d4b475a46315"
"screenshots/after-thv03-ops-rich/desktop-gray-ops-loss-upper.png","406180","2733a52591168731d67c7dc70900f72aa8bae7b703cb6079cbbc2371cca1870b"
"screenshots/after-thv03-ops-rich/desktop-gray-ops-overview.png","360252","ad8b13920963e91ab337e018594b18367488b8f17c2aafbb8ef4f2bbc0480e03"
"screenshots/after-thv03-ops-rich/desktop-light-ops-loss-lower.png","373577","a765cbf98c58ea44dbd02ac2b3484f6853d5b9e672de642519fe65db4ed56db1"
"screenshots/after-thv03-ops-rich/desktop-light-ops-loss-upper.png","385720","7743f312f54305e49e2cc3d1914e6fcb6da75e5a995f12f4b72d59ced2050f99"
"screenshots/after-thv03-ops-rich/desktop-light-ops-overview.png","349598","d71b56da114a520384bdd37180e1f20b66cd525b27bbe38276204ed0bcbf2034"
"screenshots/after-thv03-ops-rich/index.csv","23244","a682c739e02d23eea92109615acaa187dc0a493ef1fd77be9cb9fcfc414ac5bd"
"screenshots/after-thv03-ops-rich/runtime.json","1095651","b742f47796da68c89e118857bb0a5e8e7bcebbeba79db7835a0a312c42ab7b19"
"screenshots/after-thv03-ops-zero/390-dark-ops-loss-zero.png","118145","4282e8c2bfcb666080f8c02223e54fcb093df192fe1f79a455608bcd2caba31f"
"screenshots/after-thv03-ops-zero/390-dark-ops-overview-zero.png","122387","dd9a6c0e08af5a1db4bcb9163d0fc4bf0f10132e5bf69a17ee665cceaa80d922"
"screenshots/after-thv03-ops-zero/390-gray-ops-loss-zero.png","147575","08239a6813496b079c7119129a061281625b4d6032b40b22749b53ea614804d7"
"screenshots/after-thv03-ops-zero/390-gray-ops-overview-zero.png","140857","460fd69df0129ee2d7d5bb5ba5ddb3484ac631f1e495cda7058f2794f0502870"
"screenshots/after-thv03-ops-zero/390-light-ops-loss-zero.png","139454","412d0f28faef440c554ef79636bac47b92cf02b4d049b488d0c4f2eb9836dae3"
"screenshots/after-thv03-ops-zero/390-light-ops-overview-zero.png","135553","c448a82b17db457e7a1a2712cc6b5ba7e6a2cdf3cf8fc4c7b9c995fad8aa269b"
"screenshots/after-thv03-ops-zero/index.csv","3793","9dd3eb67d9fdf15967c7a3e4c54140f1c229c45fb6384b8144137fa08d7d9cd7"
"screenshots/after-thv03-ops-zero/runtime.json","257082","2cc7667407197aae27eac420bc5f325af59aef052be076d99e434e7b346223c2"
"screenshots/before-thv03-ops-rich/360-dark-ops-loss-lower.png","141887","6feea682fcb6c8092edfc40c3d515781f025697982c49f1e61880de6011a86ed"
"screenshots/before-thv03-ops-rich/360-dark-ops-loss-upper.png","158757","52c59cac7ee77b3c06c8cd74a06ff94e1d490721f3641ca04b6000445c7a8197"
"screenshots/before-thv03-ops-rich/360-dark-ops-overview.png","168045","1d44a825f4cd812b858652cf6593b044aeabaf2014337030c64c88727e09bf5f"
"screenshots/before-thv03-ops-rich/360-gray-ops-loss-lower.png","195940","bed9efba62723e92269a92669a1ceb2210f91579f4e671b94a403a27c967cf4a"
"screenshots/before-thv03-ops-rich/360-gray-ops-loss-upper.png","218534","9e7edef25e4d9ec471be2dfaebf13c483d0b32dcbb5afdedfd6c39c39bd9dd27"
"screenshots/before-thv03-ops-rich/360-gray-ops-overview.png","189804","ec1cb3d80065668abae9f819b590fa3a797e4b4789d70c09bd3bbee44f9aa9cb"
"screenshots/before-thv03-ops-rich/360-light-ops-loss-lower.png","187955","6ee9b53464f5d2f289db69f27400bb5461298775f5f66775ac221048845c7552"
"screenshots/before-thv03-ops-rich/360-light-ops-loss-upper.png","210097","ac46d1184c98167f505379c7dfe89cebd8edb610fe9446b915961c5db56ba4a8"
"screenshots/before-thv03-ops-rich/360-light-ops-overview.png","181717","cedebfe4a2b330f0b9f1030e57ab20a4bea21f89bd3fe29cef01e4950b4e17e9"
"screenshots/before-thv03-ops-rich/390-dark-ops-loss-lower.png","143214","5f5c36c5b9257afd4b38332e70f62b5a8304e051b965fa404665e9d8ef250254"
"screenshots/before-thv03-ops-rich/390-dark-ops-loss-upper.png","157635","dbd199653db0e2221c51cdd84093e44853e83739a12c34f140c45cb1acd37951"
"screenshots/before-thv03-ops-rich/390-dark-ops-overview.png","169483","47baae3b92eb635032f48f5afdb8a38eafe07663c0df3342f9dcc28c1a6c838b"
"screenshots/before-thv03-ops-rich/390-gray-ops-loss-lower.png","195902","2d3028ff1952c248522c902fda5b92a82b343624d19e8a34f0a8a5d5d749ee85"
"screenshots/before-thv03-ops-rich/390-gray-ops-loss-upper.png","219530","9183d00dd0622296e0201f3ef3c991df75e5fcd87a00ad865665c1f6404cd1b8"
"screenshots/before-thv03-ops-rich/390-gray-ops-overview.png","191136","6c2622d4faad48d656b9c1d7a08d80928f1b025a19843cce240f685e1f11fd7e"
"screenshots/before-thv03-ops-rich/390-light-ops-loss-lower.png","190116","9d0a5875ee6367ceb303c2ab6be9b29ed7b6ff433dfd705f8ef2b8666e3b5c22"
"screenshots/before-thv03-ops-rich/390-light-ops-loss-upper.png","212827","de44d33df58ba77118d6715c37a54f8243362ead3c3decda815a4cd936000f33"
"screenshots/before-thv03-ops-rich/390-light-ops-overview.png","184093","1467d3d8a28b22dfd88aca8ea9d30620220277ca71b881cc04fe44d95908c9c3"
"screenshots/before-thv03-ops-rich/430-dark-ops-loss-lower.png","147906","e95d24c650889ef2d4bd0250ecbe48c2333e1797874b10c1d1c2967a71115258"
"screenshots/before-thv03-ops-rich/430-dark-ops-loss-upper.png","161385","3001eb20a94687abf69e3ec45307ca8e00bc86697a26beac0e7534be2144782a"
"screenshots/before-thv03-ops-rich/430-dark-ops-overview.png","199150","4163927b822f41d8222f889e7144d56109377ca4133bde1d678ae2cb747097b9"
"screenshots/before-thv03-ops-rich/430-gray-ops-loss-lower.png","199438","79e2b382c4cea109e560cd71841be0d1683d72619b54e690391bff1fd3315c79"
"screenshots/before-thv03-ops-rich/430-gray-ops-loss-upper.png","227553","6375027de474c38860e4e7c2b67632fb4b1be9a62a234f5c48c7169c97015d6e"
"screenshots/before-thv03-ops-rich/430-gray-ops-overview.png","213896","c5bad39723204f8db6e81286e5924786acb9b3f08c0b523d32403e70c097bb2f"
"screenshots/before-thv03-ops-rich/430-light-ops-loss-lower.png","194042","c94eef00ed0acc5bd970a556cb84079a6ac4cb472c17230e81ef00ad5852a20c"
"screenshots/before-thv03-ops-rich/430-light-ops-loss-upper.png","218673","3c308d637740556f770f53c3b4e7c44b559c8ca243610ebf56ef588f7fd3ac2c"
"screenshots/before-thv03-ops-rich/430-light-ops-overview.png","205073","091b05945d32aae31198c57da37a2c7eb3d0e16cf3431f99bb2c9a9c7152edf7"
"screenshots/before-thv03-ops-rich/desktop-dark-ops-loss-lower.png","284403","c20da60dad30967e33d024b2d0c5afce2f59e30fac8e0fba20b0fec06145cd03"
"screenshots/before-thv03-ops-rich/desktop-dark-ops-loss-upper.png","309698","70ddf693be07fe776b352235b0900528e2e93a18aafd880d4e542000b6be4a93"
"screenshots/before-thv03-ops-rich/desktop-dark-ops-overview.png","342042","bb66b00eac55735a226835978aae6700385767d9d85869e99bf0342de439a282"
"screenshots/before-thv03-ops-rich/desktop-gray-ops-loss-lower.png","342499","8c98e0402e55530ea9e45e6825a3ff70120d0becae31ca4e3290f2c0d69c2b86"
"screenshots/before-thv03-ops-rich/desktop-gray-ops-loss-upper.png","377026","047f129ea8df1edae381f0755bb3d6723a3c338fac55f56d41d6144b9d502db2"
"screenshots/before-thv03-ops-rich/desktop-gray-ops-overview.png","360252","ad8b13920963e91ab337e018594b18367488b8f17c2aafbb8ef4f2bbc0480e03"
"screenshots/before-thv03-ops-rich/desktop-light-ops-loss-lower.png","331405","1c8f508df90399571893b7a2cb4818ea2d8d4f5c0c34f1f7a64b8dc8bc28ded6"
"screenshots/before-thv03-ops-rich/desktop-light-ops-loss-upper.png","366340","9efe2bdb9a244257f249a425f217e5e44401ab11e47abf396e2d3cc316529df9"
"screenshots/before-thv03-ops-rich/desktop-light-ops-overview.png","349598","d71b56da114a520384bdd37180e1f20b66cd525b27bbe38276204ed0bcbf2034"
"screenshots/before-thv03-ops-rich/index.csv","23280","6de5eecc3e8b21881e7a3b7dfe8d1f2a027df342f6b1e0bd674d1b7a56d80f56"
"screenshots/before-thv03-ops-rich/runtime.json","875682","7cbc93037a5d9d99952194c07cb5540bd3b6974439c1c7658e8be4a42b0314de"
"screenshots/before-thv03-ops-zero/390-dark-ops-loss-zero.png","134719","a5fde62cdd90bc7f61e8fc4375bc799d22915368c14a7d2ad8f4bff5eb722d0c"
"screenshots/before-thv03-ops-zero/390-dark-ops-overview-zero.png","150648","c53e1b22f0861925d26565cae8148644888e49618bce05c97e6c1b0eee865381"
"screenshots/before-thv03-ops-zero/390-gray-ops-loss-zero.png","175180","61438c308716acf3bb6c7942c94489e8c7fe586ecbee8d07831fe8320b3ed48d"
"screenshots/before-thv03-ops-zero/390-gray-ops-overview-zero.png","163075","6dbe27fdacb6cfa3663af10208211039b7609da15bb9711989263cafb21c017f"
"screenshots/before-thv03-ops-zero/390-light-ops-loss-zero.png","168300","33e6b541ff3941283fe49f10f53f9af7926268eb947611bd7802cf33d3b81eab"
"screenshots/before-thv03-ops-zero/390-light-ops-overview-zero.png","153533","35f3bc92fda8dfb1464588f70157c7925c341b6fb08fb1db88fe489b2444e124"
"screenshots/before-thv03-ops-zero/index.csv","3799","923e693fa47f2f856bfc38f0a61bc0fb86f9b4d1ef4fbbf6373ba045333e3d66"
"screenshots/before-thv03-ops-zero/runtime.json","203074","d2ecdf75963acfabd374668298616ab59b73f35b406444148106ead2dda95702"
"source-update-delta.md","873","35de9ab959086b0ba535439610fc577126f8bdf6f68329691319f58ee76b82d9"
"start-baseline.md","1190","f8518865a0487be19084b2b60bdea939123d4f0506eb571d2583714c6e23a58f"
"test-results.md","3428","bcd3837377ad6e477760d7598838245fd9440d131b8605eb82a5516602f5f294"
"visibility-results.csv","14177","f010f0225fc2cdbb8a420722d3ce7321c8f20f3f8b4fb1541cc4421ced8b7886"
