"evidenceDir","phase","caseId","theme","width","scrollMethod","fullyInsideClip","hitTestClear","fullyVisible","x","y","right","bottom","viewportWidth","viewportHeight"
"before-thv03-ops-rich","before","thv03-loss-upper-visible","dark","1440","scrollIntoView-center","True","True","True","213","241,453125","1227","587,390625","1440","844"
"before-thv03-ops-rich","before","thv03-loss-lower-visible","dark","1440","scrollIntoView-safe-top","True","True","True","213","16,328125","1227","617,203125","1440","844"
"before-thv03-ops-rich","before","thv03-overview-visible","dark","1440","scrollIntoView-center","True","True","True","213","353,828125","1227","653,828125","1440","844"
"before-thv03-ops-rich","before","thv03-loss-upper-visible","gray","1440","scrollIntoView-center","True","True","True","213","249,453125","1227","595,390625","1440","844"
"before-thv03-ops-rich","before","thv03-loss-lower-visible","gray","1440","scrollIntoView-safe-top","True","True","True","213","16,328125","1227","617,203125","1440","844"
"before-thv03-ops-rich","before","thv03-overview-visible","gray","1440","scrollIntoView-center","True","True","True","213","353,828125","1227","653,828125","1440","844"
"before-thv03-ops-rich","before","thv03-loss-upper-visible","light","1440","scrollIntoView-center","True","True","True","213","249,453125","1227","595,390625","1440","844"
"before-thv03-ops-rich","before","thv03-loss-lower-visible","light","1440","scrollIntoView-safe-top","True","True","True","213","16,328125","1227","617,203125","1440","844"
"before-thv03-ops-rich","before","thv03-overview-visible","light","1440","scrollIntoView-center","True","True","True","213","353,828125","1227","653,828125","1440","844"
"before-thv03-ops-rich","before","thv03-loss-upper-visible","dark","360","scrollIntoView-center","True","True","True","10","295,015625","350","549,9375","360","844"
"before-thv03-ops-rich","before","thv03-loss-lower-visible","dark","360","scrollIntoView-safe-top","True","True","True","10","16,265625","350","352,59375","360","844"
"before-thv03-ops-rich","before","thv03-overview-visible","dark","360","scrollIntoView-center","True","True","True","10","465,84375","350","750,34375","360","844"
"before-thv03-ops-rich","before","thv03-loss-upper-visible","gray","360","scrollIntoView-center","True","True","True","10","295,015625","350","549,9375","360","844"
"before-thv03-ops-rich","before","thv03-loss-lower-visible","gray","360","scrollIntoView-safe-top","True","True","True","10","16,265625","350","352,59375","360","844"
"before-thv03-ops-rich","before","thv03-overview-visible","gray","360","scrollIntoView-center","True","True","True","10","465,84375","350","750,34375","360","844"
"before-thv03-ops-rich","before","thv03-loss-upper-visible","light","360","scrollIntoView-center","True","True","True","10","295,015625","350","549,9375","360","844"
"before-thv03-ops-rich","before","thv03-loss-lower-visible","light","360","scrollIntoView-safe-top","True","True","True","10","16,265625","350","352,59375","360","844"
"before-thv03-ops-rich","before","thv03-overview-visible","light","360","scrollIntoView-center","True","True","True","10","465,84375","350","750,34375","360","844"
"before-thv03-ops-rich","before","thv03-loss-upper-visible","dark","390","scrollIntoView-center","True","True","True","10","295,015625","380","549,9375","390","844"
"before-thv03-ops-rich","before","thv03-loss-lower-visible","dark","390","scrollIntoView-safe-top","True","True","True","10","16,265625","380","352,59375","390","844"
"before-thv03-ops-rich","before","thv03-overview-visible","dark","390","scrollIntoView-center","True","True","True","10","457,84375","380","750,34375","390","844"
"before-thv03-ops-rich","before","thv03-loss-upper-visible","gray","390","scrollIntoView-center","True","True","True","10","295,015625","380","549,9375","390","844"
"before-thv03-ops-rich","before","thv03-loss-lower-visible","gray","390","scrollIntoView-safe-top","True","True","True","10","16,265625","380","352,59375","390","844"
"before-thv03-ops-rich","before","thv03-overview-visible","gray","390","scrollIntoView-center","True","True","True","10","457,84375","380","750,34375","390","844"
"before-thv03-ops-rich","before","thv03-loss-upper-visible","light","390","scrollIntoView-center","True","True","True","10","295,015625","380","549,9375","390","844"
"before-thv03-ops-rich","before","thv03-loss-lower-visible","light","390","scrollIntoView-safe-top","True","True","True","10","16,265625","380","352,59375","390","844"
"before-thv03-ops-rich","before","thv03-overview-visible","light","390","scrollIntoView-center","True","True","True","10","457,84375","380","750,34375","390","844"
"before-thv03-ops-rich","before","thv03-loss-upper-visible","dark","430","scrollIntoView-center","True","True","True","10","300,640625","420","542,96875","430","844"
"before-thv03-ops-rich","before","thv03-loss-lower-visible","dark","430","scrollIntoView-safe-top","True","True","True","10","16,296875","420","352,625","430","844"
"before-thv03-ops-rich","before","thv03-overview-visible","dark","430","scrollIntoView-center","True","True","True","10","443,296875","420","735,796875","430","844"
"before-thv03-ops-rich","before","thv03-loss-upper-visible","gray","430","scrollIntoView-center","True","True","True","10","300,640625","420","542,96875","430","844"
"before-thv03-ops-rich","before","thv03-loss-lower-visible","gray","430","scrollIntoView-safe-top","True","True","True","10","16,296875","420","352,625","430","844"
"before-thv03-ops-rich","before","thv03-overview-visible","gray","430","scrollIntoView-center","True","True","True","10","443,296875","420","735,796875","430","844"
"before-thv03-ops-rich","before","thv03-loss-upper-visible","light","430","scrollIntoView-center","True","True","True","10","300,640625","420","542,96875","430","844"
"before-thv03-ops-rich","before","thv03-loss-lower-visible","light","430","scrollIntoView-safe-top","True","True","True","10","16,296875","420","352,625","430","844"
"before-thv03-ops-rich","before","thv03-overview-visible","light","430","scrollIntoView-center","True","True","True","10","443,296875","420","735,796875","430","844"
"before-thv03-ops-zero","before","thv03-zero-loss-visible","dark","390","scrollIntoView-center","True","True","True","10","300,296875","380","542,625","390","844"
"before-thv03-ops-zero","before","thv03-zero-overview-visible","dark","390","scrollIntoView-center","True","True","True","10","457,84375","380","750,34375","390","844"
"before-thv03-ops-zero","before","thv03-zero-loss-visible","gray","390","scrollIntoView-center","True","True","True","10","301,296875","380","543,625","390","844"
"before-thv03-ops-zero","before","thv03-zero-overview-visible","gray","390","scrollIntoView-center","True","True","True","10","457,84375","380","750,34375","390","844"
"before-thv03-ops-zero","before","thv03-zero-loss-visible","light","390","scrollIntoView-center","True","True","True","10","300,296875","380","542,625","390","844"
"before-thv03-ops-zero","before","thv03-zero-overview-visible","light","390","scrollIntoView-center","True","True","True","10","457,84375","380","750,34375","390","844"
"after-thv03-ops-rich","after","thv03-loss-upper-visible","dark","1440","scrollIntoView-center","True","True","True","213","306,453125","1227","536,875","1440","844"
"after-thv03-ops-rich","after","thv03-loss-lower-visible","dark","1440","scrollIntoView-safe-top","True","True","True","213","16,296875","1227","367,140625","1440","844"
"after-thv03-ops-rich","after","thv03-overview-visible","dark","1440","scrollIntoView-center","True","True","True","213","353,828125","1227","653,828125","1440","844"
"after-thv03-ops-rich","after","thv03-loss-upper-visible","gray","1440","scrollIntoView-center","True","True","True","213","306,453125","1227","536,875","1440","844"
"after-thv03-ops-rich","after","thv03-loss-lower-visible","gray","1440","scrollIntoView-safe-top","True","True","True","213","16,296875","1227","367,140625","1440","844"
"after-thv03-ops-rich","after","thv03-overview-visible","gray","1440","scrollIntoView-center","True","True","True","213","353,828125","1227","653,828125","1440","844"
"after-thv03-ops-rich","after","thv03-loss-upper-visible","light","1440","scrollIntoView-center","True","True","True","213","306,453125","1227","536,875","1440","844"
"after-thv03-ops-rich","after","thv03-loss-lower-visible","light","1440","scrollIntoView-safe-top","True","True","True","213","16,296875","1227","367,140625","1440","844"
"after-thv03-ops-rich","after","thv03-overview-visible","light","1440","scrollIntoView-center","True","True","True","213","353,828125","1227","653,828125","1440","844"
"after-thv03-ops-rich","after","thv03-loss-upper-visible","dark","360","scrollIntoView-center","True","True","True","10","282,578125","350","558,71875","360","844"
"after-thv03-ops-rich","after","thv03-loss-lower-visible","dark","360","scrollIntoView-safe-top","True","True","True","10","15,71875","350","416,859375","360","844"
"after-thv03-ops-rich","after","thv03-overview-visible","dark","360","scrollIntoView-center","True","True","True","10","217,84375","350","749,84375","360","844"
"after-thv03-ops-rich","after","thv03-loss-upper-visible","gray","360","scrollIntoView-center","True","True","True","10","283,578125","350","559,71875","360","844"
"after-thv03-ops-rich","after","thv03-loss-lower-visible","gray","360","scrollIntoView-safe-top","True","True","True","10","15,71875","350","416,859375","360","844"
"after-thv03-ops-rich","after","thv03-overview-visible","gray","360","scrollIntoView-center","True","True","True","10","217,84375","350","749,84375","360","844"
"after-thv03-ops-rich","after","thv03-loss-upper-visible","light","360","scrollIntoView-center","True","True","True","10","283,578125","350","559,71875","360","844"
"after-thv03-ops-rich","after","thv03-loss-lower-visible","light","360","scrollIntoView-safe-top","True","True","True","10","15,71875","350","416,859375","360","844"
"after-thv03-ops-rich","after","thv03-overview-visible","light","360","scrollIntoView-center","True","True","True","10","217,84375","350","749,84375","360","844"
"after-thv03-ops-rich","after","thv03-loss-upper-visible","dark","390","scrollIntoView-center","True","True","True","10","283,4375","380","559,578125","390","844"
"after-thv03-ops-rich","after","thv03-loss-lower-visible","dark","390","scrollIntoView-safe-top","True","True","True","10","15,578125","380","416,71875","390","844"
"after-thv03-ops-rich","after","thv03-overview-visible","dark","390","scrollIntoView-center","True","True","True","10","217,84375","380","749,84375","390","844"
"after-thv03-ops-rich","after","thv03-loss-upper-visible","gray","390","scrollIntoView-center","True","True","True","10","283,4375","380","559,578125","390","844"
"after-thv03-ops-rich","after","thv03-loss-lower-visible","gray","390","scrollIntoView-safe-top","True","True","True","10","15,578125","380","416,71875","390","844"
"after-thv03-ops-rich","after","thv03-overview-visible","gray","390","scrollIntoView-center","True","True","True","10","217,84375","380","749,84375","390","844"
"after-thv03-ops-rich","after","thv03-loss-upper-visible","light","390","scrollIntoView-center","True","True","True","10","283,4375","380","559,578125","390","844"
"after-thv03-ops-rich","after","thv03-loss-lower-visible","light","390","scrollIntoView-safe-top","True","True","True","10","15,578125","380","416,71875","390","844"
"after-thv03-ops-rich","after","thv03-overview-visible","light","390","scrollIntoView-center","True","True","True","10","217,84375","380","749,84375","390","844"
"after-thv03-ops-rich","after","thv03-loss-upper-visible","dark","430","scrollIntoView-center","True","True","True","10","284,203125","420","560,34375","430","844"
"after-thv03-ops-rich","after","thv03-loss-lower-visible","dark","430","scrollIntoView-safe-top","True","True","True","10","16,34375","420","388,34375","430","844"
"after-thv03-ops-rich","after","thv03-overview-visible","dark","430","scrollIntoView-center","True","True","True","10","218,296875","420","750,296875","430","844"
"after-thv03-ops-rich","after","thv03-loss-upper-visible","gray","430","scrollIntoView-center","True","True","True","10","284,203125","420","560,34375","430","844"
"after-thv03-ops-rich","after","thv03-loss-lower-visible","gray","430","scrollIntoView-safe-top","True","True","True","10","16,34375","420","388,34375","430","844"
"after-thv03-ops-rich","after","thv03-overview-visible","gray","430","scrollIntoView-center","True","True","True","10","218,296875","420","750,296875","430","844"
"after-thv03-ops-rich","after","thv03-loss-upper-visible","light","430","scrollIntoView-center","True","True","True","10","284,203125","420","560,34375","430","844"
"after-thv03-ops-rich","after","thv03-loss-lower-visible","light","430","scrollIntoView-safe-top","True","True","True","10","16,34375","420","388,34375","430","844"
"after-thv03-ops-rich","after","thv03-overview-visible","light","430","scrollIntoView-center","True","True","True","10","218,296875","420","750,296875","430","844"
"after-thv03-ops-zero","after","thv03-zero-loss-visible","dark","390","scrollIntoView-center","True","True","True","10","291,328125","380","553,328125","390","844"
"after-thv03-ops-zero","after","thv03-zero-overview-visible","dark","390","scrollIntoView-center","True","True","True","10","217,84375","380","749,84375","390","844"
"after-thv03-ops-zero","after","thv03-zero-loss-visible","gray","390","scrollIntoView-center","True","True","True","10","291,328125","380","553,328125","390","844"
"after-thv03-ops-zero","after","thv03-zero-overview-visible","gray","390","scrollIntoView-center","True","True","True","10","217,84375","380","749,84375","390","844"
"after-thv03-ops-zero","after","thv03-zero-loss-visible","light","390","scrollIntoView-center","True","True","True","10","291,328125","380","553,328125","390","844"
"after-thv03-ops-zero","after","thv03-zero-overview-visible","light","390","scrollIntoView-center","True","True","True","10","217,84375","380","749,84375","390","844"
