review_id,observation,source_batch,source_relative_path,sha256,theme,width,height,state,target,status
TC14-IMG-0003,TC14-E01,20260914-targeted-contrast-evidence-repair,screenshots/after-checklists/desktop-gray-gallery-checkbox.png,380e2c60160393b474f2c3536acd1702f12dc7d3451941444b182d3321a4db89,gray,1440,1558,gallery-checkbox,Выбранный пункт с длинной подписью,CAPTURE_TARGET_VISIBILITY_GAP
TC14-IMG-0004,TC14-01,20260914-targeted-contrast-evidence-repair,screenshots/after-checklists/desktop-gray-chats-real-checkbox.png,f63dd2c8c4c1025cc23eea734468cfc0bf590229f378000440e5372a654b1cd6,gray,1440,844,chats-real-checkbox,Название / Тип / Описание + соседний checkbox,NEEDS_CURRENT_REPRODUCTION
TC14-IMG-0007,TC14-E01,20260914-targeted-contrast-evidence-repair,screenshots/after-checklists/desktop-light-gallery-checkbox.png,b26fc2d2c58bb203093c50afedd42ea1554a6e65a28f2c3b5b605d198332d34e,light,1440,1558,gallery-checkbox,Выбранный пункт с длинной подписью,CAPTURE_TARGET_VISIBILITY_GAP
TC14-IMG-0008,TC14-01,20260914-targeted-contrast-evidence-repair,screenshots/after-checklists/desktop-light-chats-real-checkbox.png,e91b30f32f5dbc7095946709e5d725295cdeda96e059d667d9b1b934b3a8fe9e,light,1440,844,chats-real-checkbox,Название / Тип / Описание + соседний checkbox,NEEDS_CURRENT_REPRODUCTION
TC14-IMG-0011,TC14-E01,20260914-targeted-contrast-evidence-repair,screenshots/after-checklists/desktop-dark-gallery-checkbox.png,1e873c2df5ee1c5c0a1c5d7ce2c79055e17f1f95d92ea85d8204d699416799c3,dark,1440,1558,gallery-checkbox,Выбранный пункт с длинной подписью,CAPTURE_TARGET_VISIBILITY_GAP
TC14-IMG-0014,TC14-E01,20260914-targeted-contrast-evidence-repair,screenshots/after-checklists/360-gray-checklists-real-checkbox.png,5065bac41693a48d7b95e935a0cbe9218e8f5c7a0f058a3e216b805b7f49aa81,gray,360,844,checklists-real-checkbox,Только отклонения,CAPTURE_TARGET_VISIBILITY_GAP
TC14-IMG-0016,TC14-01,20260914-targeted-contrast-evidence-repair,screenshots/after-checklists/360-gray-chats-real-checkbox.png,4917cdcb48cc9e3673aa79e119e668ac4b867e0c96a27eb086f94a3a7bac3c20,gray,360,844,chats-real-checkbox,Название / Тип / Описание + соседний checkbox,NEEDS_CURRENT_REPRODUCTION
TC14-IMG-0018,TC14-E01,20260914-targeted-contrast-evidence-repair,screenshots/after-checklists/360-light-checklists-real-checkbox.png,81cd94a5f7b66757944c5554dbfced43a97ddd4f0a6f3ba05f202c6ead7a6025,light,360,844,checklists-real-checkbox,Только отклонения,CAPTURE_TARGET_VISIBILITY_GAP
TC14-IMG-0020,TC14-01,20260914-targeted-contrast-evidence-repair,screenshots/after-checklists/360-light-chats-real-checkbox.png,adbc7bb7a1eb77eb0d28130454b4927b979ac6c461eed3f6b644a43653d88fc9,light,360,844,chats-real-checkbox,Название / Тип / Описание + соседний checkbox,NEEDS_CURRENT_REPRODUCTION
TC14-IMG-0022,TC14-E01,20260914-targeted-contrast-evidence-repair,screenshots/after-checklists/390-gray-checklists-real-checkbox.png,c4a54753500ac496be9ebdd9782f3cc086eca377493e72397cd0b7b5b20b20f8,gray,390,844,checklists-real-checkbox,Только отклонения,CAPTURE_TARGET_VISIBILITY_GAP
TC14-IMG-0024,TC14-01,20260914-targeted-contrast-evidence-repair,screenshots/after-checklists/390-gray-chats-real-checkbox.png,8413d5a52e1e29712c48ee991144c0984f6bc33ac2aaa5d03cc5f4a86cab01b3,gray,390,844,chats-real-checkbox,Название / Тип / Описание + соседний checkbox,NEEDS_CURRENT_REPRODUCTION
TC14-IMG-0026,TC14-E01,20260914-targeted-contrast-evidence-repair,screenshots/after-checklists/390-light-checklists-real-checkbox.png,6f6ea441eb5629db1f0d0eab713ed01d6bcde89dd1bd77003f821e09245a884c,light,390,844,checklists-real-checkbox,Только отклонения,CAPTURE_TARGET_VISIBILITY_GAP
TC14-IMG-0028,TC14-01,20260914-targeted-contrast-evidence-repair,screenshots/after-checklists/390-light-chats-real-checkbox.png,4094bab4fcc51e30b662c2ecf987c92ece773f656bc70630b7e92bf00c4965f0,light,390,844,chats-real-checkbox,Название / Тип / Описание + соседний checkbox,NEEDS_CURRENT_REPRODUCTION
TC14-IMG-0030,TC14-E01,20260914-targeted-contrast-evidence-repair,screenshots/after-checklists/390-dark-checklists-real-checkbox.png,5546a146bca593e3c4aa2fe79bab94848fd2fbb3b19ec208e5ee49c0e6125046,dark,390,844,checklists-real-checkbox,Только отклонения,CAPTURE_TARGET_VISIBILITY_GAP
TC14-IMG-0034,TC14-E01,20260914-targeted-contrast-evidence-repair,screenshots/after-checklists/430-gray-checklists-real-checkbox.png,52dd2bbdbec45769702033626bca48a20d5988afe7c2805c7289476ef037a18c,gray,430,844,checklists-real-checkbox,Только отклонения,CAPTURE_TARGET_VISIBILITY_GAP
TC14-IMG-0036,TC14-01,20260914-targeted-contrast-evidence-repair,screenshots/after-checklists/430-gray-chats-real-checkbox.png,220d924dc28448ff4ab224e9b57675e0f5f11c55aff0f804f82a9af38b5e5508,gray,430,844,chats-real-checkbox,Название / Тип / Описание + соседний checkbox,NEEDS_CURRENT_REPRODUCTION
TC14-IMG-0038,TC14-E01,20260914-targeted-contrast-evidence-repair,screenshots/after-checklists/430-light-checklists-real-checkbox.png,933573dd38e5892122537bb166d28a38b340fec87e5a7a525459a25c8db3ba50,light,430,844,checklists-real-checkbox,Только отклонения,CAPTURE_TARGET_VISIBILITY_GAP
TC14-IMG-0040,TC14-01,20260914-targeted-contrast-evidence-repair,screenshots/after-checklists/430-light-chats-real-checkbox.png,f2154c23c3212f73d4939b5ad6ac91b2a900764b23d7c0df8715d04e1d789a36,light,430,844,chats-real-checkbox,Название / Тип / Описание + соседний checkbox,NEEDS_CURRENT_REPRODUCTION
TC14-IMG-0060,TC14-E01,20260914-targeted-contrast-evidence-repair,screenshots/after-controls/desktop-gray-orders-tabs.png,962c9546761f1df2be4835ea109f020f23114495d779102b8d41604c6720e5f2,gray,1440,1111,orders-tabs,Остатки / Заявки на заказ / Архив,CAPTURE_TARGET_VISIBILITY_GAP
TC14-IMG-0064,TC14-E01,20260914-targeted-contrast-evidence-repair,screenshots/after-controls/desktop-light-orders-tabs.png,d9fd930158245023f223ead7d664f64cc33a47d3b80c914cecd6195fe9cd1d85,light,1440,1111,orders-tabs,Остатки / Заявки на заказ / Архив,CAPTURE_TARGET_VISIBILITY_GAP
TC14-IMG-0068,TC14-E01,20260914-targeted-contrast-evidence-repair,screenshots/after-controls/desktop-dark-orders-tabs.png,36f3807c0fb4d79a3dea72baed2bd859d6727c1e64fbd7945b31babea2527ad9,dark,1440,1111,orders-tabs,Остатки / Заявки на заказ / Архив,CAPTURE_TARGET_VISIBILITY_GAP
