"file","sha256","bytes","theme","width","state","role","capturedAt","productStyleFingerprint","harnessFingerprint","oldReviewId","sourceRelativePath","visibilityStatus","scrollMethod","correctionPhase","correctionPart"
"desktop-gray-chat-form-labels.png","c2abb4fd4134ba1ad246de8b6ce225754d9631d5219a2f50610f66ffd2ab28d5","245765","gray","1440","tc14-chat-form-labels","Admin","2026-09-14T09:57:32.942Z","01ad09437159036198ed3ded733ba224e8da1fdeb52f7263e494851753dcc92b","a81fc5ee109aadcbb72bc98234a1441625d28b114f14f8fdeae2a2063c87bfea","","","VERIFIED_VISIBLE","none","before","tc14-labels"
"desktop-gray-announcement-form-label.png","f21a619cfdf1fd940ef5bf9565f969b34148bac5c0b857ea50d1cc6019af9def","244473","gray","1440","tc14-announcement-form-label","Admin","2026-09-14T09:57:33.696Z","01ad09437159036198ed3ded733ba224e8da1fdeb52f7263e494851753dcc92b","a81fc5ee109aadcbb72bc98234a1441625d28b114f14f8fdeae2a2063c87bfea","","","VERIFIED_VISIBLE","scrollIntoView-center","before","tc14-labels"
"desktop-gray-returns-form-label.png","e5632628b5b5d116ea9a5451f04909322c228a656f61c962175f6d0b2cc8392d","269896","gray","1440","tc14-returns-form-label","Admin","2026-09-14T09:57:34.401Z","01ad09437159036198ed3ded733ba224e8da1fdeb52f7263e494851753dcc92b","a81fc5ee109aadcbb72bc98234a1441625d28b114f14f8fdeae2a2063c87bfea","","","VERIFIED_VISIBLE","scrollIntoView-center","before","tc14-labels"
"desktop-light-chat-form-labels.png","9581a0717045b42919d85d0b9f8a8899350e478995c407aa4c16fa0b1cef3ec3","223965","light","1440","tc14-chat-form-labels","Admin","2026-09-14T09:57:35.709Z","01ad09437159036198ed3ded733ba224e8da1fdeb52f7263e494851753dcc92b","a81fc5ee109aadcbb72bc98234a1441625d28b114f14f8fdeae2a2063c87bfea","","","VERIFIED_VISIBLE","none","before","tc14-labels"
"desktop-light-announcement-form-label.png","c654c228bc50d95651d060684ae93a7d9049e419e6d94b50d0e9b2e4c6ff7242","293575","light","1440","tc14-announcement-form-label","Admin","2026-09-14T09:57:36.524Z","01ad09437159036198ed3ded733ba224e8da1fdeb52f7263e494851753dcc92b","a81fc5ee109aadcbb72bc98234a1441625d28b114f14f8fdeae2a2063c87bfea","","","VERIFIED_VISIBLE","scrollIntoView-center","before","tc14-labels"
"desktop-light-returns-form-label.png","407ecb8b0393c8e760b0bdaffc1e39021ccab9a0ac08b2fb6a244c51f2fd31a2","267825","light","1440","tc14-returns-form-label","Admin","2026-09-14T09:57:37.225Z","01ad09437159036198ed3ded733ba224e8da1fdeb52f7263e494851753dcc92b","a81fc5ee109aadcbb72bc98234a1441625d28b114f14f8fdeae2a2063c87bfea","","","VERIFIED_VISIBLE","scrollIntoView-center","before","tc14-labels"
"desktop-dark-chat-form-labels.png","768d1d819a56c3c3240ff24681b18a82cb38602f4d30d1b04a4762c477eece5e","181603","dark","1440","tc14-chat-form-labels","Admin","2026-09-14T09:57:38.481Z","01ad09437159036198ed3ded733ba224e8da1fdeb52f7263e494851753dcc92b","a81fc5ee109aadcbb72bc98234a1441625d28b114f14f8fdeae2a2063c87bfea","","","VERIFIED_VISIBLE","none","before","tc14-labels"
"360-gray-chat-form-labels.png","3397569742ca0e16843e8a88024249b27041876d506ef1b072569b22d2031906","105750","gray","360","tc14-chat-form-labels","Admin","2026-09-14T09:57:39.655Z","01ad09437159036198ed3ded733ba224e8da1fdeb52f7263e494851753dcc92b","a81fc5ee109aadcbb72bc98234a1441625d28b114f14f8fdeae2a2063c87bfea","","","VERIFIED_VISIBLE","none","before","tc14-labels"
"360-light-chat-form-labels.png","512cb6099f003f3736b1a11b7d1d75741c5a4f42a9c30e5c1e9ffda8ab7c8298","101671","light","360","tc14-chat-form-labels","Admin","2026-09-14T09:57:40.779Z","01ad09437159036198ed3ded733ba224e8da1fdeb52f7263e494851753dcc92b","a81fc5ee109aadcbb72bc98234a1441625d28b114f14f8fdeae2a2063c87bfea","","","VERIFIED_VISIBLE","none","before","tc14-labels"
"390-gray-chat-form-labels.png","5d377998e7a0df3e7abb9bbfa17a0560c85ef8ec63e0d4f9ab60120ecf14b374","111878","gray","390","tc14-chat-form-labels","Admin","2026-09-14T09:57:41.910Z","01ad09437159036198ed3ded733ba224e8da1fdeb52f7263e494851753dcc92b","a81fc5ee109aadcbb72bc98234a1441625d28b114f14f8fdeae2a2063c87bfea","","","VERIFIED_VISIBLE","none","before","tc14-labels"
