file,phase,role,theme,viewport,state,build,time,sha256,review
"evidence/A-after-01/001-A-dark-1440-844-choice.png","after","ADMIN","dark","{\"width\":1440,\"height\":844}","history-choice","index--GltSaMt.js","2026-09-14T22:29:05.308Z","190a388d3e7408b33c4f81eb929518df25a5e90e72f37ab3ae717cc83c8e6b07","CAPTURED_NOT_DIRECTLY_REVIEWED"
"evidence/A-after-01/002-A-dark-1440-844-detail.png","after","ADMIN","dark","{\"width\":1440,\"height\":844}","history-detail","index--GltSaMt.js","2026-09-14T22:29:05.803Z","c62a9f9d5ab085137b03d38e4a171d6693881b164ab673e7e586f8637977f3d7","REVIEWED_SCOPE_OK: complete two-row nav and history action"
"evidence/A-after-01/003-A-dark-360-844-choice.png","after","ADMIN","dark","{\"width\":360,\"height\":844}","history-choice","index--GltSaMt.js","2026-09-14T22:29:06.851Z","733c380e3efa498ba2f41af79eab60a2b06cefbaa7e65004805cee335bb4ad92","CAPTURED_NOT_DIRECTLY_REVIEWED"
"evidence/A-after-01/004-A-dark-360-844-detail.png","after","ADMIN","dark","{\"width\":360,\"height\":844}","history-detail","index--GltSaMt.js","2026-09-14T22:29:07.246Z","01e65b443d7b33e04cd5e5278f8b5e2f17f00030ba0b9a5f3278697b576a6d53","CAPTURED_NOT_DIRECTLY_REVIEWED"
"evidence/A-after-01/005-A-dark-390-844-choice.png","after","ADMIN","dark","{\"width\":390,\"height\":844}","history-choice","index--GltSaMt.js","2026-09-14T22:29:08.109Z","db200cec278d3a6e8e62c96034db9c006a3114ee32df1904d66e8d1adb537791","CAPTURED_NOT_DIRECTLY_REVIEWED"
"evidence/A-after-01/006-A-dark-390-844-detail.png","after","ADMIN","dark","{\"width\":390,\"height\":844}","history-detail","index--GltSaMt.js","2026-09-14T22:29:08.467Z","767942c04b74934efc375617672b10972e4a174952885975da628f97b069f45f","CAPTURED_NOT_DIRECTLY_REVIEWED"
"evidence/A-after-01/007-A-dark-430-844-choice.png","after","ADMIN","dark","{\"width\":430,\"height\":844}","history-choice","index--GltSaMt.js","2026-09-14T22:29:09.271Z","7be6b0bd81321e9a413e01d53d410820174acc855bfc8a0042841a7def5f095c","CAPTURED_NOT_DIRECTLY_REVIEWED"
"evidence/A-after-01/008-A-dark-430-844-detail.png","after","ADMIN","dark","{\"width\":430,\"height\":844}","history-detail","index--GltSaMt.js","2026-09-14T22:29:09.684Z","55a2ed0ee50d766bf9a724755ba3d15f529e9d9194bb878a5527c1cda5b0e0c1","CAPTURED_NOT_DIRECTLY_REVIEWED"
"evidence/A-after-01/009-A-dark-360-640-choice.png","after","ADMIN","dark","{\"width\":360,\"height\":640}","history-choice","index--GltSaMt.js","2026-09-14T22:29:10.487Z","f18d93347c51b0142242e45bb5cf167933b29c394f110eb39f23783c44e4402f","CAPTURED_NOT_DIRECTLY_REVIEWED"
"evidence/A-after-01/010-A-dark-360-640-detail.png","after","ADMIN","dark","{\"width\":360,\"height\":640}","history-detail","index--GltSaMt.js","2026-09-14T22:29:10.867Z","7dbbd9bf8542e9f52b3208462fe7710b84be154aaae9961c15e5cecf0fc83c81","CAPTURED_NOT_DIRECTLY_REVIEWED"
"evidence/A-after-01/011-A-dark-1440-720-choice.png","after","ADMIN","dark","{\"width\":1440,\"height\":720}","history-choice","index--GltSaMt.js","2026-09-14T22:29:11.756Z","d2a22e4a0df50987696ee324d7b8417fde7bd9cdc0f8b876fd10fe613472ab1d","CAPTURED_NOT_DIRECTLY_REVIEWED"
"evidence/A-after-01/012-A-dark-1440-720-detail.png","after","ADMIN","dark","{\"width\":1440,\"height\":720}","history-detail","index--GltSaMt.js","2026-09-14T22:29:12.172Z","1b612621ce103ff8ebef1cced2fc7fd9e93d55cc7cae992db473f31cb1d6a06d","CAPTURED_NOT_DIRECTLY_REVIEWED"
"evidence/A-after-01/013-A-gray-1440-844-choice.png","after","ADMIN","gray","{\"width\":1440,\"height\":844}","history-choice","index--GltSaMt.js","2026-09-14T22:29:13.405Z","25daaed8b42fef77603bb99c215875100427e573c7e8538e60334a163ee26b90","CAPTURED_NOT_DIRECTLY_REVIEWED"
"evidence/A-after-01/014-A-gray-1440-844-detail.png","after","ADMIN","gray","{\"width\":1440,\"height\":844}","history-detail","index--GltSaMt.js","2026-09-14T22:29:13.863Z","5998abb26a04e971981c1f199d47071b5c6633bf2e559b4bf9b5056bf4c07b73","CAPTURED_NOT_DIRECTLY_REVIEWED"
"evidence/A-after-01/015-A-gray-360-844-choice.png","after","ADMIN","gray","{\"width\":360,\"height\":844}","history-choice","index--GltSaMt.js","2026-09-14T22:29:14.642Z","5d89c5140530fc6f6699c16bbe50f32e4ac53c578072f70f6a25e733e7b9bcb2","CAPTURED_NOT_DIRECTLY_REVIEWED"
"evidence/A-after-01/016-A-gray-360-844-detail.png","after","ADMIN","gray","{\"width\":360,\"height\":844}","history-detail","index--GltSaMt.js","2026-09-14T22:29:15.004Z","7fb9167bdbd8410a426af16f0b730e49854da95ad5f6e70e55ae9962136e689c","REVIEWED_SCOPE_OK: history action and mobile nav"
"evidence/A-after-01/017-A-gray-390-844-choice.png","after","ADMIN","gray","{\"width\":390,\"height\":844}","history-choice","index--GltSaMt.js","2026-09-14T22:29:15.779Z","48570b924ac1f7f9dbe857b5af08bf76d8c9c2d132e84a1db42d70bd1dd3034d","CAPTURED_NOT_DIRECTLY_REVIEWED"
"evidence/A-after-01/018-A-gray-390-844-detail.png","after","ADMIN","gray","{\"width\":390,\"height\":844}","history-detail","index--GltSaMt.js","2026-09-14T22:29:16.120Z","4ea1653343226d9c2907123476bd785b9086beb143d5b074d485cde64726d646","CAPTURED_NOT_DIRECTLY_REVIEWED"
"evidence/A-after-01/019-A-gray-430-844-choice.png","after","ADMIN","gray","{\"width\":430,\"height\":844}","history-choice","index--GltSaMt.js","2026-09-14T22:29:16.904Z","4b2de5e8acf0076ca63c4d3bf6e0176423633d9b01ec289fc82c6b4d31d1a858","CAPTURED_NOT_DIRECTLY_REVIEWED"
"evidence/A-after-01/020-A-gray-430-844-detail.png","after","ADMIN","gray","{\"width\":430,\"height\":844}","history-detail","index--GltSaMt.js","2026-09-14T22:29:17.255Z","4af9af7359b15dcf0809f45caab112799c175e3d74d83dd82fd6ff15a4d9038e","CAPTURED_NOT_DIRECTLY_REVIEWED"
"evidence/A-after-01/021-A-gray-360-640-choice.png","after","ADMIN","gray","{\"width\":360,\"height\":640}","history-choice","index--GltSaMt.js","2026-09-14T22:29:18.039Z","e5b1b3653c7b22e5e951b60c010a9915eea1d895c9be48820cec0a3b8923583b","CAPTURED_NOT_DIRECTLY_REVIEWED"
"evidence/A-after-01/022-A-gray-360-640-detail.png","after","ADMIN","gray","{\"width\":360,\"height\":640}","history-detail","index--GltSaMt.js","2026-09-14T22:29:18.390Z","60a11fb9d52c359516900e3e66a5cc019728ab8f13670e01e143906ddcb46dc3","CAPTURED_NOT_DIRECTLY_REVIEWED"
"evidence/A-after-01/023-A-gray-1440-720-choice.png","after","ADMIN","gray","{\"width\":1440,\"height\":720}","history-choice","index--GltSaMt.js","2026-09-14T22:29:19.263Z","e8a7176eafcb53c0c119d8d79a3beaed9fb6d8f91f4ea22bebfeff1ea87770fd","CAPTURED_NOT_DIRECTLY_REVIEWED"
"evidence/A-after-01/024-A-gray-1440-720-detail.png","after","ADMIN","gray","{\"width\":1440,\"height\":720}","history-detail","index--GltSaMt.js","2026-09-14T22:29:19.670Z","047533df02f0645f7854209c61c4348c401f2f648a32b26816c0614a7740ac7a","CAPTURED_NOT_DIRECTLY_REVIEWED"
"evidence/A-after-01/025-A-light-1440-844-choice.png","after","ADMIN","light","{\"width\":1440,\"height\":844}","history-choice","index--GltSaMt.js","2026-09-14T22:29:20.755Z","0ca399d570f86da912db418510334bd7278a9caa6ce9bcea01c0cb896afc833b","CAPTURED_NOT_DIRECTLY_REVIEWED"
"evidence/A-after-01/026-A-light-1440-844-detail.png","after","ADMIN","light","{\"width\":1440,\"height\":844}","history-detail","index--GltSaMt.js","2026-09-14T22:29:21.164Z","14f147caa15edb30546058ad7a99a4c4b42d89d1608fca2342981805d405673c","REVIEWED_SCOPE_OK: full desktop nav and history action"
"evidence/A-after-01/027-A-light-360-844-choice.png","after","ADMIN","light","{\"width\":360,\"height\":844}","history-choice","index--GltSaMt.js","2026-09-14T22:29:21.955Z","ac781d31b3067a582b5823ebf9aafd22b6616e21ab93ff3f8127adc2f00b4ae2","CAPTURED_NOT_DIRECTLY_REVIEWED"
"evidence/A-after-01/028-A-light-360-844-detail.png","after","ADMIN","light","{\"width\":360,\"height\":844}","history-detail","index--GltSaMt.js","2026-09-14T22:29:22.333Z","072763e5b134017489c9e036473d2e4baef794284d9e9b17f0549511b765301f","CAPTURED_NOT_DIRECTLY_REVIEWED"
"evidence/A-after-01/029-A-light-390-844-choice.png","after","ADMIN","light","{\"width\":390,\"height\":844}","history-choice","index--GltSaMt.js","2026-09-14T22:29:23.157Z","27b8b98e75177918f72f9bbb4c9d1a59ea2ddf6e83c933c4e664ff2a333fce03","CAPTURED_NOT_DIRECTLY_REVIEWED"
"evidence/A-after-01/030-A-light-390-844-detail.png","after","ADMIN","light","{\"width\":390,\"height\":844}","history-detail","index--GltSaMt.js","2026-09-14T22:29:23.519Z","c4b75c0d54684a2b11647fc9f7632cda1ba40740e4c15e9e75dd663c1ca44a80","CAPTURED_NOT_DIRECTLY_REVIEWED"
"evidence/A-after-01/031-A-light-430-844-choice.png","after","ADMIN","light","{\"width\":430,\"height\":844}","history-choice","index--GltSaMt.js","2026-09-14T22:29:24.301Z","55feb1cc14f90166cc086c281ce34b962231ab3308bc2f49bca0a5d94c8ff581","CAPTURED_NOT_DIRECTLY_REVIEWED"
"evidence/A-after-01/032-A-light-430-844-detail.png","after","ADMIN","light","{\"width\":430,\"height\":844}","history-detail","index--GltSaMt.js","2026-09-14T22:29:24.645Z","d588aa4a61c400611a4bc3b6f682392253137cc2952d04d39d0486cc0a6ca7f5","CAPTURED_NOT_DIRECTLY_REVIEWED"
"evidence/A-after-01/033-A-light-360-640-choice.png","after","ADMIN","light","{\"width\":360,\"height\":640}","history-choice","index--GltSaMt.js","2026-09-14T22:29:25.418Z","aefd4095db56ff2fb4f4818d53723ed1ebd0cb20ccd45c44926f0f249761d00d","CAPTURED_NOT_DIRECTLY_REVIEWED"
"evidence/A-after-01/034-A-light-360-640-detail.png","after","ADMIN","light","{\"width\":360,\"height\":640}","history-detail","index--GltSaMt.js","2026-09-14T22:29:25.757Z","87f3bc95f98de3b5ef6917aebd924785169c9b6e11ec8f10671347597593da0d","CAPTURED_NOT_DIRECTLY_REVIEWED"
"evidence/A-after-01/035-A-light-1440-720-choice.png","after","ADMIN","light","{\"width\":1440,\"height\":720}","history-choice","index--GltSaMt.js","2026-09-14T22:29:26.612Z","0ec7126a71d66616f0fbb6b423a71e0f73ed4cd677fb3c5a81db13a816607314","CAPTURED_NOT_DIRECTLY_REVIEWED"
"evidence/A-after-01/036-A-light-1440-720-detail.png","after","ADMIN","light","{\"width\":1440,\"height\":720}","history-detail","index--GltSaMt.js","2026-09-14T22:29:27.014Z","6912df12e7d0a77797490ad475d974627078471b14bb07639907921ce47f0243","CAPTURED_NOT_DIRECTLY_REVIEWED"
"evidence/A-before-01/001-A-dark-1440-844-choice.png","before","ADMIN","dark","{\"width\":1440,\"height\":844}","history-choice","index-CX-477i5.js","2026-09-14T22:25:35.126Z","1171f8d32bd9c19574d6a1ab22b76477798029e74f904312f95767209b7eafb0","CAPTURED_NOT_DIRECTLY_REVIEWED"
"evidence/A-before-01/002-A-dark-1440-844-detail.png","before","ADMIN","dark","{\"width\":1440,\"height\":844}","history-detail","index-CX-477i5.js","2026-09-14T22:25:35.599Z","93f39cc04c2d6b90fafd70c678ac42ff4ca96d3dc45d9b833f2dbce711498b00","REVIEWED_REPRODUCTION: desktop nav clipped/word fragments; history final action accessible"
"evidence/A-before-01/003-A-dark-360-844-choice.png","before","ADMIN","dark","{\"width\":360,\"height\":844}","history-choice","index-CX-477i5.js","2026-09-14T22:25:36.611Z","7d41c9e0eb7e978f95fa39d64f7271cc8942dd22ff16f4c4785cdce4c9cd7c1c","CAPTURED_NOT_DIRECTLY_REVIEWED"
"evidence/A-before-01/004-A-dark-360-844-detail.png","before","ADMIN","dark","{\"width\":360,\"height\":844}","history-detail","index-CX-477i5.js","2026-09-14T22:25:36.998Z","9787153ba922839922d9c84bdcf406c287c90da4aae9f9ab253b023185af5164","REVIEWED_REPRODUCTION: mobile history action already accessible"
"evidence/A-before-01/005-A-dark-390-844-choice.png","before","ADMIN","dark","{\"width\":390,\"height\":844}","history-choice","index-CX-477i5.js","2026-09-14T22:25:37.853Z","b254212cff8c5c142aee3fe866b479a21eb85511e3094d2351f5ecf38475a884","CAPTURED_NOT_DIRECTLY_REVIEWED"
"evidence/A-before-01/006-A-dark-390-844-detail.png","before","ADMIN","dark","{\"width\":390,\"height\":844}","history-detail","index-CX-477i5.js","2026-09-14T22:25:38.243Z","02d2fcdb32630962f42b2af77f4323811db8be9f10fc83aa55d4285462d3bc32","CAPTURED_NOT_DIRECTLY_REVIEWED"
"evidence/A-before-01/007-A-dark-430-844-choice.png","before","ADMIN","dark","{\"width\":430,\"height\":844}","history-choice","index-CX-477i5.js","2026-09-14T22:25:39.082Z","1f92c021d7eb1cccd49c3e60e56ede00aff06215b03e56ec1f8e1e3461f94f94","CAPTURED_NOT_DIRECTLY_REVIEWED"
"evidence/A-before-01/008-A-dark-430-844-detail.png","before","ADMIN","dark","{\"width\":430,\"height\":844}","history-detail","index-CX-477i5.js","2026-09-14T22:25:39.460Z","1845cc34a2a991a0406e22feb53dbb0da89a175876478928caa6183b74df4b79","CAPTURED_NOT_DIRECTLY_REVIEWED"
"evidence/A-before-01/009-A-dark-360-640-choice.png","before","ADMIN","dark","{\"width\":360,\"height\":640}","history-choice","index-CX-477i5.js","2026-09-14T22:25:40.238Z","45d51edea174b1816025cd88dbb9ca9410bf0498d9162e3c4f840cadd152d5a8","CAPTURED_NOT_DIRECTLY_REVIEWED"
"evidence/A-before-01/010-A-dark-360-640-detail.png","before","ADMIN","dark","{\"width\":360,\"height\":640}","history-detail","index-CX-477i5.js","2026-09-14T22:25:40.575Z","9538b90ec7937bfc67b822cb134921f9d932b50517f4fabd9c9a854a5d1a4303","CAPTURED_NOT_DIRECTLY_REVIEWED"
"evidence/A-before-01/011-A-dark-1440-720-choice.png","before","ADMIN","dark","{\"width\":1440,\"height\":720}","history-choice","index-CX-477i5.js","2026-09-14T22:25:41.480Z","18a6fd386ad3e8751a2ef08db58f2bbc6ae7e366232eca100189ee45256a11f4","CAPTURED_NOT_DIRECTLY_REVIEWED"
"evidence/A-before-01/012-A-dark-1440-720-detail.png","before","ADMIN","dark","{\"width\":1440,\"height\":720}","history-detail","index-CX-477i5.js","2026-09-14T22:25:41.892Z","54519a0d1feb37ddf02410a1996291fb68f895f1de56909769a039d841150c82","CAPTURED_NOT_DIRECTLY_REVIEWED"
"evidence/A-before-02/001-A-dark-1440-844-choice.png","before","ADMIN","dark","{\"width\":1440,\"height\":844}","history-choice","index-CX-477i5.js","2026-09-14T22:27:13.794Z","effbdf6d85b7e83d6251663018aa2fece950af183cec26af6f654d26ad548328","CAPTURED_NOT_DIRECTLY_REVIEWED"
"evidence/A-before-02/002-A-dark-1440-844-detail.png","before","ADMIN","dark","{\"width\":1440,\"height\":844}","history-detail","index-CX-477i5.js","2026-09-14T22:27:14.260Z","5afbd2edd68b4039e8400e1c4b9190b665517c2f48bffeae1c34b98bdd3a29e3","CAPTURED_NOT_DIRECTLY_REVIEWED"
"evidence/A-before-02/003-A-dark-360-844-choice.png","before","ADMIN","dark","{\"width\":360,\"height\":844}","history-choice","index-CX-477i5.js","2026-09-14T22:27:15.261Z","3653f83a3de6517315f7396790f2b2cb5a4e51e81c79e3761d97c39afb86bf57","CAPTURED_NOT_DIRECTLY_REVIEWED"
"evidence/A-before-02/004-A-dark-360-844-detail.png","before","ADMIN","dark","{\"width\":360,\"height\":844}","history-detail","index-CX-477i5.js","2026-09-14T22:27:15.662Z","bc9b334ca22251fa6ad07bd329dea4be32bba9eabdc87bc96dfd65c39e6d43c0","CAPTURED_NOT_DIRECTLY_REVIEWED"
"evidence/A-before-02/005-A-dark-390-844-choice.png","before","ADMIN","dark","{\"width\":390,\"height\":844}","history-choice","index-CX-477i5.js","2026-09-14T22:27:16.551Z","b59b6d1b19e6a1f51ae757bee76e514c23a0add6ade9892326e70c8d613f28c1","CAPTURED_NOT_DIRECTLY_REVIEWED"
"evidence/A-before-02/006-A-dark-390-844-detail.png","before","ADMIN","dark","{\"width\":390,\"height\":844}","history-detail","index-CX-477i5.js","2026-09-14T22:27:16.935Z","9603cbd7cb118d44d2e4895d693c9cc2952b94dadeb80dc97b21c762507a48c1","CAPTURED_NOT_DIRECTLY_REVIEWED"
"evidence/A-before-02/007-A-dark-430-844-choice.png","before","ADMIN","dark","{\"width\":430,\"height\":844}","history-choice","index-CX-477i5.js","2026-09-14T22:27:17.772Z","252b81a52e90db67eaebcd982250b91dfa130bac16cf74487cec9755304133ef","CAPTURED_NOT_DIRECTLY_REVIEWED"
"evidence/A-before-02/008-A-dark-430-844-detail.png","before","ADMIN","dark","{\"width\":430,\"height\":844}","history-detail","index-CX-477i5.js","2026-09-14T22:27:18.133Z","519f78aaae4c1ea12b9cf5351ee8142da86c27d0b3699a04335d5334e69156b4","CAPTURED_NOT_DIRECTLY_REVIEWED"
"evidence/A-before-02/009-A-dark-360-640-choice.png","before","ADMIN","dark","{\"width\":360,\"height\":640}","history-choice","index-CX-477i5.js","2026-09-14T22:27:18.871Z","5b20edc792063a511d5afe25c415951f6cb425b91850a45d9b3a0d35f3fafbea","CAPTURED_NOT_DIRECTLY_REVIEWED"
"evidence/A-before-02/010-A-dark-360-640-detail.png","before","ADMIN","dark","{\"width\":360,\"height\":640}","history-detail","index-CX-477i5.js","2026-09-14T22:27:19.228Z","61accaf8e9f43477d6d12d314120803868cf9e7e3a981e77ac7abab4148e029c","CAPTURED_NOT_DIRECTLY_REVIEWED"
"evidence/A-before-02/011-A-dark-1440-720-choice.png","before","ADMIN","dark","{\"width\":1440,\"height\":720}","history-choice","index-CX-477i5.js","2026-09-14T22:27:20.068Z","7c2d9e0dc6034f1201623cd58f93004d6100dcb8bfa82a0b3368241d25c5c076","CAPTURED_NOT_DIRECTLY_REVIEWED"
"evidence/A-before-02/012-A-dark-1440-720-detail.png","before","ADMIN","dark","{\"width\":1440,\"height\":720}","history-detail","index-CX-477i5.js","2026-09-14T22:27:20.486Z","54519a0d1feb37ddf02410a1996291fb68f895f1de56909769a039d841150c82","CAPTURED_NOT_DIRECTLY_REVIEWED"
"evidence/A-before-02/013-A-gray-1440-844-choice.png","before","ADMIN","gray","{\"width\":1440,\"height\":844}","history-choice","index-CX-477i5.js","2026-09-14T22:27:21.752Z","0dc8e5ab62e22cd25ab9652b8abe2f6b6830a6325d4f1140bb4098b1d7d30593","CAPTURED_NOT_DIRECTLY_REVIEWED"
"evidence/A-before-02/014-A-gray-1440-844-detail.png","before","ADMIN","gray","{\"width\":1440,\"height\":844}","history-detail","index-CX-477i5.js","2026-09-14T22:27:22.203Z","ca02816431eb2f1143513e0c47a6915f3818a636203dc33171c5e8c4c44cfed7","CAPTURED_NOT_DIRECTLY_REVIEWED"
"evidence/A-before-02/015-A-gray-360-844-choice.png","before","ADMIN","gray","{\"width\":360,\"height\":844}","history-choice","index-CX-477i5.js","2026-09-14T22:27:23.018Z","ba31b8ac2430fac8ab16f199e6407efc50d3024d3305f127c48b491f9d015aed","CAPTURED_NOT_DIRECTLY_REVIEWED"
"evidence/A-before-02/016-A-gray-360-844-detail.png","before","ADMIN","gray","{\"width\":360,\"height\":844}","history-detail","index-CX-477i5.js","2026-09-14T22:27:23.413Z","263820bcf97b95d5d5487599476e25a13ccde2356cfa9fc0fb2b1c868ba25ea8","CAPTURED_NOT_DIRECTLY_REVIEWED"
"evidence/A-before-02/017-A-gray-390-844-choice.png","before","ADMIN","gray","{\"width\":390,\"height\":844}","history-choice","index-CX-477i5.js","2026-09-14T22:27:24.251Z","e5015324427e7dbad76165b7305805ea2af3ffcb65b1dfe53d928c4ada753bbc","CAPTURED_NOT_DIRECTLY_REVIEWED"
"evidence/A-before-02/018-A-gray-390-844-detail.png","before","ADMIN","gray","{\"width\":390,\"height\":844}","history-detail","index-CX-477i5.js","2026-09-14T22:27:24.632Z","14916759aebe018d71575e7849eb95ce44162fe759bc7ae67fb4e6b0d1062417","CAPTURED_NOT_DIRECTLY_REVIEWED"
"evidence/A-before-02/019-A-gray-430-844-choice.png","before","ADMIN","gray","{\"width\":430,\"height\":844}","history-choice","index-CX-477i5.js","2026-09-14T22:27:25.438Z","bd92cc798e4de4ef396d17175a832315f94193aa13e563d3c369d802ecb7a7f7","CAPTURED_NOT_DIRECTLY_REVIEWED"
"evidence/A-before-02/020-A-gray-430-844-detail.png","before","ADMIN","gray","{\"width\":430,\"height\":844}","history-detail","index-CX-477i5.js","2026-09-14T22:27:25.835Z","03105594828045d7df6a28d60fc3658cc146c85c6c48da2032217a84c6eb4c1c","CAPTURED_NOT_DIRECTLY_REVIEWED"
"evidence/A-before-02/021-A-gray-360-640-choice.png","before","ADMIN","gray","{\"width\":360,\"height\":640}","history-choice","index-CX-477i5.js","2026-09-14T22:27:26.617Z","f38c72d41f642b96743150f1c4a9ed3d74e2000dfb6820405ed85a511c95468a","CAPTURED_NOT_DIRECTLY_REVIEWED"
"evidence/A-before-02/022-A-gray-360-640-detail.png","before","ADMIN","gray","{\"width\":360,\"height\":640}","history-detail","index-CX-477i5.js","2026-09-14T22:27:26.975Z","d4636fbc0f413199c4ed4eefc85fb31497032b2422cbc70ce3ed65045f700d1f","CAPTURED_NOT_DIRECTLY_REVIEWED"
"evidence/A-before-02/023-A-gray-1440-720-choice.png","before","ADMIN","gray","{\"width\":1440,\"height\":720}","history-choice","index-CX-477i5.js","2026-09-14T22:27:27.836Z","94bc22ef848d165c1485b9ab029e916e03e69cb4ade1d7c34ae09b01f1ce19b8","CAPTURED_NOT_DIRECTLY_REVIEWED"
"evidence/A-before-02/024-A-gray-1440-720-detail.png","before","ADMIN","gray","{\"width\":1440,\"height\":720}","history-detail","index-CX-477i5.js","2026-09-14T22:27:28.227Z","db7fb5788435fb29822b2cbf69119d30b1489cea78d6af3aac4db9f4a481b4a9","CAPTURED_NOT_DIRECTLY_REVIEWED"
"evidence/A-before-02/025-A-light-1440-844-choice.png","before","ADMIN","light","{\"width\":1440,\"height\":844}","history-choice","index-CX-477i5.js","2026-09-14T22:27:29.338Z","8ef3c033680526810d61b2da681319c9d7a277c5621752882f907f54bb8aaa58","CAPTURED_NOT_DIRECTLY_REVIEWED"
"evidence/A-before-02/026-A-light-1440-844-detail.png","before","ADMIN","light","{\"width\":1440,\"height\":844}","history-detail","index-CX-477i5.js","2026-09-14T22:27:29.726Z","94d2505cb6d2fb119afe635c29bc7d7af3c9827dcf83ebc0c2246026c01d9756","CAPTURED_NOT_DIRECTLY_REVIEWED"
"evidence/A-before-02/027-A-light-360-844-choice.png","before","ADMIN","light","{\"width\":360,\"height\":844}","history-choice","index-CX-477i5.js","2026-09-14T22:27:30.382Z","5b5db344e6a368dbc0535e0a7f42f203f609ddd31368d3e6be87715927dc75b6","CAPTURED_NOT_DIRECTLY_REVIEWED"
"evidence/A-before-02/028-A-light-360-844-detail.png","before","ADMIN","light","{\"width\":360,\"height\":844}","history-detail","index-CX-477i5.js","2026-09-14T22:27:30.753Z","7e42a7dd4930cde5f4fa855bd007599ab2ab07b2df28d9831d70d51a05c82e6a","CAPTURED_NOT_DIRECTLY_REVIEWED"
"evidence/A-before-02/029-A-light-390-844-choice.png","before","ADMIN","light","{\"width\":390,\"height\":844}","history-choice","index-CX-477i5.js","2026-09-14T22:27:31.571Z","3d51f33a92dbb61acd160e666bcaa2365ad5686065c01ffd927b27f2f30ee9db","CAPTURED_NOT_DIRECTLY_REVIEWED"
"evidence/A-before-02/030-A-light-390-844-detail.png","before","ADMIN","light","{\"width\":390,\"height\":844}","history-detail","index-CX-477i5.js","2026-09-14T22:27:31.948Z","2ea61bacf18bb16aadb1118cd792fef9c3cf099c847eb5dee2bd9b4ed69aac87","CAPTURED_NOT_DIRECTLY_REVIEWED"
"evidence/A-before-02/031-A-light-430-844-choice.png","before","ADMIN","light","{\"width\":430,\"height\":844}","history-choice","index-CX-477i5.js","2026-09-14T22:27:32.743Z","45636196076cf241854291c9d488cb6d00305ffa7ae8b1a3a4f2e17c3b03a0b3","CAPTURED_NOT_DIRECTLY_REVIEWED"
"evidence/A-before-02/032-A-light-430-844-detail.png","before","ADMIN","light","{\"width\":430,\"height\":844}","history-detail","index-CX-477i5.js","2026-09-14T22:27:33.096Z","677aa114c5a0a8a9cc8063e5d523f92fdcdfacf22a39dabedd2975bf13306671","CAPTURED_NOT_DIRECTLY_REVIEWED"
"evidence/A-before-02/033-A-light-360-640-choice.png","before","ADMIN","light","{\"width\":360,\"height\":640}","history-choice","index-CX-477i5.js","2026-09-14T22:27:33.895Z","3e19e610ecffe7944d5775040d1477769ea871ef15946a4b8a0cd7057b9b1336","CAPTURED_NOT_DIRECTLY_REVIEWED"
"evidence/A-before-02/034-A-light-360-640-detail.png","before","ADMIN","light","{\"width\":360,\"height\":640}","history-detail","index-CX-477i5.js","2026-09-14T22:27:34.233Z","6ee82aeaf6d1588616da20c946eab594415ebef821e8eb3616f1469f7573773c","CAPTURED_NOT_DIRECTLY_REVIEWED"
"evidence/A-before-02/035-A-light-1440-720-choice.png","before","ADMIN","light","{\"width\":1440,\"height\":720}","history-choice","index-CX-477i5.js","2026-09-14T22:27:35.147Z","8a0949517eafe14e2591ec2e898063aaad6d1f849d7a701848b67cd1e1d0ee60","CAPTURED_NOT_DIRECTLY_REVIEWED"
"evidence/A-before-02/036-A-light-1440-720-detail.png","before","ADMIN","light","{\"width\":1440,\"height\":720}","history-detail","index-CX-477i5.js","2026-09-14T22:27:35.533Z","4b6a45c1da143b8a73d38223d3c4bf7d240d70e7fee412282dfcde467e12226e","CAPTURED_NOT_DIRECTLY_REVIEWED"
"evidence/A-restricted-01/001-A-worker-dark-1440-short.png","after","WORKER","dark","{\"width\":1440,\"height\":720}","short-empty-notifications","index--GltSaMt.js","2026-09-14T22:30:26.573Z","b0b90fe45fa36cdd461b2e791b329d779e6efa5cef4f1573f854bcf5ea503e83","CAPTURED_NOT_DIRECTLY_REVIEWED"
"evidence/A-restricted-01/002-A-worker-dark-360-short.png","after","WORKER","dark","{\"width\":360,\"height\":640}","short-empty-notifications","index--GltSaMt.js","2026-09-14T22:30:27.161Z","e253e2cfeb97a162e267d7caaa46d0bcd8cb615ff3acab9fb47ad628fc8c30ab","CAPTURED_NOT_DIRECTLY_REVIEWED"
"evidence/A-restricted-01/003-A-worker-dark-390-short.png","after","WORKER","dark","{\"width\":390,\"height\":844}","short-empty-notifications","index--GltSaMt.js","2026-09-14T22:30:27.516Z","f3cd817383410fdbad6ac00b1069172d1b4e8fc1381ab1e028a7bd9b3bf91da7","CAPTURED_NOT_DIRECTLY_REVIEWED"
"evidence/A-restricted-01/004-A-worker-dark-430-short.png","after","WORKER","dark","{\"width\":430,\"height\":844}","short-empty-notifications","index--GltSaMt.js","2026-09-14T22:30:27.783Z","142a04935a70876e362326b1d28bf9b1d01f0932a09e63224a553facdc16793e","CAPTURED_NOT_DIRECTLY_REVIEWED"
"evidence/A-restricted-01/005-A-worker-gray-1440-short.png","after","WORKER","gray","{\"width\":1440,\"height\":720}","short-empty-notifications","index--GltSaMt.js","2026-09-14T22:30:28.257Z","374f560bc6203ad33cae96dcebea1245be0333f6a70e5d23de4362bb0ec69383","CAPTURED_NOT_DIRECTLY_REVIEWED"
"evidence/A-restricted-01/006-A-worker-gray-360-short.png","after","WORKER","gray","{\"width\":360,\"height\":640}","short-empty-notifications","index--GltSaMt.js","2026-09-14T22:30:28.652Z","c549d8b754da97a625a077dcfe5dde50ad1b1abcb3aa27ec783918a8c0544749","CAPTURED_NOT_DIRECTLY_REVIEWED"
"evidence/A-restricted-01/007-A-worker-gray-390-short.png","after","WORKER","gray","{\"width\":390,\"height\":844}","short-empty-notifications","index--GltSaMt.js","2026-09-14T22:30:28.945Z","b01a270d1bb77b86a4d621c160cfb124ad230135d21a4df6d6870ff717b2960e","CAPTURED_NOT_DIRECTLY_REVIEWED"
"evidence/A-restricted-01/008-A-worker-gray-430-short.png","after","WORKER","gray","{\"width\":430,\"height\":844}","short-empty-notifications","index--GltSaMt.js","2026-09-14T22:30:29.216Z","99ebff88c8dbb9173c8a05f55dfe6ce6588b5118f5525897c3ec33be2696fcb2","CAPTURED_NOT_DIRECTLY_REVIEWED"
"evidence/A-restricted-01/009-A-worker-light-1440-short.png","after","WORKER","light","{\"width\":1440,\"height\":720}","short-empty-notifications","index--GltSaMt.js","2026-09-14T22:30:29.715Z","59e30f6505273084026ff6712e6461d0a6c446b483ea2d5f084863c8925bea3b","CAPTURED_NOT_DIRECTLY_REVIEWED"
"evidence/A-restricted-01/010-A-worker-light-360-short.png","after","WORKER","light","{\"width\":360,\"height\":640}","short-empty-notifications","index--GltSaMt.js","2026-09-14T22:30:30.119Z","affde13440cfcdc105f5be2e89cb98bd7c404cf097e2f12c70c3c94fdbe639f5","CAPTURED_NOT_DIRECTLY_REVIEWED"
"evidence/A-restricted-01/011-A-worker-light-390-short.png","after","WORKER","light","{\"width\":390,\"height\":844}","short-empty-notifications","index--GltSaMt.js","2026-09-14T22:30:30.395Z","7e8f54287c1e30870de3557263f0128203a9aef95ee53206c20ef02590975a6d","CAPTURED_NOT_DIRECTLY_REVIEWED"
"evidence/A-restricted-01/012-A-worker-light-430-short.png","after","WORKER","light","{\"width\":430,\"height\":844}","short-empty-notifications","index--GltSaMt.js","2026-09-14T22:30:30.653Z","60ebe31cf5a65450f4361e025142929156349d4b566386df1ceb0b82f2f04a9e","CAPTURED_NOT_DIRECTLY_REVIEWED"
"evidence/A-restricted-01/013-A-worker-long-settings-end.png","after","WORKER","light","{\"width\":430,\"height\":844}","settings-internal-scroll","index--GltSaMt.js","2026-09-14T22:30:31.139Z","dcb7f36196a61b7a83f82a7b594ba2770d22737d4180fd99f46f6152766db8c3","REVIEWED_SCOPE_OK: real sheet internal end-scroll, not full-page screenshot"
"evidence/B-after-01/001-B-1440-Люди-source.png","after","TECH_MECHANIC","dark","{\"width\":1440,\"height\":844}","real-source-button","index-5DxDyUlx.js","2026-09-14T22:37:52.667Z","6372c5a30f1f7e41af4921256ef3c082ea8ad3ebd05a427dd6bc0267312812f2","CAPTURED_TRANSITIONAL_OR_SUPERSEDED_NOT_LAYOUT_ACCEPTED"
"evidence/B-after-01/002-B-1440-Люди-target.png","after","TECH_MECHANIC","dark","{\"width\":1440,\"height\":844}","source-result","index-5DxDyUlx.js","2026-09-14T22:37:53.128Z","8319502501c303252ea6a56f8d2253ed6eb713e2a50215c779076682b490ff0b","CAPTURED_TRANSITIONAL_OR_SUPERSEDED_NOT_LAYOUT_ACCEPTED"
"evidence/B-after-02/001-B-1440-Люди-source.png","after","TECH_MECHANIC","dark","{\"width\":1440,\"height\":844}","real-source-button","index-5DxDyUlx.js","2026-09-14T22:39:08.726Z","eabdf458a62e589a41bed2b69e78ae801ae5f406d0e6d523b6b6084c3b64a368","CAPTURED_TRANSITIONAL_OR_SUPERSEDED_NOT_LAYOUT_ACCEPTED"
"evidence/B-after-02/002-B-1440-Люди-target.png","after","TECH_MECHANIC","dark","{\"width\":1440,\"height\":844}","source-result","index-5DxDyUlx.js","2026-09-14T22:39:09.177Z","7a55133e25fda3fc260dbde324fcac1d90b584c36ec3e454ad051f6d8814ce5d","CAPTURED_TRANSITIONAL_OR_SUPERSEDED_NOT_LAYOUT_ACCEPTED"
"evidence/B-after-03/001-B-1440-Люди-source.png","after","TECH_MECHANIC","dark","{\"width\":1440,\"height\":844}","real-source-button","index-5DxDyUlx.js","2026-09-14T22:39:58.343Z","7ecae1ffe606fdee5e7b91e54a0abd267c69d91a8a411a881ac9d685bfaebae6","CAPTURED_TRANSITIONAL_OR_SUPERSEDED_NOT_LAYOUT_ACCEPTED"
"evidence/B-after-03/002-B-1440-Люди-target.png","after","TECH_MECHANIC","dark","{\"width\":1440,\"height\":844}","source-result","index-5DxDyUlx.js","2026-09-14T22:39:58.795Z","c772fd222573f4da6f6559298e09012018de20322fb387e04ee6168868216a99","CAPTURED_TRANSITIONAL_OR_SUPERSEDED_NOT_LAYOUT_ACCEPTED"
"evidence/B-after-04/001-B-1440-Люди-source.png","after","TECH_MECHANIC","dark","{\"width\":1440,\"height\":844}","real-source-button","index-5DxDyUlx.js","2026-09-14T22:40:53.440Z","8104231414352288251fc9374dd3588dc65d76b6037e149350e64fb2fdb90dd1","CAPTURED_TRANSITIONAL_OR_SUPERSEDED_NOT_LAYOUT_ACCEPTED"
"evidence/B-after-04/002-B-1440-Люди-target.png","after","TECH_MECHANIC","dark","{\"width\":1440,\"height\":844}","source-result","index-5DxDyUlx.js","2026-09-14T22:40:53.928Z","a8154d83b4bc4963425c92cad9120f6a1f192218ab2d121a0702fe6789fcd5f2","CAPTURED_TRANSITIONAL_OR_SUPERSEDED_NOT_LAYOUT_ACCEPTED"
"evidence/B-after-04/003-B-1440-Смена-source.png","after","TECH_MECHANIC","dark","{\"width\":1440,\"height\":844}","real-source-button","index-5DxDyUlx.js","2026-09-14T22:40:54.599Z","b70f8ada2858ad84124ca764ab463f832c038df79bd9eee76b2a6cd0f3c4a841","CAPTURED_TRANSITIONAL_OR_SUPERSEDED_NOT_LAYOUT_ACCEPTED"
"evidence/B-after-04/004-B-1440-Смена-target.png","after","TECH_MECHANIC","dark","{\"width\":1440,\"height\":844}","source-result","index-5DxDyUlx.js","2026-09-14T22:40:55.022Z","95ad1e7c71258ee6e8c86652ba0ea4f74ca80e1994384624e063fbfcd7362e4e","CAPTURED_TRANSITIONAL_OR_SUPERSEDED_NOT_LAYOUT_ACCEPTED"
"evidence/B-after-05/001-B-1440-Люди-source.png","after","TECH_MECHANIC","dark","{\"width\":1440,\"height\":844}","real-source-button","index-5DxDyUlx.js","2026-09-14T22:42:14.553Z","656b61dfb0a1182fbb27adadef82627b94ea6e99a02a47385fec9cc56d1689bc","CAPTURED_TRANSITIONAL_OR_SUPERSEDED_NOT_LAYOUT_ACCEPTED"
"evidence/B-after-05/002-B-1440-Люди-target.png","after","TECH_MECHANIC","dark","{\"width\":1440,\"height\":844}","source-result","index-5DxDyUlx.js","2026-09-14T22:42:15.040Z","c06fca9911eb8046fbc536329e59165de6c7c12a313368a93cc5fad60762bd82","CAPTURED_TRANSITIONAL_OR_SUPERSEDED_NOT_LAYOUT_ACCEPTED"
"evidence/B-after-05/003-B-1440-Смена-source.png","after","TECH_MECHANIC","dark","{\"width\":1440,\"height\":844}","real-source-button","index-5DxDyUlx.js","2026-09-14T22:42:15.734Z","bf672167656fabc02ea171c5c678a604e8622d871c938e1ba7e7c3deb226c995","CAPTURED_TRANSITIONAL_OR_SUPERSEDED_NOT_LAYOUT_ACCEPTED"
"evidence/B-after-05/004-B-1440-Смена-target.png","after","TECH_MECHANIC","dark","{\"width\":1440,\"height\":844}","source-result","index-5DxDyUlx.js","2026-09-14T22:42:16.104Z","b8a3ad5c88550bcc0778117d68585c81468f829405d01c49a7100a51159eaeca","CAPTURED_TRANSITIONAL_OR_SUPERSEDED_NOT_LAYOUT_ACCEPTED"
"evidence/B-after-05/005-B-1440-Линии-source.png","after","TECH_MECHANIC","dark","{\"width\":1440,\"height\":844}","real-source-button","index-5DxDyUlx.js","2026-09-14T22:42:16.796Z","e5b4718b59896be87474b46010509726592a8f3a263798a14766ee5817347b89","CAPTURED_TRANSITIONAL_OR_SUPERSEDED_NOT_LAYOUT_ACCEPTED"
"evidence/B-after-05/006-B-1440-Линии-target.png","after","TECH_MECHANIC","dark","{\"width\":1440,\"height\":844}","source-result","index-5DxDyUlx.js","2026-09-14T22:42:17.104Z","dfc76babac16e74fbbd2b8d72534fdf46d41415c7f918392039856331b58b972","CAPTURED_TRANSITIONAL_OR_SUPERSEDED_NOT_LAYOUT_ACCEPTED"
"evidence/B-after-05/007-B-390-Люди-source.png","after","TECH_MECHANIC","dark","{\"width\":390,\"height\":844}","real-source-button","index-5DxDyUlx.js","2026-09-14T22:42:17.958Z","f001644a37236f403d1d0a3c23ac9f6bc308e6ad1a253974acae240ecf9ac175","CAPTURED_TRANSITIONAL_OR_SUPERSEDED_NOT_LAYOUT_ACCEPTED"
"evidence/B-after-05/008-B-390-Люди-target.png","after","TECH_MECHANIC","dark","{\"width\":390,\"height\":844}","source-result","index-5DxDyUlx.js","2026-09-14T22:42:18.323Z","ffbe65f26b63b06181f8a6bb3868db5eefffbe269d72e0c2ce063714126774b1","REVIEWED_TRANSITIONAL_SUPERSEDED: entrance animation; use E-stable-evidence-01"
"evidence/B-after-05/009-B-390-Смена-source.png","after","TECH_MECHANIC","dark","{\"width\":390,\"height\":844}","real-source-button","index-5DxDyUlx.js","2026-09-14T22:42:18.950Z","7f2c79dc0c81cbf5c6d88baa1f09387b8e528b6ac2a610d9bd7a775f9a964d2e","CAPTURED_TRANSITIONAL_OR_SUPERSEDED_NOT_LAYOUT_ACCEPTED"
"evidence/B-after-05/010-B-390-Смена-target.png","after","TECH_MECHANIC","dark","{\"width\":390,\"height\":844}","source-result","index-5DxDyUlx.js","2026-09-14T22:42:19.369Z","2cddaa056b267e7b3148b09c4ae248bbc092d6feac4faab39b6b716fcd69906b","CAPTURED_TRANSITIONAL_OR_SUPERSEDED_NOT_LAYOUT_ACCEPTED"
"evidence/B-after-05/011-B-390-Линии-source.png","after","TECH_MECHANIC","dark","{\"width\":390,\"height\":844}","real-source-button","index-5DxDyUlx.js","2026-09-14T22:42:19.996Z","3120db2615f5ff6503fa52b437388378e02b97309d2baf38eb543355c0a2d640","CAPTURED_TRANSITIONAL_OR_SUPERSEDED_NOT_LAYOUT_ACCEPTED"
"evidence/B-after-05/012-B-390-Линии-target.png","after","TECH_MECHANIC","dark","{\"width\":390,\"height\":844}","source-result","index-5DxDyUlx.js","2026-09-14T22:42:20.305Z","5547fe2e3cec073baa676860588e4da3baac1aa314f348114f9d2ace6c5553cb","CAPTURED_TRANSITIONAL_OR_SUPERSEDED_NOT_LAYOUT_ACCEPTED"
"evidence/B-after-05/013-B-360-Люди-source.png","after","TECH_MECHANIC","dark","{\"width\":360,\"height\":844}","real-source-button","index-5DxDyUlx.js","2026-09-14T22:42:21.114Z","b08233495e0afdbc742f899296ab8e07f3a71e3e02a3173341500d514c5e2f7e","CAPTURED_TRANSITIONAL_OR_SUPERSEDED_NOT_LAYOUT_ACCEPTED"
"evidence/B-after-05/014-B-360-Люди-target.png","after","TECH_MECHANIC","dark","{\"width\":360,\"height\":844}","source-result","index-5DxDyUlx.js","2026-09-14T22:42:21.477Z","a006c2dae9785ea12c96d74b019f8d82d4a994de9701939450b779a821bee62d","CAPTURED_TRANSITIONAL_OR_SUPERSEDED_NOT_LAYOUT_ACCEPTED"
"evidence/B-after-05/015-B-360-Смена-source.png","after","TECH_MECHANIC","dark","{\"width\":360,\"height\":844}","real-source-button","index-5DxDyUlx.js","2026-09-14T22:42:22.100Z","f305e69fe6ef5c1edbc3df561368706d3f1ad1de07a204e11ee9a9e819530058","CAPTURED_TRANSITIONAL_OR_SUPERSEDED_NOT_LAYOUT_ACCEPTED"
"evidence/B-after-05/016-B-360-Смена-target.png","after","TECH_MECHANIC","dark","{\"width\":360,\"height\":844}","source-result","index-5DxDyUlx.js","2026-09-14T22:42:22.500Z","0277eaf870dfc5243bc12af25a7f81395ae67419f80fe3fc99e31a0d5a871057","CAPTURED_TRANSITIONAL_OR_SUPERSEDED_NOT_LAYOUT_ACCEPTED"
"evidence/B-after-05/017-B-360-Линии-source.png","after","TECH_MECHANIC","dark","{\"width\":360,\"height\":844}","real-source-button","index-5DxDyUlx.js","2026-09-14T22:42:23.236Z","866666702869299b7320b025dcbfcd5b9102f7997f4f4e854017ed2338a6b8f5","CAPTURED_TRANSITIONAL_OR_SUPERSEDED_NOT_LAYOUT_ACCEPTED"
"evidence/B-after-05/018-B-360-Линии-target.png","after","TECH_MECHANIC","dark","{\"width\":360,\"height\":844}","source-result","index-5DxDyUlx.js","2026-09-14T22:42:23.541Z","3159a016e9fc95de1e4a77f35812803bceccd69b58ff60c3098e313e8d7d7513","CAPTURED_TRANSITIONAL_OR_SUPERSEDED_NOT_LAYOUT_ACCEPTED"
"evidence/B-after-05/019-B-430-Люди-source.png","after","TECH_MECHANIC","dark","{\"width\":430,\"height\":844}","real-source-button","index-5DxDyUlx.js","2026-09-14T22:42:24.336Z","fcb57ffeabd435f44edde2cd40ea1f7279b198a0d70e094f7396d62c8ffd8c86","CAPTURED_TRANSITIONAL_OR_SUPERSEDED_NOT_LAYOUT_ACCEPTED"
"evidence/B-after-05/020-B-430-Люди-target.png","after","TECH_MECHANIC","dark","{\"width\":430,\"height\":844}","source-result","index-5DxDyUlx.js","2026-09-14T22:42:24.641Z","67659a4213d29ceef91e76df8b8e914c2ede4f9ba3b566f20ec48665994efb02","CAPTURED_TRANSITIONAL_OR_SUPERSEDED_NOT_LAYOUT_ACCEPTED"
"evidence/B-after-05/021-B-430-Смена-source.png","after","TECH_MECHANIC","dark","{\"width\":430,\"height\":844}","real-source-button","index-5DxDyUlx.js","2026-09-14T22:42:25.262Z","21232decbfeb880f21b95126d178db0ccab1c8483009742b9caf2ff7647cdb15","CAPTURED_TRANSITIONAL_OR_SUPERSEDED_NOT_LAYOUT_ACCEPTED"
"evidence/B-after-05/022-B-430-Смена-target.png","after","TECH_MECHANIC","dark","{\"width\":430,\"height\":844}","source-result","index-5DxDyUlx.js","2026-09-14T22:42:25.679Z","7e7037fb1faba39cf21d60fe14808ce96f3ac200f5e4626a13c1db84221bc2ee","CAPTURED_TRANSITIONAL_OR_SUPERSEDED_NOT_LAYOUT_ACCEPTED"
"evidence/B-after-05/023-B-430-Линии-source.png","after","TECH_MECHANIC","dark","{\"width\":430,\"height\":844}","real-source-button","index-5DxDyUlx.js","2026-09-14T22:42:26.269Z","7e56c708e8f956a3645566a090214e616a35dcb6b8f26dbbaad31b6efe1ebade","CAPTURED_TRANSITIONAL_OR_SUPERSEDED_NOT_LAYOUT_ACCEPTED"
"evidence/B-after-05/024-B-430-Линии-target.png","after","TECH_MECHANIC","dark","{\"width\":430,\"height\":844}","source-result","index-5DxDyUlx.js","2026-09-14T22:42:26.553Z","c59c3f83182e253d1c74347815061a84b75a2a7af60d8daed612d7a3fb227e4a","CAPTURED_TRANSITIONAL_OR_SUPERSEDED_NOT_LAYOUT_ACCEPTED"
"evidence/B-before-02/001-B-1440-Люди-source.png","before","ADMIN","dark","{\"width\":1440,\"height\":844}","real-source-button","index--GltSaMt.js","2026-09-14T22:34:00.378Z","bfac7002f63289b28386b42954f3a4cc73d67aa1705aca6d6d99cd460b0cd54f","CAPTURED_NOT_DIRECTLY_REVIEWED"
"evidence/B-before-02/002-B-1440-Люди-target.png","before","ADMIN","dark","{\"width\":1440,\"height\":844}","source-result","index--GltSaMt.js","2026-09-14T22:34:00.781Z","34fe573e5a5951f975bf6238acc51e2ffcec64571dc64b13d485ee0f27db1c6d","CAPTURED_NOT_DIRECTLY_REVIEWED"
"evidence/B-negative-01/001-B-delayed-loading.png","after","ADMIN","dark","{\"width\":390,\"height\":844}","pending-board-no-premature-detail","index-5DxDyUlx.js","2026-09-14T22:43:22.818Z","c1b35d9cf2f5af6f40dcb8b343bfbd9e3e5eceb7382e756f683e62f2032868b6","CAPTURED_NOT_DIRECTLY_REVIEWED"
"evidence/B-negative-01/002-B-missing-fallback.png","after","ADMIN","dark","{\"width\":390,\"height\":844}","not-in-authorized-board","index-5DxDyUlx.js","2026-09-14T22:43:24.096Z","7fe6d25bee7b381ea7401ae32e3255ce9fcd3f2d2609f70158642188fa55c9df","CAPTURED_NOT_DIRECTLY_REVIEWED"
"evidence/C-after-01/001-C-1440-before-open.png","after","ADMIN","dark","{\"width\":1440,\"height\":844}","unread-internal","index-C21PqUmH.js","2026-09-14T22:45:55.686Z","bf2aa3d4a66541bb1c22854d35bb5fa215a60abcfe7949105045a8b80368f93b","CAPTURED_TRANSITIONAL_OR_SUPERSEDED_NOT_LAYOUT_ACCEPTED"
"evidence/C-after-01/002-C-1440-returned.png","after","ADMIN","dark","{\"width\":1440,\"height\":844}","back-to-feed","index-C21PqUmH.js","2026-09-14T22:45:56.128Z","084fc23baec684e26f1d3f5c4c6e7c0f9208d92e38d80c9491f19a041ea0ceac","CAPTURED_TRANSITIONAL_OR_SUPERSEDED_NOT_LAYOUT_ACCEPTED"
"evidence/C-after-01/003-C-390-before-open.png","after","ADMIN","dark","{\"width\":390,\"height\":844}","unread-internal","index-C21PqUmH.js","2026-09-14T22:45:56.763Z","ae383d3c9540d8e95eb61ce5e24fa415fdb3d681e4b08e26616764849a83bd8b","CAPTURED_TRANSITIONAL_OR_SUPERSEDED_NOT_LAYOUT_ACCEPTED"
"evidence/C-after-01/004-C-390-returned.png","after","ADMIN","dark","{\"width\":390,\"height\":844}","back-to-feed","index-C21PqUmH.js","2026-09-14T22:45:57.158Z","7c5966847f0bc563c25d4573867116d7e7d19ad35a1ff78217e6f39a15a55735","REVIEWED_TRANSITIONAL_SUPERSEDED: panel entrance animation; use stable replacement"
"evidence/C-after-01/005-C-360-before-open.png","after","ADMIN","dark","{\"width\":360,\"height\":844}","unread-internal","index-C21PqUmH.js","2026-09-14T22:45:57.561Z","3ea007183082f68e86755640011edc5a903dd5e13f5518b184fe9e2962331bec","CAPTURED_TRANSITIONAL_OR_SUPERSEDED_NOT_LAYOUT_ACCEPTED"
"evidence/C-after-01/006-C-360-returned.png","after","ADMIN","dark","{\"width\":360,\"height\":844}","back-to-feed","index-C21PqUmH.js","2026-09-14T22:45:57.951Z","ff6c3d0469e021f3c607feda61f440fa2d49dff8bd56def98ce18ad3be4b12de","CAPTURED_TRANSITIONAL_OR_SUPERSEDED_NOT_LAYOUT_ACCEPTED"
"evidence/C-after-01/007-C-430-before-open.png","after","ADMIN","dark","{\"width\":430,\"height\":844}","unread-internal","index-C21PqUmH.js","2026-09-14T22:45:58.313Z","f2aabef74c6189f7f56b9f3e0df228946791c5945cc5f8c9524256bf6c3f0070","CAPTURED_TRANSITIONAL_OR_SUPERSEDED_NOT_LAYOUT_ACCEPTED"
"evidence/C-after-01/008-C-430-returned.png","after","ADMIN","dark","{\"width\":430,\"height\":844}","back-to-feed","index-C21PqUmH.js","2026-09-14T22:45:58.736Z","f5534ab5b3ca57f9b965c14e727bd70c675a09a7e53959795604d3efbe276f26","CAPTURED_TRANSITIONAL_OR_SUPERSEDED_NOT_LAYOUT_ACCEPTED"
"evidence/C-before-01/001-C-1440-before-open.png","before","ADMIN","dark","{\"width\":1440,\"height\":844}","unread-internal","index-5DxDyUlx.js","2026-09-14T22:44:49.306Z","8ebda669cde5c16683abe81abab44dbcb2e301a7cdc2b0bd5d95513e6f571b9b","CAPTURED_NOT_DIRECTLY_REVIEWED"
"evidence/C-before-01/002-C-1440-returned.png","before","ADMIN","dark","{\"width\":1440,\"height\":844}","back-to-feed","index-5DxDyUlx.js","2026-09-14T22:44:49.738Z","39e0b0093771f21e66eff3041da1fca720b93dc36c4505b6ae6fe3a7f869b906","CAPTURED_NOT_DIRECTLY_REVIEWED"
"evidence/C-before-01/003-C-390-before-open.png","before","ADMIN","dark","{\"width\":390,\"height\":844}","unread-internal","index-5DxDyUlx.js","2026-09-14T22:44:50.337Z","5b2a2793905c0167801130f2922c56c7ed981334c0852df71e1e12b2291ca850","CAPTURED_NOT_DIRECTLY_REVIEWED"
"evidence/C-before-01/004-C-390-returned.png","before","ADMIN","dark","{\"width\":390,\"height\":844}","back-to-feed","index-5DxDyUlx.js","2026-09-14T22:44:50.714Z","e9fa23b7ccc2fa2173eae1b6070013c351c2a916f529b6ee6d2da2b87ee8972e","CAPTURED_NOT_DIRECTLY_REVIEWED"
"evidence/C-before-01/005-C-360-before-open.png","before","ADMIN","dark","{\"width\":360,\"height\":844}","unread-internal","index-5DxDyUlx.js","2026-09-14T22:44:51.129Z","8c19a04c6f533f6f3e29467ef81bb2ffbc3cdf20551aed5b00440d390fe1d41e","CAPTURED_NOT_DIRECTLY_REVIEWED"
"evidence/C-before-01/006-C-360-returned.png","before","ADMIN","dark","{\"width\":360,\"height\":844}","back-to-feed","index-5DxDyUlx.js","2026-09-14T22:44:51.478Z","61a0716bc0dfe28bca7508c3428ef6dc2b41d4f0936e1193827c3615b6d12ee6","CAPTURED_NOT_DIRECTLY_REVIEWED"
"evidence/C-before-01/007-C-430-before-open.png","before","ADMIN","dark","{\"width\":430,\"height\":844}","unread-internal","index-5DxDyUlx.js","2026-09-14T22:44:51.841Z","662168db01a669771ce36adfec3df7f4200aa0f87bb2cf7b6ad15dfc7b6230c5","CAPTURED_NOT_DIRECTLY_REVIEWED"
"evidence/C-before-01/008-C-430-returned.png","before","ADMIN","dark","{\"width\":430,\"height\":844}","back-to-feed","index-5DxDyUlx.js","2026-09-14T22:44:52.321Z","50acc6cddedf570229979831da2360e0ab00bc02936b5a3a8c584b60ee974247","CAPTURED_NOT_DIRECTLY_REVIEWED"
"evidence/C-contracts-02/001-C-error-no-false-read.png","after","ADMIN","dark","{\"width\":390,\"height\":844}","POST503-stays-unread","index-C21PqUmH.js","2026-09-14T22:48:01.640Z","50755ad3e145caeb979f5b26238419a19e17c0930db60b37df7aba38ce898fbf","CAPTURED_NOT_DIRECTLY_REVIEWED"
"evidence/C-contracts-02/002-C-foreign-denied.png","after","ADMIN","dark","{\"width\":390,\"height\":844}","intercepted403-no-foreign-tasks","index-C21PqUmH.js","2026-09-14T22:48:03.015Z","0f18e3c263f2440f412e4bc102a1c4e05d66991cc55dc4e2ba500d35173f61d4","CAPTURED_NOT_DIRECTLY_REVIEWED"
"evidence/C-contracts-03/001-C-error-no-false-read.png","after","ADMIN","dark","{\"width\":390,\"height\":844}","POST503-stays-unread","index-7WW6V7iY.js","2026-09-14T23:00:43.698Z","f910535bf2e6e6b6979eb39635370141a9bca65c6a7a6010d93de85d79fb6081","REVIEWED_UNREAD_STATE: unread remains; error label is above viewport and asserted separately"
"evidence/C-contracts-03/002-C-foreign-denied.png","after","ADMIN","dark","{\"width\":390,\"height\":844}","intercepted403-no-foreign-tasks","index-7WW6V7iY.js","2026-09-14T23:00:44.736Z","63c04d157c4869e81eb1a92bd529406c25f784a704860780b42ce338c1e078cc","CAPTURED_NOT_DIRECTLY_REVIEWED"
"evidence/D-after-01/002-D-1440-untouched-arrival-0.png","after","ADMIN","dark","{\"width\":1440,\"height\":844}","untouched-after-async","index-9alf7tws.js","2026-09-14T22:50:24.193Z","3c4a99914d3aa7122673cc4e0738a8eadbaf530f6e9c55ab57fb574627d873dd","CAPTURED_TRANSITIONAL_OR_SUPERSEDED_NOT_LAYOUT_ACCEPTED"
"evidence/D-after-01/006-D-390-untouched-arrival-3.png","after","ADMIN","dark","{\"width\":390,\"height\":844}","untouched-after-async","index-9alf7tws.js","2026-09-14T22:50:27.854Z","f17e5c3fc38453868ee1a42ab029b41f3b2dfb4a1c4fb5159c6bc4b47c15e7dc","REVIEWED_TRANSITIONAL_SUPERSEDED: use E-stable-D-02"
"evidence/D-after-01/010-D-360-untouched-arrival-6.png","after","ADMIN","dark","{\"width\":360,\"height\":844}","untouched-after-async","index-9alf7tws.js","2026-09-14T22:50:31.497Z","23a33f735a06689ada5adc00816c702ba5e0678bdd13d5f0206c9ccdc58a1c87","CAPTURED_TRANSITIONAL_OR_SUPERSEDED_NOT_LAYOUT_ACCEPTED"
"evidence/D-after-01/012-D-430-untouched-arrival-7.png","after","ADMIN","dark","{\"width\":430,\"height\":844}","untouched-after-async","index-9alf7tws.js","2026-09-14T22:50:32.792Z","af059fb368b34817ac4a7b06c7f340dae1f77cde403ec60a380d2bfe3e212e82","CAPTURED_TRANSITIONAL_OR_SUPERSEDED_NOT_LAYOUT_ACCEPTED"
"evidence/D-before-01/002-D-1440-untouched-arrival-0.png","before","ADMIN","dark","{\"width\":1440,\"height\":844}","untouched-after-async","index-C21PqUmH.js","2026-09-14T22:49:14.046Z","73db5da4a27da47f1fd43213dfa5b6ea9712bb88a7bf357b7d1788b431b4edf2","CAPTURED_TRANSITIONAL_OR_SUPERSEDED_NOT_LAYOUT_ACCEPTED"
"evidence/D-before-01/003-D-1440-false-dirty-0.png","before","ADMIN","dark","{\"width\":1440,\"height\":844}","FALSE_DIRTY_REPRODUCED","index-C21PqUmH.js","2026-09-14T22:49:14.243Z","8234f7c7bd39284b38f0cbc5a5649ed4c93884dbec1eb9d2a1edae798de893ca","REVIEWED_TRANSITIONAL_REPRODUCTION_ONLY: false-discard outcome, not stable contrast proof"
"evidence/D-before-01/005-D-390-untouched-arrival-1.png","before","ADMIN","dark","{\"width\":390,\"height\":844}","untouched-after-async","index-C21PqUmH.js","2026-09-14T22:49:15.482Z","e2cb63a9b8dcfa2d4cb58572e1387533f88d5a664919a0ef6b0500bf1cc73791","CAPTURED_TRANSITIONAL_OR_SUPERSEDED_NOT_LAYOUT_ACCEPTED"
"evidence/D-before-01/006-D-390-false-dirty-1.png","before","ADMIN","dark","{\"width\":390,\"height\":844}","FALSE_DIRTY_REPRODUCED","index-C21PqUmH.js","2026-09-14T22:49:15.623Z","fb26945a443f0fff46892e3ff7a4fb19daa4dd870bfc1cb679b4436c5918fc15","CAPTURED_TRANSITIONAL_OR_SUPERSEDED_NOT_LAYOUT_ACCEPTED"
"evidence/D-nested-01/001-D-1440-nested-checkbox-preserved.png","after","ADMIN","dark","{\"width\":1440,\"height\":844}","real-People-consumer-stay","index-9alf7tws.js","2026-09-14T22:51:28.366Z","59b8b25b1d1f89b3936c0ff8195ce6eb650622920aa03c4182d4e01be593f14e","CAPTURED_NOT_DIRECTLY_REVIEWED"
"evidence/D-nested-01/002-D-390-nested-checkbox-preserved.png","after","ADMIN","dark","{\"width\":390,\"height\":844}","real-People-consumer-stay","index-9alf7tws.js","2026-09-14T22:51:30.416Z","c3902575ee1f0244141850b51b0dbe560a99682314f8366d27715b4a609b7add","REVIEWED_SCOPE_OK: real nested number/checkbox form; unchecked draft preserved"
"evidence/E-context-01/001-E-factory-no-stale-task.png","after","ADMIN","dark","{\"width\":1440,\"height\":720}","old-board-arrived-after-context-change","index-9alf7tws.js","2026-09-14T22:53:08.396Z","3bb2a370d4d71c5dbd9acbecd22c5ae41cb282228966a6287119a24ef4d801d5","CAPTURED_NOT_DIRECTLY_REVIEWED"
"evidence/E-context-01/003-E-browser-adapter-return.png","after","ADMIN","dark","{\"width\":1280,\"height\":720}","actual-product-callback-isolated-delivery","index-9alf7tws.js","2026-09-14T22:53:10.326Z","382ddd3aa6b3a019cb56c982d5151c900e4dee4f33d649e6245ebeb56ac0ec7b","CAPTURED_NOT_DIRECTLY_REVIEWED"
"evidence/E-filters-01/001-E-1440-source-filters-restored.png","after","ADMIN","dark","{\"width\":1440,\"height\":844}","non-default-return","index-7WW6V7iY.js","2026-09-14T22:59:45.109Z","850ac6581a07b3fc8fa92181553377a88c8596e65275b079acfb43b7417d78fe","CAPTURED_NOT_DIRECTLY_REVIEWED"
"evidence/E-filters-01/002-E-390-source-filters-restored.png","after","ADMIN","dark","{\"width\":390,\"height\":844}","non-default-return","index-7WW6V7iY.js","2026-09-14T22:59:47.117Z","719ef8031dd679367abcc5904e47bd4213a7d4bf0db2087511389581d7dbfae2","CAPTURED_NOT_DIRECTLY_REVIEWED"
"evidence/E-long-01/002-E-long-dark-1440.png","after","ADMIN","dark","{\"width\":1440,\"height\":720}","ordinary-scroll-last-control","[\"/assets/index-CFsF6wa3.js\"]","2026-09-14T23:02:34.060Z","19acdc8a4505b9737ec3d49ab2886ee8da62815b1c1ec1163f050086fb0dde6c","CAPTURED_NOT_DIRECTLY_REVIEWED"
"evidence/E-long-01/004-E-long-dark-360.png","after","ADMIN","dark","{\"width\":360,\"height\":640}","ordinary-scroll-last-control","[\"/assets/index-CFsF6wa3.js\"]","2026-09-14T23:02:34.404Z","87119ecb0092a356e064aaf8db0d449488365563196c1a473e661cd3c59eb977","CAPTURED_NOT_DIRECTLY_REVIEWED"
"evidence/E-long-01/008-E-long-gray-1440.png","after","ADMIN","gray","{\"width\":1440,\"height\":720}","ordinary-scroll-last-control","[\"/assets/index-CFsF6wa3.js\"]","2026-09-14T23:02:35.501Z","366fa0fea3010d26d6f02851b57c2027b82c12a0d9aede132f7b5e9e942d0172","CAPTURED_NOT_DIRECTLY_REVIEWED"
"evidence/E-long-01/010-E-long-gray-360.png","after","ADMIN","gray","{\"width\":360,\"height\":640}","ordinary-scroll-last-control","[\"/assets/index-CFsF6wa3.js\"]","2026-09-14T23:02:35.815Z","89dad8e72fe2833b183f11c656e83df15b4f29b51368461aef956337c309251d","CAPTURED_NOT_DIRECTLY_REVIEWED"
"evidence/E-long-01/014-E-long-light-1440.png","after","ADMIN","light","{\"width\":1440,\"height\":720}","ordinary-scroll-last-control","[\"/assets/index-CFsF6wa3.js\"]","2026-09-14T23:02:36.754Z","e07064a983cca81b95bac9b0485a67bbbf1998a6d0d3b3a42e7e65e9d86a002b","CAPTURED_NOT_DIRECTLY_REVIEWED"
"evidence/E-long-01/016-E-long-light-360.png","after","ADMIN","light","{\"width\":360,\"height\":640}","ordinary-scroll-last-control","[\"/assets/index-CFsF6wa3.js\"]","2026-09-14T23:02:37.069Z","c45a91e5835d638af84a3ba3d4fad58a5303668b54966391af52a8a1f764bdc7","REVIEWED_SCOPE_OK: last action fully above nav, whole target visible"
"evidence/E-stable-D-02/002-D-1440-untouched-arrival-0.png","after","ADMIN","dark","{\"width\":1440,\"height\":844}","untouched-after-async","[\"/assets/index-CFsF6wa3.js\"]","2026-09-14T23:12:57.319Z","6a9a3e17febb8d553a2e4267efd8ecf5b952f157d9e732b52fc70265f21ba1c5","CAPTURED_NOT_DIRECTLY_REVIEWED"
"evidence/E-stable-D-02/006-D-390-untouched-arrival-3.png","after","ADMIN","dark","{\"width\":390,\"height\":844}","untouched-after-async","[\"/assets/index-CFsF6wa3.js\"]","2026-09-14T23:13:01.378Z","2bb1726472fed0bcae72631f46a84e69339d72a19ec004835c007b56695d200d","REVIEWED_SCOPE_OK: stable untouched form after late default; no guard on logical Back proven by test"
"evidence/E-stable-D-02/010-D-360-untouched-arrival-6.png","after","ADMIN","dark","{\"width\":360,\"height\":844}","untouched-after-async","[\"/assets/index-CFsF6wa3.js\"]","2026-09-14T23:13:05.260Z","6a62dde6b871b6a193f1de38eb3857f164ee62a866e4950c515ce0cba1040873","CAPTURED_NOT_DIRECTLY_REVIEWED"
"evidence/E-stable-D-02/012-D-430-untouched-arrival-7.png","after","ADMIN","dark","{\"width\":430,\"height\":844}","untouched-after-async","[\"/assets/index-CFsF6wa3.js\"]","2026-09-14T23:13:06.623Z","286e7a62787ff5739eca57d665a33f594c7b8e0dbcbbc62ed1d4d79f39ca1fbb","CAPTURED_NOT_DIRECTLY_REVIEWED"
"evidence/E-stable-evidence-01/001-B-1440-Люди-source.png","after","TECH_MECHANIC","dark","{\"width\":1440,\"height\":844}","real-source-button","[\"/assets/index-CFsF6wa3.js\"]","2026-09-14T23:06:18.514Z","b956803d7e74c5385241bde5cd1018349dfbaadd5ca9b45099f6f127db2a63ae","CAPTURED_NOT_DIRECTLY_REVIEWED"
"evidence/E-stable-evidence-01/002-B-1440-Люди-target.png","after","TECH_MECHANIC","dark","{\"width\":1440,\"height\":844}","source-result","[\"/assets/index-CFsF6wa3.js\"]","2026-09-14T23:06:19.025Z","32848be54c2295070ab4e8cae915e7518b661a1a6adb6c2cdc1184eb48043b30","REVIEWED_SCOPE_OK: exact task desktop detail"
"evidence/E-stable-evidence-01/003-B-1440-Смена-source.png","after","TECH_MECHANIC","dark","{\"width\":1440,\"height\":844}","real-source-button","[\"/assets/index-CFsF6wa3.js\"]","2026-09-14T23:06:19.981Z","1443bd198efaa8935193d6343375c231291ed81cf7a59eec68b7f4e0c400c9a1","CAPTURED_NOT_DIRECTLY_REVIEWED"
"evidence/E-stable-evidence-01/004-B-1440-Смена-target.png","after","TECH_MECHANIC","dark","{\"width\":1440,\"height\":844}","source-result","[\"/assets/index-CFsF6wa3.js\"]","2026-09-14T23:06:20.409Z","890065e7dda9837be1f099526c560703b91175629732c35797e66846db749cb2","CAPTURED_NOT_DIRECTLY_REVIEWED"
"evidence/E-stable-evidence-01/005-B-1440-Линии-source.png","after","TECH_MECHANIC","dark","{\"width\":1440,\"height\":844}","real-source-button","[\"/assets/index-CFsF6wa3.js\"]","2026-09-14T23:06:21.280Z","cfdfe50bbc1a021ff08ef100790f9d0690aff48f2d33c381869fd8bee485e6cc","CAPTURED_NOT_DIRECTLY_REVIEWED"
"evidence/E-stable-evidence-01/006-B-1440-Линии-target.png","after","TECH_MECHANIC","dark","{\"width\":1440,\"height\":844}","source-result","[\"/assets/index-CFsF6wa3.js\"]","2026-09-14T23:06:21.699Z","8ae9003a22e682a2d2c3acb71fb5067ab796ac19f236dfcca7e15d017f7b642f","CAPTURED_NOT_DIRECTLY_REVIEWED"
"evidence/E-stable-evidence-01/007-B-390-Люди-source.png","after","TECH_MECHANIC","dark","{\"width\":390,\"height\":844}","real-source-button","[\"/assets/index-CFsF6wa3.js\"]","2026-09-14T23:06:22.724Z","778d2477f5bb2566fc520003c1ed320885f0bb61e66abfe717e8b949bf606d4c","CAPTURED_NOT_DIRECTLY_REVIEWED"
"evidence/E-stable-evidence-01/008-B-390-Люди-target.png","after","TECH_MECHANIC","dark","{\"width\":390,\"height\":844}","source-result","[\"/assets/index-CFsF6wa3.js\"]","2026-09-14T23:06:23.154Z","5ecc62f3f4b2230c4d6fc2fdeed50a219212f594eeb48d8401f0b893bd974a3c","REVIEWED_SCOPE_OK: exact task detail and actions, stable native frame"
"evidence/E-stable-evidence-01/009-B-390-Смена-source.png","after","TECH_MECHANIC","dark","{\"width\":390,\"height\":844}","real-source-button","[\"/assets/index-CFsF6wa3.js\"]","2026-09-14T23:06:24.023Z","0854cd5412337072791982d8a3c5a01fcd3aaf16b412fec9b038e184fd4a36c6","CAPTURED_NOT_DIRECTLY_REVIEWED"
"evidence/E-stable-evidence-01/010-B-390-Смена-target.png","after","TECH_MECHANIC","dark","{\"width\":390,\"height\":844}","source-result","[\"/assets/index-CFsF6wa3.js\"]","2026-09-14T23:06:24.406Z","0bfd92c59dd21a1d232cdb5d46d3291086c00206ab2e63acdb4ce55e4a6c9f08","CAPTURED_NOT_DIRECTLY_REVIEWED"
"evidence/E-stable-evidence-01/011-B-390-Линии-source.png","after","TECH_MECHANIC","dark","{\"width\":390,\"height\":844}","real-source-button","[\"/assets/index-CFsF6wa3.js\"]","2026-09-14T23:06:25.212Z","9cfdff4953778ad8c99b47c1ecec7374ec52133f71aeac471c66541ae324e0c7","CAPTURED_NOT_DIRECTLY_REVIEWED"
"evidence/E-stable-evidence-01/012-B-390-Линии-target.png","after","TECH_MECHANIC","dark","{\"width\":390,\"height\":844}","source-result","[\"/assets/index-CFsF6wa3.js\"]","2026-09-14T23:06:25.582Z","dd93328f1e086a462be2ab6f89b55a28b0a084e0523cc1ad1a5b0c11952cd140","CAPTURED_NOT_DIRECTLY_REVIEWED"
"evidence/E-stable-evidence-01/013-B-360-Люди-source.png","after","TECH_MECHANIC","dark","{\"width\":360,\"height\":844}","real-source-button","[\"/assets/index-CFsF6wa3.js\"]","2026-09-14T23:06:26.464Z","714d87fa79c191a44b9b4cc46ce00171d73e09f78bf2495c6d11681f6294e788","CAPTURED_NOT_DIRECTLY_REVIEWED"
"evidence/E-stable-evidence-01/014-B-360-Люди-target.png","after","TECH_MECHANIC","dark","{\"width\":360,\"height\":844}","source-result","[\"/assets/index-CFsF6wa3.js\"]","2026-09-14T23:06:26.839Z","0a3e6d405421130a4c0ba97208f7271a78aea7844e9b1f083a3329b23f243fb9","CAPTURED_NOT_DIRECTLY_REVIEWED"
"evidence/E-stable-evidence-01/015-B-360-Смена-source.png","after","TECH_MECHANIC","dark","{\"width\":360,\"height\":844}","real-source-button","[\"/assets/index-CFsF6wa3.js\"]","2026-09-14T23:06:27.714Z","9edd5192e0367b6c31c4bf13563c7c08f794add36a8d940f65c56df945930384","CAPTURED_NOT_DIRECTLY_REVIEWED"
"evidence/E-stable-evidence-01/016-B-360-Смена-target.png","after","TECH_MECHANIC","dark","{\"width\":360,\"height\":844}","source-result","[\"/assets/index-CFsF6wa3.js\"]","2026-09-14T23:06:28.102Z","d12d8a5dee7e3647104a5406487288af2b618cd60af185ac0fd4c401375b4f33","CAPTURED_NOT_DIRECTLY_REVIEWED"
"evidence/E-stable-evidence-01/017-B-360-Линии-source.png","after","TECH_MECHANIC","dark","{\"width\":360,\"height\":844}","real-source-button","[\"/assets/index-CFsF6wa3.js\"]","2026-09-14T23:06:28.887Z","12aa2130fc6080ce4fe710f2ecb4c932241f4b428cf80d246d5bf3342699ea92","CAPTURED_NOT_DIRECTLY_REVIEWED"
"evidence/E-stable-evidence-01/018-B-360-Линии-target.png","after","TECH_MECHANIC","dark","{\"width\":360,\"height\":844}","source-result","[\"/assets/index-CFsF6wa3.js\"]","2026-09-14T23:06:29.260Z","d12d8a5dee7e3647104a5406487288af2b618cd60af185ac0fd4c401375b4f33","REVIEWED_SCOPE_OK: exact task narrow detail"
"evidence/E-stable-evidence-01/019-B-430-Люди-source.png","after","TECH_MECHANIC","dark","{\"width\":430,\"height\":844}","real-source-button","[\"/assets/index-CFsF6wa3.js\"]","2026-09-14T23:06:30.257Z","b89f98c5b1982f8fa79fe75d9d3c2508b1f30179900f553de2c1f1ce7d58ffbc","CAPTURED_NOT_DIRECTLY_REVIEWED"
"evidence/E-stable-evidence-01/020-B-430-Люди-target.png","after","TECH_MECHANIC","dark","{\"width\":430,\"height\":844}","source-result","[\"/assets/index-CFsF6wa3.js\"]","2026-09-14T23:06:30.637Z","473a6ef81b52393e6991e959265fb46c3e8a8fa650c204875a4843c2a959a24d","CAPTURED_NOT_DIRECTLY_REVIEWED"
"evidence/E-stable-evidence-01/021-B-430-Смена-source.png","after","TECH_MECHANIC","dark","{\"width\":430,\"height\":844}","real-source-button","[\"/assets/index-CFsF6wa3.js\"]","2026-09-14T23:06:31.469Z","bd6ab82ab4107af228d519a0609393230671c2e8181d3ac904a874cbc172f5a8","CAPTURED_NOT_DIRECTLY_REVIEWED"
"evidence/E-stable-evidence-01/022-B-430-Смена-target.png","after","TECH_MECHANIC","dark","{\"width\":430,\"height\":844}","source-result","[\"/assets/index-CFsF6wa3.js\"]","2026-09-14T23:06:31.862Z","a2d836e87088676950d0379606d1f4f4b572ab52febd6fd8c982f7e5dbffd29c","CAPTURED_NOT_DIRECTLY_REVIEWED"
"evidence/E-stable-evidence-01/023-B-430-Линии-source.png","after","TECH_MECHANIC","dark","{\"width\":430,\"height\":844}","real-source-button","[\"/assets/index-CFsF6wa3.js\"]","2026-09-14T23:06:32.636Z","716d6e8d3f357f909c411155714ffedb01b782030ff264eafc7b67a338a8f74e","CAPTURED_NOT_DIRECTLY_REVIEWED"
"evidence/E-stable-evidence-01/024-B-430-Линии-target.png","after","TECH_MECHANIC","dark","{\"width\":430,\"height\":844}","source-result","[\"/assets/index-CFsF6wa3.js\"]","2026-09-14T23:06:33.031Z","473a6ef81b52393e6991e959265fb46c3e8a8fa650c204875a4843c2a959a24d","CAPTURED_NOT_DIRECTLY_REVIEWED"
"evidence/E-stable-evidence-01/026-C-1440-before-open.png","after","ADMIN","dark","{\"width\":1440,\"height\":844}","unread-internal","[\"/assets/index-CFsF6wa3.js\"]","2026-09-14T23:06:35.228Z","f51194a657bbf168c12e90dc9989b1b525de83db282687f1244a4d81b2c66c12","CAPTURED_NOT_DIRECTLY_REVIEWED"
"evidence/E-stable-evidence-01/027-C-1440-returned.png","after","ADMIN","dark","{\"width\":1440,\"height\":844}","back-to-feed","[\"/assets/index-CFsF6wa3.js\"]","2026-09-14T23:06:35.909Z","db23a5ec35b624b8a6c844b7d3a3c518f8c60c4e6e64628b001ac93959cd0c92","CAPTURED_NOT_DIRECTLY_REVIEWED"
"evidence/E-stable-evidence-01/028-C-390-before-open.png","after","ADMIN","dark","{\"width\":390,\"height\":844}","unread-internal","[\"/assets/index-CFsF6wa3.js\"]","2026-09-14T23:06:36.530Z","fd432a78dce11d6052f05f2f2ce527ee71d8bb1ae8e643a067fe1df59f73ccef","CAPTURED_NOT_DIRECTLY_REVIEWED"
"evidence/E-stable-evidence-01/029-C-390-returned.png","after","ADMIN","dark","{\"width\":390,\"height\":844}","back-to-feed","[\"/assets/index-CFsF6wa3.js\"]","2026-09-14T23:06:37.066Z","3539717dad1754f4a0391b050779dfb69b9714093066471c018ddb14e043d196","REVIEWED_SCOPE_OK: read label, counter0 and Open all visible after Back"
"evidence/E-stable-evidence-01/030-C-360-before-open.png","after","ADMIN","dark","{\"width\":360,\"height\":844}","unread-internal","[\"/assets/index-CFsF6wa3.js\"]","2026-09-14T23:06:37.691Z","66597d8137ad38c6fc0291011e8794af66231ea6dbe9e15978d3e2739f18b192","CAPTURED_NOT_DIRECTLY_REVIEWED"
"evidence/E-stable-evidence-01/031-C-360-returned.png","after","ADMIN","dark","{\"width\":360,\"height\":844}","back-to-feed","[\"/assets/index-CFsF6wa3.js\"]","2026-09-14T23:06:38.217Z","559145ebf475d5f3466c2bdd4433a56c5f86d97456b386bdf5a8627713e2b90f","CAPTURED_NOT_DIRECTLY_REVIEWED"
"evidence/E-stable-evidence-01/032-C-430-before-open.png","after","ADMIN","dark","{\"width\":430,\"height\":844}","unread-internal","[\"/assets/index-CFsF6wa3.js\"]","2026-09-14T23:06:38.825Z","f14cda7b62faa50409191802c2a7fd919d649d31a192fec028eaf7f74a4bae95","CAPTURED_NOT_DIRECTLY_REVIEWED"
"evidence/E-stable-evidence-01/033-C-430-returned.png","after","ADMIN","dark","{\"width\":430,\"height\":844}","back-to-feed","[\"/assets/index-CFsF6wa3.js\"]","2026-09-14T23:06:39.353Z","950e01bede2a6c419a4669d492937e075a75680424c731b849c0ee4344def1f7","CAPTURED_NOT_DIRECTLY_REVIEWED"
"evidence/E-timeline-02/001-E-1440-timeline-return.png","after","ADMIN","dark","{\"width\":1440,\"height\":844}","night-shift-timeline-parent-restored","[\"/assets/index-CFsF6wa3.js\"]","2026-09-14T23:09:48.506Z","a766cce521b413440b91d09c291850e8900e2f8150f09d75941df55af7712d93","CAPTURED_NOT_DIRECTLY_REVIEWED"
"evidence/E-timeline-02/002-E-390-timeline-return.png","after","ADMIN","dark","{\"width\":390,\"height\":844}","night-shift-timeline-parent-restored","[\"/assets/index-CFsF6wa3.js\"]","2026-09-14T23:09:50.322Z","5ab2ba78d783aa1688c5a786bc76d991530ad4f19ab616dcb18f35a490dc8ab7","REVIEWED_SCOPE_OK: selected night/date and event source restored"