"file","bytes","sha256"
"360-dark-before-form.png","208461","C70E973FAF89A7AB4DFAFF0EC7F4E849AC9264C9EE83404F833502FDAFDCF7AB"
"360-dark-before-gallery.png","313568","DAD80E5DCCD96AC7742C68ACD973B1EE3B18410550FB50F5E7ADC4D0BAD706B3"
"360-dark-before-overlay.png","121981","5DB7A4AD8A7E85F569C8046952C3B3DD376636107C315AD8147E52CD8A3E75C9"
"360-dark-before-settings.png","173855","888C166163125657079E0B79E703A526167512F1CE310865E4EF6430B05D22A3"
"390-dark-before-form.png","213500","3E8E13735C3D4A4217CB8C959DB9ED77232FD5927141BB8037E1E8F592677357"
"390-dark-before-gallery.png","329771","EB635BB3112D73EFBEF54E7A82C307A6F2C6EE5CB9FAAEAEB1FD4B7CED174892"
"390-dark-before-overlay.png","127744","9A9779E65A4E4A11E435CF01C79A1734A2DF37CA7B394A364285D289321A653D"
"390-dark-before-settings.png","182371","88F8986F1523964388472CEA498D799E9558D6315A6C53833F4184C1C53CDDB6"
"430-dark-before-form.png","224259","7EF8FA8F27FB7617D5648839ABF693B857D8C789060B547D1C01DCAF0E496D99"
"430-dark-before-gallery.png","341152","F90F607B809B3C2B0B7E14A8018F2BB8449F59DC3733DFD399BB36312139EBB5"
"430-dark-before-overlay.png","137148","117B6F4DD188AC196642F51D28E11B54A2960328C9101A59BC93D4A156E80AF4"
"430-dark-before-settings.png","193209","68B2B6FEED22F3975FC36094E1EB15B19447A7199AD45053340A8FAFF5EBE96F"
"desktop-dark-before-form.png","387559","CCA892D77C55856CAE59F5A5E5739B3449BDC50EC0774244E6AD3D671EDE08EB"
"desktop-dark-before-gallery.png","595465","1E873C2DF5EE1C5C0A1C5D7CE2C79055E17F1F95D92EA85D8204D699416799C3"
"desktop-dark-before-overlay.png","195901","76482308B1ED471673E9CB93E5DA54F992A95BB6F58DEAA60E44538898B77AF9"
"desktop-dark-before-settings.png","303625","672F67137A610D7BE891380DA1353EADC37CD3D89F428ABA19A0EB56E71DEE21"
"runtime.json","9190","D066CA3CBC577D54C3546CBF6B1FDB86C63799146960BDBBA6B637754784788A"
"visual-review.md","1409","FFE76867CC61DDD627CD7DF959EFAFF40B78ACD22E224046946D3176EA270FFF"
