"file","sha256","bytes","theme","width","state","role","capturedAt","productStyleFingerprint","harnessFingerprint","oldReviewId","sourceRelativePath","visibilityStatus","scrollMethod","view","captureRole","fixtureFingerprint","metricSetFingerprint","queryFingerprint","correctionPhase","correctionPart"
"desktop-dark-ops-loss-upper.png","e5341a4cc360e204e448dddc861837dc7d6ca96ed444588d9f6cf20fb780e748","318974","dark","1440","thv03-ops-loss","Admin / isolated rich Ops DTO","2026-09-14T19:58:15.943Z","bd1a6b6fb715940ea007ed992d84316a9bc55aec504577b48a4e3730c38861e8","fcb6e1463c5b8d652fae6fbd89441b370d88f67a1281a06ae18de4b28b3c0966","","","VERIFIED_VISIBLE","scrollIntoView-center","loss","mandatory-upper","ad169b4e7daaed025a66c16fd31334e350ba745cf4ac0afd077cdd9e1dc0647a","1f6e1ae5fdf0fe1609bfbb62ec22007ff47cabd30e49f7c168bc0ccddca88d1c","116d3a5c2bf59a0a3429bb74b822f12e4c5471c4fc1afa5e86cf0b329964bd23","after","thv03-ops-rich"
"desktop-dark-ops-loss-lower.png","62a7a32f22737fe812376051e8848289a82e1760e36bf11c692afe9d14f4fb94","297508","dark","1440","thv03-ops-loss","Admin / isolated rich Ops DTO","2026-09-14T19:58:16.234Z","bd1a6b6fb715940ea007ed992d84316a9bc55aec504577b48a4e3730c38861e8","fcb6e1463c5b8d652fae6fbd89441b370d88f67a1281a06ae18de4b28b3c0966","","","VERIFIED_VISIBLE","scrollIntoView-safe-top","loss","additional-lower-impact","ad169b4e7daaed025a66c16fd31334e350ba745cf4ac0afd077cdd9e1dc0647a","1f6e1ae5fdf0fe1609bfbb62ec22007ff47cabd30e49f7c168bc0ccddca88d1c","116d3a5c2bf59a0a3429bb74b822f12e4c5471c4fc1afa5e86cf0b329964bd23","after","thv03-ops-rich"
"desktop-dark-ops-overview.png","bb66b00eac55735a226835978aae6700385767d9d85869e99bf0342de439a282","342042","dark","1440","thv03-ops-overview","Admin / isolated rich Ops DTO","2026-09-14T19:58:16.716Z","bd1a6b6fb715940ea007ed992d84316a9bc55aec504577b48a4e3730c38861e8","fcb6e1463c5b8d652fae6fbd89441b370d88f67a1281a06ae18de4b28b3c0966","","","VERIFIED_VISIBLE","scrollIntoView-center","overview","mandatory-overview","ad169b4e7daaed025a66c16fd31334e350ba745cf4ac0afd077cdd9e1dc0647a","b649013e14acbe37379986964cbf15024e89dd1522e20b7d279fb17492e9c656","116d3a5c2bf59a0a3429bb74b822f12e4c5471c4fc1afa5e86cf0b329964bd23","after","thv03-ops-rich"
"desktop-gray-ops-loss-upper.png","5bc0c22ee677db803981a6dda657b1acbd776e953b90dc8c88fe1a265095572c","406405","gray","1440","thv03-ops-loss","Admin / isolated rich Ops DTO","2026-09-14T19:58:17.666Z","bd1a6b6fb715940ea007ed992d84316a9bc55aec504577b48a4e3730c38861e8","fcb6e1463c5b8d652fae6fbd89441b370d88f67a1281a06ae18de4b28b3c0966","","","VERIFIED_VISIBLE","scrollIntoView-center","loss","mandatory-upper","ad169b4e7daaed025a66c16fd31334e350ba745cf4ac0afd077cdd9e1dc0647a","1f6e1ae5fdf0fe1609bfbb62ec22007ff47cabd30e49f7c168bc0ccddca88d1c","116d3a5c2bf59a0a3429bb74b822f12e4c5471c4fc1afa5e86cf0b329964bd23","after","thv03-ops-rich"
"desktop-gray-ops-loss-lower.png","25cffc47d31d6fefe925911390f8f20999878bc2eaf31a00916d6a9561cd38a5","388915","gray","1440","thv03-ops-loss","Admin / isolated rich Ops DTO","2026-09-14T19:58:18.002Z","bd1a6b6fb715940ea007ed992d84316a9bc55aec504577b48a4e3730c38861e8","fcb6e1463c5b8d652fae6fbd89441b370d88f67a1281a06ae18de4b28b3c0966","","","VERIFIED_VISIBLE","scrollIntoView-safe-top","loss","additional-lower-impact","ad169b4e7daaed025a66c16fd31334e350ba745cf4ac0afd077cdd9e1dc0647a","1f6e1ae5fdf0fe1609bfbb62ec22007ff47cabd30e49f7c168bc0ccddca88d1c","116d3a5c2bf59a0a3429bb74b822f12e4c5471c4fc1afa5e86cf0b329964bd23","after","thv03-ops-rich"
"desktop-gray-ops-overview.png","ad8b13920963e91ab337e018594b18367488b8f17c2aafbb8ef4f2bbc0480e03","360252","gray","1440","thv03-ops-overview","Admin / isolated rich Ops DTO","2026-09-14T19:58:18.457Z","bd1a6b6fb715940ea007ed992d84316a9bc55aec504577b48a4e3730c38861e8","fcb6e1463c5b8d652fae6fbd89441b370d88f67a1281a06ae18de4b28b3c0966","","","VERIFIED_VISIBLE","scrollIntoView-center","overview","mandatory-overview","ad169b4e7daaed025a66c16fd31334e350ba745cf4ac0afd077cdd9e1dc0647a","b649013e14acbe37379986964cbf15024e89dd1522e20b7d279fb17492e9c656","116d3a5c2bf59a0a3429bb74b822f12e4c5471c4fc1afa5e86cf0b329964bd23","after","thv03-ops-rich"
"desktop-light-ops-loss-upper.png","9b356b434a75edfeda06663fe913a92457427c46cdd18e8cfc1f77eacdd3d62b","385900","light","1440","thv03-ops-loss","Admin / isolated rich Ops DTO","2026-09-14T19:58:19.250Z","bd1a6b6fb715940ea007ed992d84316a9bc55aec504577b48a4e3730c38861e8","fcb6e1463c5b8d652fae6fbd89441b370d88f67a1281a06ae18de4b28b3c0966","","","VERIFIED_VISIBLE","scrollIntoView-center","loss","mandatory-upper","ad169b4e7daaed025a66c16fd31334e350ba745cf4ac0afd077cdd9e1dc0647a","1f6e1ae5fdf0fe1609bfbb62ec22007ff47cabd30e49f7c168bc0ccddca88d1c","116d3a5c2bf59a0a3429bb74b822f12e4c5471c4fc1afa5e86cf0b329964bd23","after","thv03-ops-rich"
"desktop-light-ops-loss-lower.png","7505276528f4f46ccd7d7dabc71df6755963d6066a795b8bfcf488f0a070c2b8","373556","light","1440","thv03-ops-loss","Admin / isolated rich Ops DTO","2026-09-14T19:58:19.566Z","bd1a6b6fb715940ea007ed992d84316a9bc55aec504577b48a4e3730c38861e8","fcb6e1463c5b8d652fae6fbd89441b370d88f67a1281a06ae18de4b28b3c0966","","","VERIFIED_VISIBLE","scrollIntoView-safe-top","loss","additional-lower-impact","ad169b4e7daaed025a66c16fd31334e350ba745cf4ac0afd077cdd9e1dc0647a","1f6e1ae5fdf0fe1609bfbb62ec22007ff47cabd30e49f7c168bc0ccddca88d1c","116d3a5c2bf59a0a3429bb74b822f12e4c5471c4fc1afa5e86cf0b329964bd23","after","thv03-ops-rich"
"desktop-light-ops-overview.png","d71b56da114a520384bdd37180e1f20b66cd525b27bbe38276204ed0bcbf2034","349598","light","1440","thv03-ops-overview","Admin / isolated rich Ops DTO","2026-09-14T19:58:19.985Z","bd1a6b6fb715940ea007ed992d84316a9bc55aec504577b48a4e3730c38861e8","fcb6e1463c5b8d652fae6fbd89441b370d88f67a1281a06ae18de4b28b3c0966","","","VERIFIED_VISIBLE","scrollIntoView-center","overview","mandatory-overview","ad169b4e7daaed025a66c16fd31334e350ba745cf4ac0afd077cdd9e1dc0647a","b649013e14acbe37379986964cbf15024e89dd1522e20b7d279fb17492e9c656","116d3a5c2bf59a0a3429bb74b822f12e4c5471c4fc1afa5e86cf0b329964bd23","after","thv03-ops-rich"
"360-dark-ops-loss-upper.png","a01f0d77ac804c9623f2b65e85371c3bf13bd2650191efdc18af0fa9362f41b2","142886","dark","360","thv03-ops-loss","Admin / isolated rich Ops DTO","2026-09-14T19:58:20.706Z","bd1a6b6fb715940ea007ed992d84316a9bc55aec504577b48a4e3730c38861e8","fcb6e1463c5b8d652fae6fbd89441b370d88f67a1281a06ae18de4b28b3c0966","","","VERIFIED_VISIBLE","scrollIntoView-center","loss","mandatory-upper","ad169b4e7daaed025a66c16fd31334e350ba745cf4ac0afd077cdd9e1dc0647a","1f6e1ae5fdf0fe1609bfbb62ec22007ff47cabd30e49f7c168bc0ccddca88d1c","116d3a5c2bf59a0a3429bb74b822f12e4c5471c4fc1afa5e86cf0b329964bd23","after","thv03-ops-rich"
"360-dark-ops-loss-lower.png","12a74dee059c8cb41f2d464e9794f5891420dc22bbc1cc9f77b15b2e9a5f3cb8","131794","dark","360","thv03-ops-loss","Admin / isolated rich Ops DTO","2026-09-14T19:58:20.957Z","bd1a6b6fb715940ea007ed992d84316a9bc55aec504577b48a4e3730c38861e8","fcb6e1463c5b8d652fae6fbd89441b370d88f67a1281a06ae18de4b28b3c0966","","","VERIFIED_VISIBLE","scrollIntoView-safe-top","loss","additional-lower-impact","ad169b4e7daaed025a66c16fd31334e350ba745cf4ac0afd077cdd9e1dc0647a","1f6e1ae5fdf0fe1609bfbb62ec22007ff47cabd30e49f7c168bc0ccddca88d1c","116d3a5c2bf59a0a3429bb74b822f12e4c5471c4fc1afa5e86cf0b329964bd23","after","thv03-ops-rich"
