"viewport","state","beforeFile","afterFile","beforeSha256","afterSha256","pixelIdentical","beforeSize","afterSize","beforeOverflowX","afterOverflowX"
"desktop","settings","desktop-dark-before-settings.png","desktop-dark-after-settings.png","672F67137A610D7BE891380DA1353EADC37CD3D89F428ABA19A0EB56E71DEE21","A37E38AA479A24C4A5206B50ADCB3AB9A373EF95973294F6D2F41EAF66394E7B","False","1440x844","1440x844","0","0"
"desktop","form","desktop-dark-before-form.png","desktop-dark-after-form.png","CCA892D77C55856CAE59F5A5E5739B3449BDC50EC0774244E6AD3D671EDE08EB","9458891FA7B505675272A4D22400C6B939AF04C1FAE093A768C5F64B46D4F8D0","False","1440x1085","1440x1167","0","0"
"desktop","gallery","desktop-dark-before-gallery.png","desktop-dark-after-gallery.png","1E873C2DF5EE1C5C0A1C5D7CE2C79055E17F1F95D92EA85D8204D699416799C3","B690FA5A834EE85C004748FAD3004ABA4A17D4B688C071E96DBCD9079012CB88","False","1440x1558","1440x1558","0","0"
"desktop","overlay","desktop-dark-before-overlay.png","desktop-dark-after-overlay.png","76482308B1ED471673E9CB93E5DA54F992A95BB6F58DEAA60E44538898B77AF9","E0E4199DBCCDEBA687BB1217982CF93046423397E73462BF82804C357ED5A4C5","False","1440x844","1440x844","0","0"
"360","settings","360-dark-before-settings.png","360-dark-after-settings.png","888C166163125657079E0B79E703A526167512F1CE310865E4EF6430B05D22A3","6F7692F7199999CE587CB83EA2CD31AD82DB14E167A1E011C630E1B6E0BBFE99","False","360x844","360x844","0","0"
"360","form","360-dark-before-form.png","360-dark-after-form.png","C70E973FAF89A7AB4DFAFF0EC7F4E849AC9264C9EE83404F833502FDAFDCF7AB","16781C5806E19D94B2FF26B086E5E8C7413D35CEF031BE960CAE793FB6D55DBD","False","360x1127","360x1227","0","0"
"360","gallery","360-dark-before-gallery.png","360-dark-after-gallery.png","DAD80E5DCCD96AC7742C68ACD973B1EE3B18410550FB50F5E7ADC4D0BAD706B3","AF4F76E70FA598D6E63D3A16BDBD25F927124240D9F2658D2B4AA57AF5BFCC9A","False","360x1924","360x1924","0","0"
"360","overlay","360-dark-before-overlay.png","360-dark-after-overlay.png","5DB7A4AD8A7E85F569C8046952C3B3DD376636107C315AD8147E52CD8A3E75C9","5DB7A4AD8A7E85F569C8046952C3B3DD376636107C315AD8147E52CD8A3E75C9","True","360x844","360x844","0","0"
"390","settings","390-dark-before-settings.png","390-dark-after-settings.png","88F8986F1523964388472CEA498D799E9558D6315A6C53833F4184C1C53CDDB6","6721AE1C35A1D194AB16B68699139441F237A4EE251A165E31CE0A1F6A7156C3","False","390x844","390x844","0","0"
"390","form","390-dark-before-form.png","390-dark-after-form.png","3E8E13735C3D4A4217CB8C959DB9ED77232FD5927141BB8037E1E8F592677357","FE9D5C9C2CCF56815EA9D4FB317AE307AD68CE3DC43A9EFD6B8857E9CEB76735","False","390x1091","390x1191","0","0"
"390","gallery","390-dark-before-gallery.png","390-dark-after-gallery.png","EB635BB3112D73EFBEF54E7A82C307A6F2C6EE5CB9FAAEAEB1FD4B7CED174892","DCB3D740A8D0173A89672159D6584DCA457C18C717CCACC8C830AF9D1A7A0514","False","390x1907","390x1907","0","0"
"390","overlay","390-dark-before-overlay.png","390-dark-after-overlay.png","9A9779E65A4E4A11E435CF01C79A1734A2DF37CA7B394A364285D289321A653D","9A9779E65A4E4A11E435CF01C79A1734A2DF37CA7B394A364285D289321A653D","True","390x844","390x844","0","0"
"430","settings","430-dark-before-settings.png","430-dark-after-settings.png","68B2B6FEED22F3975FC36094E1EB15B19447A7199AD45053340A8FAFF5EBE96F","CDF5C98BB35DA1DCEE88880C36522FFE4B6CB9AEF61AE48AA68A47672C536C01","False","430x844","430x844","0","0"
"430","form","430-dark-before-form.png","430-dark-after-form.png","7EF8FA8F27FB7617D5648839ABF693B857D8C789060B547D1C01DCAF0E496D99","EB8D220F86D364A180A41026E75C55281EE05A998D1AB08B2F512FDC72F79F49","False","430x1076","430x1158","0","0"
"430","gallery","430-dark-before-gallery.png","430-dark-after-gallery.png","F90F607B809B3C2B0B7E14A8018F2BB8449F59DC3733DFD399BB36312139EBB5","47C059A3E09B5A98494C6F3300CDE0937D04CDD4CAAF8BE2284F3EFC203BCC9F","False","430x1857","430x1857","0","0"
"430","overlay","430-dark-before-overlay.png","430-dark-after-overlay.png","117B6F4DD188AC196642F51D28E11B54A2960328C9101A59BC93D4A156E80AF4","117B6F4DD188AC196642F51D28E11B54A2960328C9101A59BC93D4A156E80AF4","True","430x844","430x844","0","0"
