coverage_id,surface_or_state,scenario_count,themes,widths,role_or_identity,authoritative_evidence,status,limit
THEME-001,"Settings / theme selector",1,"Dark; Gray; Light","1440; 360; 390; 430",Admin,"screenshots/20260913-140000-core-after-final",PASS,"Browser-isolated"
THEME-002,"Real report form and native controls",1,"Dark; Gray; Light","1440; 360; 390; 430",Admin,"screenshots/20260913-140000-core-after-final",PASS,"No submit"
THEME-003,"Shared cards/tags/buttons/table/chat/calendar/semantic states",1,"Dark; Gray; Light","1440; 360; 390; 430",Admin,"screenshots/20260913-140000-core-after-final",PASS,"Synthetic component gallery"
THEME-004,"Modal/overlay",1,"Dark; Gray; Light","1440; 360; 390; 430",Admin,"screenshots/20260913-140000-core-after-final",PASS,"Synthetic modal shell"
THEME-005,"Смена",1,"Gray; Light","1440; 390",Admin,"screenshots/20260913-151000-top-level-final",PASS,"Browser-isolated data"
THEME-006,"История смен",1,"Gray; Light","1440; 390",Admin,"screenshots/20260913-151000-top-level-final",PASS,"Browser-isolated data"
THEME-007,"Люди",1,"Gray; Light","1440; 390",Admin,"screenshots/20260913-151000-top-level-final",PASS,"Browser-isolated data"
THEME-008,"Администрирование top-level",1,"Gray; Light","1440; 390",Admin,"screenshots/20260913-151000-top-level-final; screenshots/20260913-154000-admin-final",PASS,"Same logical state as Admin / Обзор; deduplicated in distinct total"
THEME-009,"Линии / Situation",1,"Gray; Light","1440; 390",Admin,"screenshots/20260913-151000-top-level-final",PASS,"Semantic line states reviewed"
THEME-010,"Заявки",1,"Gray; Light","1440; 390",Admin,"screenshots/20260913-151000-top-level-final",PASS,"Browser-isolated data"
THEME-011,"Мойка",1,"Gray; Light","1440; 390",Admin,"screenshots/20260913-151000-top-level-final",PASS,"Browser-isolated data"
THEME-012,"ОКК",1,"Gray; Light","1440; 390",Admin,"screenshots/20260913-151000-top-level-final",PASS,"Browser-isolated data"
THEME-013,"Некондиция",1,"Gray; Light","1440; 390",Admin,"screenshots/20260913-151000-top-level-final",PASS,"Browser-isolated data"
THEME-014,"Заказы / Остатки",1,"Gray; Light","1440; 390",Admin,"screenshots/20260913-151000-top-level-final",PASS,"Browser-isolated data"
THEME-015,"Чек-листы",1,"Gray; Light","1440; 390",Admin,"screenshots/20260913-151000-top-level-final",PASS,"Browser-isolated data"
THEME-016,"Оттайка",1,"Gray; Light","1440; 390",Admin,"screenshots/20260913-151000-top-level-final",PASS,"Browser-isolated data"
THEME-017,"Возвраты на производство",1,"Gray; Light","1440; 390",Admin,"screenshots/20260913-151000-top-level-final",PASS,"Browser-isolated data"
THEME-018,"Пересменка / Журнал",1,"Gray; Light","1440; 390",Admin,"screenshots/20260913-151000-top-level-final",PASS,"UI-SWEEP-036 not exercised"
THEME-019,"Чаты",1,"Gray; Light","1440; 390",Admin,"screenshots/20260913-151000-top-level-final",PASS,"List/dialog surfaces reviewed"
THEME-020,"Объявления",1,"Gray; Light","1440; 390",Admin,"screenshots/20260913-151000-top-level-final",PASS,"Browser-isolated data"
THEME-021,"Архив top-level",1,"Gray; Light","1440; 390",Admin,"screenshots/20260913-151000-top-level-final",PASS,"Read-only theme evidence"
THEME-022,"Уведомления",1,"Gray; Light","1440; 390",Admin,"screenshots/20260913-151000-top-level-final",PASS,"Browser-isolated data"
THEME-023,"Статистика / Аудит top-level",1,"Gray; Light","1440; 390",Admin,"screenshots/20260913-151000-top-level-final; screenshots/20260913-153000-unique-subviews-final",PASS,"Same logical state as Ops / Потери; deduplicated in distinct total"
THEME-024,"Сообщить об ошибке",1,"Gray; Light","1440; 390",Admin,"screenshots/20260913-151000-top-level-final",PASS,"No submit"
THEME-025,"Admin subsections: Обзор; Заводы; Пользователи и доступы; Отделы и службы; Должности и роли; Линии и позиции; Позиции на линиях; Шаблоны состава; Повременщики / рабочие зоны; Роли и права; Настройки модулей; Восстановление; Диагностика данных; Аудит действий админки",14,"Gray; Light","1440; 390",Admin,"screenshots/20260913-154000-admin-final",PASS,"56 authoritative captures"
THEME-026,"Archive categories: Заявки и простои; Чек-листы; ОКК; Возвраты; Некондиция; Заказы / Остатки; Мойка; Оттайка; Пересменка / Журнал; Объявления; Файлы и вложения",11,"Gray; Light","1440; 390",Admin,"screenshots/20260913-153000-unique-subviews-final",PASS,"44 authoritative captures"
THEME-027,"Ops tabs: Потери; Обзор; События; Аудит; Модули",5,"Gray; Light","1440; 390",Admin,"screenshots/20260913-153000-unique-subviews-final",PASS,"20 authoritative captures"
THEME-028,"Login",1,"Dark; Gray; Light","1440; 360; 390; 430",Anonymous,"screenshots/20260913-155000-shell-states-final",PASS,"Browser-isolated"
THEME-029,"Registration",1,"Dark; Gray; Light","1440; 360; 390; 430",Anonymous,"screenshots/20260913-155000-shell-states-final",PASS,"No submit"
THEME-030,"Forced password",1,"Dark; Gray; Light","1440; 360; 390; 430",Anonymous/fixture,"screenshots/20260913-155000-shell-states-final",PASS,"Isolated intercepted POST /auth/login only"
THEME-031,"Factory picker",1,"Dark; Gray; Light","1440; 360; 390; 430",Factory-picker identity,"screenshots/20260913-155000-shell-states-final",PASS,"No business write"
THEME-032,"Guest home",1,"Dark; Gray; Light","1440; 360; 390; 430",Guest,"screenshots/20260913-155000-shell-states-final",PASS,"No assignment submit"
THEME-033,"Initial loading",1,"Dark; Gray; Light","1440; 360; 390; 430",Anonymous/Admin fixture,"screenshots/20260913-155000-shell-states-final",PASS,"Delayed intercepted auth read"
THEME-034,"Immediate switch / persistence / fallback / no remount/no request",1,"Dark; Gray; Light","390",Admin/Anonymous/Factory picker,"screenshots/20260913-150000-behavior-final/runtime.json",PASS,"Behavior assertions; no screenshot count"
THEME-035,"Physical Android and installed-PWA chrome",1,"Dark; Gray; Light","Physical device",N/A,"No physical run",PENDING,"Requires physical phone"
THEME-036,"Print output",1,"Print white/black",Print,N/A,"styles.css @media print",N/A,"Intentionally independent from screen theme"
THEME-037,"User media pixels",1,"Original payload",Viewer widths,N/A,"Viewer chrome in core evidence",N/A,"Payload is not recolored"
