"evidencePart","phase","caseId","theme","width","selector","text","color","backgroundColor","opacity","disabled","rectX","rectY","rectWidth","rectHeight"
"before-tc14-labels","before","tc14-chat-label-title","gray","1440","Chats create label: Название","Название","rgb(219, 234, 254)","rgba(0, 0, 0, 0)","1",,"475","321,8125","239","76"
"before-tc14-labels","before","tc14-chat-label-type","gray","1440","Chats create label: Тип","ТипГрупповой чатЧат отделаОбщий чат завода","rgb(219, 234, 254)","rgba(0, 0, 0, 0)","1",,"726","321,8125","239","76"
"before-tc14-labels","before","tc14-chat-label-description","gray","1440","Chats create label: Описание","Описание","rgb(219, 234, 254)","rgba(0, 0, 0, 0)","1",,"475","409,8125","239","99,375"
"before-tc14-labels","before","tc14-chat-checkbox-label","gray","1440","Chats create checkbox label","Закрытый чат: видят только участники и администраторы с доступом к этому заводу","rgb(32, 40, 47)","rgba(0, 0, 0, 0)","1",,"726","409,8125","239","99,375"
"before-tc14-labels","before","tc14-announcement-label","gray","1440","Announcement create label: Заголовок","Заголовок","rgb(219, 234, 254)","rgba(0, 0, 0, 0)","1",,"478,12628173828125","120,99641418457031","235,95025634765625","75,03021240234375"
"before-tc14-labels","before","tc14-returns-label","gray","1440","Returns create label: Заголовок","Заголовок","rgb(219, 234, 254)","rgba(0, 0, 0, 0)","1",,"403,8184814453125","217,92666625976562","309,28662109375","143,56216430664062"
"before-tc14-labels","before","tc14-chat-label-title","light","1440","Chats create label: Название","Название","rgb(219, 234, 254)","rgba(0, 0, 0, 0)","1",,"475","321,8125","239","76"
"before-tc14-labels","before","tc14-chat-label-type","light","1440","Chats create label: Тип","ТипГрупповой чатЧат отделаОбщий чат завода","rgb(219, 234, 254)","rgba(0, 0, 0, 0)","1",,"726","321,8125","239","76"
"before-tc14-labels","before","tc14-chat-label-description","light","1440","Chats create label: Описание","Описание","rgb(219, 234, 254)","rgba(0, 0, 0, 0)","1",,"475","409,8125","239","99,375"
"before-tc14-labels","before","tc14-chat-checkbox-label","light","1440","Chats create checkbox label","Закрытый чат: видят только участники и администраторы с доступом к этому заводу","rgb(36, 32, 26)","rgba(0, 0, 0, 0)","1",,"726","409,8125","239","99,375"
"before-tc14-labels","before","tc14-announcement-label","light","1440","Announcement create label: Заголовок","Заголовок","rgb(219, 234, 254)","rgba(0, 0, 0, 0)","1",,"478,1248474121094","120,98982238769531","235,95169067382812","75,03067016601562"
"before-tc14-labels","before","tc14-returns-label","light","1440","Returns create label: Заголовок","Заголовок","rgb(219, 234, 254)","rgba(0, 0, 0, 0)","1",,"403,82012939453125","217,93194580078125","309,28497314453125","143,5614013671875"
"before-tc14-labels","before","tc14-chat-label-title","dark","1440","Chats create label: Название","Название","rgb(219, 234, 254)","rgba(0, 0, 0, 0)","1",,"475","321,8125","239","76"
"before-tc14-labels","before","tc14-chat-label-type","dark","1440","Chats create label: Тип","ТипГрупповой чатЧат отделаОбщий чат завода","rgb(219, 234, 254)","rgba(0, 0, 0, 0)","1",,"726","321,8125","239","76"
"before-tc14-labels","before","tc14-chat-label-description","dark","1440","Chats create label: Описание","Описание","rgb(219, 234, 254)","rgba(0, 0, 0, 0)","1",,"475","409,8125","239","99,375"
"before-tc14-labels","before","tc14-chat-checkbox-label","dark","1440","Chats create checkbox label","Закрытый чат: видят только участники и администраторы с доступом к этому заводу","rgb(219, 234, 254)","rgba(0, 0, 0, 0)","1",,"726","409,8125","239","99,375"
"before-tc14-labels","before","tc14-chat-label-title","gray","360","Chats create label: Название","Название","rgb(219, 234, 254)","rgba(0, 0, 0, 0)","1",,"25","83","310","75"
"before-tc14-labels","before","tc14-chat-label-type","gray","360","Chats create label: Тип","ТипГрупповой чатЧат отделаОбщий чат завода","rgb(219, 234, 254)","rgba(0, 0, 0, 0)","1",,"25","170","310","76"
"before-tc14-labels","before","tc14-chat-label-description","gray","360","Chats create label: Описание","Описание","rgb(219, 234, 254)","rgba(0, 0, 0, 0)","1",,"25","258","310","99,375"
"before-tc14-labels","before","tc14-chat-checkbox-label","gray","360","Chats create checkbox label","Закрытый чат: видят только участники и администраторы с доступом к этому заводу","rgb(32, 40, 47)","rgba(0, 0, 0, 0)","1",,"25","369,375","310","63"
"before-tc14-labels","before","tc14-chat-label-title","light","360","Chats create label: Название","Название","rgb(219, 234, 254)","rgba(0, 0, 0, 0)","1",,"25","83","310","75"
"before-tc14-labels","before","tc14-chat-label-type","light","360","Chats create label: Тип","ТипГрупповой чатЧат отделаОбщий чат завода","rgb(219, 234, 254)","rgba(0, 0, 0, 0)","1",,"25","170","310","76"
"before-tc14-labels","before","tc14-chat-label-description","light","360","Chats create label: Описание","Описание","rgb(219, 234, 254)","rgba(0, 0, 0, 0)","1",,"25","258","310","99,375"
"before-tc14-labels","before","tc14-chat-checkbox-label","light","360","Chats create checkbox label","Закрытый чат: видят только участники и администраторы с доступом к этому заводу","rgb(36, 32, 26)","rgba(0, 0, 0, 0)","1",,"25","369,375","310","63"
"before-tc14-labels","before","tc14-chat-label-title","gray","390","Chats create label: Название","Название","rgb(219, 234, 254)","rgba(0, 0, 0, 0)","1",,"25","83","340","75"
"before-tc14-labels","before","tc14-chat-label-type","gray","390","Chats create label: Тип","ТипГрупповой чатЧат отделаОбщий чат завода","rgb(219, 234, 254)","rgba(0, 0, 0, 0)","1",,"25","170","340","76"
"before-tc14-labels","before","tc14-chat-label-description","gray","390","Chats create label: Описание","Описание","rgb(219, 234, 254)","rgba(0, 0, 0, 0)","1",,"25","258","340","99,375"
"before-tc14-labels","before","tc14-chat-checkbox-label","gray","390","Chats create checkbox label","Закрытый чат: видят только участники и администраторы с доступом к этому заводу","rgb(32, 40, 47)","rgba(0, 0, 0, 0)","1",,"25","369,375","340","63"
"before-tc14-labels","before","tc14-announcement-label","gray","390","Announcement create label: Заголовок","Заголовок","rgb(219, 234, 254)","rgba(0, 0, 0, 0)","1",,"29,231441497802734","123,39360046386719","331,537109375","73,87327575683594"
"before-tc14-labels","before","tc14-returns-label","gray","390","Returns create label: Заголовок","Заголовок","rgb(219, 234, 254)","rgba(0, 0, 0, 0)","1",,"27,260738372802734","201,6046142578125","335,478515625","73,87359619140625"
"before-tc14-labels","before","tc14-chat-label-title","light","390","Chats create label: Название","Название","rgb(219, 234, 254)","rgba(0, 0, 0, 0)","1",,"25","83","340","75"
"before-tc14-labels","before","tc14-chat-label-type","light","390","Chats create label: Тип","ТипГрупповой чатЧат отделаОбщий чат завода","rgb(219, 234, 254)","rgba(0, 0, 0, 0)","1",,"25","170","340","76"
"before-tc14-labels","before","tc14-chat-label-description","light","390","Chats create label: Описание","Описание","rgb(219, 234, 254)","rgba(0, 0, 0, 0)","1",,"25","258","340","99,375"
"before-tc14-labels","before","tc14-chat-checkbox-label","light","390","Chats create checkbox label","Закрытый чат: видят только участники и администраторы с доступом к этому заводу","rgb(36, 32, 26)","rgba(0, 0, 0, 0)","1",,"25","369,375","340","63"
"before-tc14-labels","before","tc14-announcement-label","light","390","Announcement create label: Заголовок","Заголовок","rgb(219, 234, 254)","rgba(0, 0, 0, 0)","1",,"29,22917366027832","123,37882995605469","331,5416564941406","73,87428283691406"
"before-tc14-labels","before","tc14-returns-label","light","390","Returns create label: Заголовок","Заголовок","rgb(219, 234, 254)","rgba(0, 0, 0, 0)","1",,"27,261688232421875","201,610595703125","335,47662353515625","73,87319946289062"
"before-tc14-labels","before","tc14-chat-label-title","dark","390","Chats create label: Название","Название","rgb(219, 234, 254)","rgba(0, 0, 0, 0)","1",,"25","83","340","75"
"before-tc14-labels","before","tc14-chat-label-type","dark","390","Chats create label: Тип","ТипГрупповой чатЧат отделаОбщий чат завода","rgb(219, 234, 254)","rgba(0, 0, 0, 0)","1",,"25","170","340","76"
"before-tc14-labels","before","tc14-chat-label-description","dark","390","Chats create label: Описание","Описание","rgb(219, 234, 254)","rgba(0, 0, 0, 0)","1",,"25","258","340","99,375"
"before-tc14-labels","before","tc14-chat-checkbox-label","dark","390","Chats create checkbox label","Закрытый чат: видят только участники и администраторы с доступом к этому заводу","rgb(219, 234, 254)","rgba(0, 0, 0, 0)","1",,"25","369,375","340","63"
"before-tc14-labels","before","tc14-chat-label-title","gray","430","Chats create label: Название","Название","rgb(219, 234, 254)","rgba(0, 0, 0, 0)","1",,"25","83","380","75"
"before-tc14-labels","before","tc14-chat-label-type","gray","430","Chats create label: Тип","ТипГрупповой чатЧат отделаОбщий чат завода","rgb(219, 234, 254)","rgba(0, 0, 0, 0)","1",,"25","170","380","76"
"before-tc14-labels","before","tc14-chat-label-description","gray","430","Chats create label: Описание","Описание","rgb(219, 234, 254)","rgba(0, 0, 0, 0)","1",,"25","258","380","99,375"
"before-tc14-labels","before","tc14-chat-checkbox-label","gray","430","Chats create checkbox label","Закрытый чат: видят только участники и администраторы с доступом к этому заводу","rgb(32, 40, 47)","rgba(0, 0, 0, 0)","1",,"25","369,375","380","63"
"before-tc14-labels","before","tc14-chat-label-title","light","430","Chats create label: Название","Название","rgb(219, 234, 254)","rgba(0, 0, 0, 0)","1",,"25","83","380","75"
"before-tc14-labels","before","tc14-chat-label-type","light","430","Chats create label: Тип","ТипГрупповой чатЧат отделаОбщий чат завода","rgb(219, 234, 254)","rgba(0, 0, 0, 0)","1",,"25","170","380","76"
"before-tc14-labels","before","tc14-chat-label-description","light","430","Chats create label: Описание","Описание","rgb(219, 234, 254)","rgba(0, 0, 0, 0)","1",,"25","258","380","99,375"
"before-tc14-labels","before","tc14-chat-checkbox-label","light","430","Chats create checkbox label","Закрытый чат: видят только участники и администраторы с доступом к этому заводу","rgb(36, 32, 26)","rgba(0, 0, 0, 0)","1",,"25","369,375","380","63"
"after-tc14-labels","after","tc14-chat-label-title","gray","1440","Chats create label: Название","Название","rgb(32, 40, 47)","rgba(0, 0, 0, 0)","1",,"475","321,8125","239","76"
"after-tc14-labels","after","tc14-chat-label-type","gray","1440","Chats create label: Тип","ТипГрупповой чатЧат отделаОбщий чат завода","rgb(32, 40, 47)","rgba(0, 0, 0, 0)","1",,"726","321,8125","239","76"
"after-tc14-labels","after","tc14-chat-label-description","gray","1440","Chats create label: Описание","Описание","rgb(32, 40, 47)","rgba(0, 0, 0, 0)","1",,"475","409,8125","239","99,375"
"after-tc14-labels","after","tc14-chat-checkbox-label","gray","1440","Chats create checkbox label","Закрытый чат: видят только участники и администраторы с доступом к этому заводу","rgb(32, 40, 47)","rgba(0, 0, 0, 0)","1",,"726","409,8125","239","99,375"
"after-tc14-labels","after","tc14-announcement-label","gray","1440","Announcement create label: Заголовок","Заголовок","rgb(32, 40, 47)","rgba(0, 0, 0, 0)","1",,"478,1253356933594","120,99202728271484","235,95120239257812","75,03050994873047"
"after-tc14-labels","after","tc14-returns-label","gray","1440","Returns create label: Заголовок","Заголовок","rgb(32, 40, 47)","rgba(0, 0, 0, 0)","1",,"403,82257080078125","217,93966674804688","309,2825927734375","143,560302734375"
"after-tc14-labels","after","tc14-chat-label-title","light","1440","Chats create label: Название","Название","rgb(36, 32, 26)","rgba(0, 0, 0, 0)","1",,"475","321,8125","239","76"
"after-tc14-labels","after","tc14-chat-label-type","light","1440","Chats create label: Тип","ТипГрупповой чатЧат отделаОбщий чат завода","rgb(36, 32, 26)","rgba(0, 0, 0, 0)","1",,"726","321,8125","239","76"
"after-tc14-labels","after","tc14-chat-label-description","light","1440","Chats create label: Описание","Описание","rgb(36, 32, 26)","rgba(0, 0, 0, 0)","1",,"475","409,8125","239","99,375"
"after-tc14-labels","after","tc14-chat-checkbox-label","light","1440","Chats create checkbox label","Закрытый чат: видят только участники и администраторы с доступом к этому заводу","rgb(36, 32, 26)","rgba(0, 0, 0, 0)","1",,"726","409,8125","239","99,375"
"after-tc14-labels","after","tc14-announcement-label","light","1440","Announcement create label: Заголовок","Заголовок","rgb(36, 32, 26)","rgba(0, 0, 0, 0)","1",,"478,126220703125","120,99612426757812","235,9503173828125","75,03022766113281"
"after-tc14-labels","after","tc14-returns-label","light","1440","Returns create label: Заголовок","Заголовок","rgb(36, 32, 26)","rgba(0, 0, 0, 0)","1",,"403,8212585449219","217,93553161621094","309,2838439941406","143,56089782714844"
"after-tc14-labels","after","tc14-chat-label-title","dark","1440","Chats create label: Название","Название","rgb(219, 234, 254)","rgba(0, 0, 0, 0)","1",,"475","321,8125","239","76"
"after-tc14-labels","after","tc14-chat-label-type","dark","1440","Chats create label: Тип","ТипГрупповой чатЧат отделаОбщий чат завода","rgb(219, 234, 254)","rgba(0, 0, 0, 0)","1",,"726","321,8125","239","76"
"after-tc14-labels","after","tc14-chat-label-description","dark","1440","Chats create label: Описание","Описание","rgb(219, 234, 254)","rgba(0, 0, 0, 0)","1",,"475","409,8125","239","99,375"
"after-tc14-labels","after","tc14-chat-checkbox-label","dark","1440","Chats create checkbox label","Закрытый чат: видят только участники и администраторы с доступом к этому заводу","rgb(219, 234, 254)","rgba(0, 0, 0, 0)","1",,"726","409,8125","239","99,375"
"after-tc14-labels","after","tc14-chat-label-title","gray","360","Chats create label: Название","Название","rgb(32, 40, 47)","rgba(0, 0, 0, 0)","1",,"25","83","310","75"
"after-tc14-labels","after","tc14-chat-label-type","gray","360","Chats create label: Тип","ТипГрупповой чатЧат отделаОбщий чат завода","rgb(32, 40, 47)","rgba(0, 0, 0, 0)","1",,"25","170","310","76"
"after-tc14-labels","after","tc14-chat-label-description","gray","360","Chats create label: Описание","Описание","rgb(32, 40, 47)","rgba(0, 0, 0, 0)","1",,"25","258","310","99,375"
"after-tc14-labels","after","tc14-chat-checkbox-label","gray","360","Chats create checkbox label","Закрытый чат: видят только участники и администраторы с доступом к этому заводу","rgb(32, 40, 47)","rgba(0, 0, 0, 0)","1",,"25","369,375","310","63"
"after-tc14-labels","after","tc14-chat-label-title","light","360","Chats create label: Название","Название","rgb(36, 32, 26)","rgba(0, 0, 0, 0)","1",,"25","83","310","75"
"after-tc14-labels","after","tc14-chat-label-type","light","360","Chats create label: Тип","ТипГрупповой чатЧат отделаОбщий чат завода","rgb(36, 32, 26)","rgba(0, 0, 0, 0)","1",,"25","170","310","76"
"after-tc14-labels","after","tc14-chat-label-description","light","360","Chats create label: Описание","Описание","rgb(36, 32, 26)","rgba(0, 0, 0, 0)","1",,"25","258","310","99,375"
"after-tc14-labels","after","tc14-chat-checkbox-label","light","360","Chats create checkbox label","Закрытый чат: видят только участники и администраторы с доступом к этому заводу","rgb(36, 32, 26)","rgba(0, 0, 0, 0)","1",,"25","369,375","310","63"
"after-tc14-labels","after","tc14-chat-label-title","gray","390","Chats create label: Название","Название","rgb(32, 40, 47)","rgba(0, 0, 0, 0)","1",,"25","83","340","75"
"after-tc14-labels","after","tc14-chat-label-type","gray","390","Chats create label: Тип","ТипГрупповой чатЧат отделаОбщий чат завода","rgb(32, 40, 47)","rgba(0, 0, 0, 0)","1",,"25","170","340","76"
"after-tc14-labels","after","tc14-chat-label-description","gray","390","Chats create label: Описание","Описание","rgb(32, 40, 47)","rgba(0, 0, 0, 0)","1",,"25","258","340","99,375"
"after-tc14-labels","after","tc14-chat-checkbox-label","gray","390","Chats create checkbox label","Закрытый чат: видят только участники и администраторы с доступом к этому заводу","rgb(32, 40, 47)","rgba(0, 0, 0, 0)","1",,"25","369,375","340","63"
"after-tc14-labels","after","tc14-announcement-label","gray","390","Announcement create label: Заголовок","Заголовок","rgb(32, 40, 47)","rgba(0, 0, 0, 0)","1",,"29,230154037475586","123,38525390625","331,5396728515625","73,87385559082031"
"after-tc14-labels","after","tc14-returns-label","gray","390","Returns create label: Заголовок","Заголовок","rgb(32, 40, 47)","rgba(0, 0, 0, 0)","1",,"27,670795440673828","204,18167114257812","334,65838623046875","73,69302368164062"
"after-tc14-labels","after","tc14-chat-label-title","light","390","Chats create label: Название","Название","rgb(36, 32, 26)","rgba(0, 0, 0, 0)","1",,"25","83","340","75"
"after-tc14-labels","after","tc14-chat-label-type","light","390","Chats create label: Тип","ТипГрупповой чатЧат отделаОбщий чат завода","rgb(36, 32, 26)","rgba(0, 0, 0, 0)","1",,"25","170","340","76"
"after-tc14-labels","after","tc14-chat-label-description","light","390","Chats create label: Описание","Описание","rgb(36, 32, 26)","rgba(0, 0, 0, 0)","1",,"25","258","340","99,375"
"after-tc14-labels","after","tc14-chat-checkbox-label","light","390","Chats create checkbox label","Закрытый чат: видят только участники и администраторы с доступом к этому заводу","rgb(36, 32, 26)","rgba(0, 0, 0, 0)","1",,"25","369,375","340","63"
"after-tc14-labels","after","tc14-announcement-label","light","390","Announcement create label: Заголовок","Заголовок","rgb(36, 32, 26)","rgba(0, 0, 0, 0)","1",,"29,231430053710938","123,39348602294922","331,537109375","73,87328338623047"
"after-tc14-labels","after","tc14-returns-label","light","390","Returns create label: Заголовок","Заголовок","rgb(36, 32, 26)","rgba(0, 0, 0, 0)","1",,"27,2609920501709","201,60623168945312","335,47802734375","73,87350463867188"
"after-tc14-labels","after","tc14-chat-label-title","dark","390","Chats create label: Название","Название","rgb(219, 234, 254)","rgba(0, 0, 0, 0)","1",,"25","83","340","75"
"after-tc14-labels","after","tc14-chat-label-type","dark","390","Chats create label: Тип","ТипГрупповой чатЧат отделаОбщий чат завода","rgb(219, 234, 254)","rgba(0, 0, 0, 0)","1",,"25","170","340","76"
"after-tc14-labels","after","tc14-chat-label-description","dark","390","Chats create label: Описание","Описание","rgb(219, 234, 254)","rgba(0, 0, 0, 0)","1",,"25","258","340","99,375"
"after-tc14-labels","after","tc14-chat-checkbox-label","dark","390","Chats create checkbox label","Закрытый чат: видят только участники и администраторы с доступом к этому заводу","rgb(219, 234, 254)","rgba(0, 0, 0, 0)","1",,"25","369,375","340","63"
"after-tc14-labels","after","tc14-chat-label-title","gray","430","Chats create label: Название","Название","rgb(32, 40, 47)","rgba(0, 0, 0, 0)","1",,"25","83","380","75"
"after-tc14-labels","after","tc14-chat-label-type","gray","430","Chats create label: Тип","ТипГрупповой чатЧат отделаОбщий чат завода","rgb(32, 40, 47)","rgba(0, 0, 0, 0)","1",,"25","170","380","76"
"after-tc14-labels","after","tc14-chat-label-description","gray","430","Chats create label: Описание","Описание","rgb(32, 40, 47)","rgba(0, 0, 0, 0)","1",,"25","258","380","99,375"
"after-tc14-labels","after","tc14-chat-checkbox-label","gray","430","Chats create checkbox label","Закрытый чат: видят только участники и администраторы с доступом к этому заводу","rgb(32, 40, 47)","rgba(0, 0, 0, 0)","1",,"25","369,375","380","63"
"after-tc14-labels","after","tc14-chat-label-title","light","430","Chats create label: Название","Название","rgb(36, 32, 26)","rgba(0, 0, 0, 0)","1",,"25","83","380","75"
"after-tc14-labels","after","tc14-chat-label-type","light","430","Chats create label: Тип","ТипГрупповой чатЧат отделаОбщий чат завода","rgb(36, 32, 26)","rgba(0, 0, 0, 0)","1",,"25","170","380","76"
"after-tc14-labels","after","tc14-chat-label-description","light","430","Chats create label: Описание","Описание","rgb(36, 32, 26)","rgba(0, 0, 0, 0)","1",,"25","258","380","99,375"
"after-tc14-labels","after","tc14-chat-checkbox-label","light","430","Chats create checkbox label","Закрытый чат: видят только участники и администраторы с доступом к этому заводу","rgb(36, 32, 26)","rgba(0, 0, 0, 0)","1",,"25","369,375","380","63"
