"relativePath","evidencePart","file","sha256","bytes","theme","width","state","role","capturedAt","productStyleFingerprint","harnessFingerprint","oldReviewId","sourceRelativePath","visibilityStatus","scrollMethod","correctionPhase","correctionPart"
"screenshots/before-tc14-labels/desktop-gray-chat-form-labels.png","before-tc14-labels","desktop-gray-chat-form-labels.png","c2abb4fd4134ba1ad246de8b6ce225754d9631d5219a2f50610f66ffd2ab28d5","245765","gray","1440","tc14-chat-form-labels","Admin","2026-09-14T09:59:16.499Z","01ad09437159036198ed3ded733ba224e8da1fdeb52f7263e494851753dcc92b","62f28fb8286f29f68918f4d5b0f0846d517fd04ef388e03ff6dbd34e914e394d","","","VERIFIED_VISIBLE","none","before","tc14-labels"
"screenshots/before-tc14-labels/desktop-gray-announcement-form-label.png","before-tc14-labels","desktop-gray-announcement-form-label.png","f21a619cfdf1fd940ef5bf9565f969b34148bac5c0b857ea50d1cc6019af9def","244473","gray","1440","tc14-announcement-form-label","Admin","2026-09-14T09:59:17.254Z","01ad09437159036198ed3ded733ba224e8da1fdeb52f7263e494851753dcc92b","62f28fb8286f29f68918f4d5b0f0846d517fd04ef388e03ff6dbd34e914e394d","","","VERIFIED_VISIBLE","scrollIntoView-center","before","tc14-labels"
"screenshots/before-tc14-labels/desktop-gray-returns-form-label.png","before-tc14-labels","desktop-gray-returns-form-label.png","e5632628b5b5d116ea9a5451f04909322c228a656f61c962175f6d0b2cc8392d","269896","gray","1440","tc14-returns-form-label","Admin","2026-09-14T09:59:17.956Z","01ad09437159036198ed3ded733ba224e8da1fdeb52f7263e494851753dcc92b","62f28fb8286f29f68918f4d5b0f0846d517fd04ef388e03ff6dbd34e914e394d","","","VERIFIED_VISIBLE","scrollIntoView-center","before","tc14-labels"
"screenshots/before-tc14-labels/desktop-light-chat-form-labels.png","before-tc14-labels","desktop-light-chat-form-labels.png","9581a0717045b42919d85d0b9f8a8899350e478995c407aa4c16fa0b1cef3ec3","223965","light","1440","tc14-chat-form-labels","Admin","2026-09-14T09:59:19.307Z","01ad09437159036198ed3ded733ba224e8da1fdeb52f7263e494851753dcc92b","62f28fb8286f29f68918f4d5b0f0846d517fd04ef388e03ff6dbd34e914e394d","","","VERIFIED_VISIBLE","none","before","tc14-labels"
"screenshots/before-tc14-labels/desktop-light-announcement-form-label.png","before-tc14-labels","desktop-light-announcement-form-label.png","c400f83c82708bec97d46b653f90fbcbe9e9a2a1b9a146820975eb549b15e1e4","242459","light","1440","tc14-announcement-form-label","Admin","2026-09-14T09:59:20.005Z","01ad09437159036198ed3ded733ba224e8da1fdeb52f7263e494851753dcc92b","62f28fb8286f29f68918f4d5b0f0846d517fd04ef388e03ff6dbd34e914e394d","","","VERIFIED_VISIBLE","scrollIntoView-center","before","tc14-labels"
"screenshots/before-tc14-labels/desktop-light-returns-form-label.png","before-tc14-labels","desktop-light-returns-form-label.png","407ecb8b0393c8e760b0bdaffc1e39021ccab9a0ac08b2fb6a244c51f2fd31a2","267825","light","1440","tc14-returns-form-label","Admin","2026-09-14T09:59:20.681Z","01ad09437159036198ed3ded733ba224e8da1fdeb52f7263e494851753dcc92b","62f28fb8286f29f68918f4d5b0f0846d517fd04ef388e03ff6dbd34e914e394d","","","VERIFIED_VISIBLE","scrollIntoView-center","before","tc14-labels"
"screenshots/before-tc14-labels/desktop-dark-chat-form-labels.png","before-tc14-labels","desktop-dark-chat-form-labels.png","768d1d819a56c3c3240ff24681b18a82cb38602f4d30d1b04a4762c477eece5e","181603","dark","1440","tc14-chat-form-labels","Admin","2026-09-14T09:59:21.941Z","01ad09437159036198ed3ded733ba224e8da1fdeb52f7263e494851753dcc92b","62f28fb8286f29f68918f4d5b0f0846d517fd04ef388e03ff6dbd34e914e394d","","","VERIFIED_VISIBLE","none","before","tc14-labels"
"screenshots/before-tc14-labels/360-gray-chat-form-labels.png","before-tc14-labels","360-gray-chat-form-labels.png","3397569742ca0e16843e8a88024249b27041876d506ef1b072569b22d2031906","105750","gray","360","tc14-chat-form-labels","Admin","2026-09-14T09:59:23.096Z","01ad09437159036198ed3ded733ba224e8da1fdeb52f7263e494851753dcc92b","62f28fb8286f29f68918f4d5b0f0846d517fd04ef388e03ff6dbd34e914e394d","","","VERIFIED_VISIBLE","none","before","tc14-labels"
"screenshots/before-tc14-labels/360-light-chat-form-labels.png","before-tc14-labels","360-light-chat-form-labels.png","512cb6099f003f3736b1a11b7d1d75741c5a4f42a9c30e5c1e9ffda8ab7c8298","101671","light","360","tc14-chat-form-labels","Admin","2026-09-14T09:59:24.214Z","01ad09437159036198ed3ded733ba224e8da1fdeb52f7263e494851753dcc92b","62f28fb8286f29f68918f4d5b0f0846d517fd04ef388e03ff6dbd34e914e394d","","","VERIFIED_VISIBLE","none","before","tc14-labels"
"screenshots/before-tc14-labels/390-gray-chat-form-labels.png","before-tc14-labels","390-gray-chat-form-labels.png","5d377998e7a0df3e7abb9bbfa17a0560c85ef8ec63e0d4f9ab60120ecf14b374","111878","gray","390","tc14-chat-form-labels","Admin","2026-09-14T09:59:25.358Z","01ad09437159036198ed3ded733ba224e8da1fdeb52f7263e494851753dcc92b","62f28fb8286f29f68918f4d5b0f0846d517fd04ef388e03ff6dbd34e914e394d","","","VERIFIED_VISIBLE","none","before","tc14-labels"
"screenshots/before-tc14-labels/390-gray-announcement-form-label.png","before-tc14-labels","390-gray-announcement-form-label.png","7b5a53cadacf71d6c46ca0a036b0b77ab78b9432097c8c6d589e73d9fca87a81","114224","gray","390","tc14-announcement-form-label","Admin","2026-09-14T09:59:26.011Z","01ad09437159036198ed3ded733ba224e8da1fdeb52f7263e494851753dcc92b","62f28fb8286f29f68918f4d5b0f0846d517fd04ef388e03ff6dbd34e914e394d","","","VERIFIED_VISIBLE","scrollIntoView-center","before","tc14-labels"
"screenshots/before-tc14-labels/390-gray-returns-form-label.png","before-tc14-labels","390-gray-returns-form-label.png","02a7f06a99abbb0f174f8630e55d194fa66db47a7d1f7daadf55c80b8fcc682d","103359","gray","390","tc14-returns-form-label","Admin","2026-09-14T09:59:26.614Z","01ad09437159036198ed3ded733ba224e8da1fdeb52f7263e494851753dcc92b","62f28fb8286f29f68918f4d5b0f0846d517fd04ef388e03ff6dbd34e914e394d","","","VERIFIED_VISIBLE","scrollIntoView-center","before","tc14-labels"
"screenshots/before-tc14-labels/390-light-chat-form-labels.png","before-tc14-labels","390-light-chat-form-labels.png","b1dd8139ffab2894216a9b9e99e3664682eb11f7a3fd16b04b903c1e5677fd5f","107110","light","390","tc14-chat-form-labels","Admin","2026-09-14T09:59:27.755Z","01ad09437159036198ed3ded733ba224e8da1fdeb52f7263e494851753dcc92b","62f28fb8286f29f68918f4d5b0f0846d517fd04ef388e03ff6dbd34e914e394d","","","VERIFIED_VISIBLE","none","before","tc14-labels"
"screenshots/before-tc14-labels/390-light-announcement-form-label.png","before-tc14-labels","390-light-announcement-form-label.png","fb5c3c278dfee9ab3bb235a3bec0f982020c48886cade3519b2f02f3dc2da613","114164","light","390","tc14-announcement-form-label","Admin","2026-09-14T09:59:28.364Z","01ad09437159036198ed3ded733ba224e8da1fdeb52f7263e494851753dcc92b","62f28fb8286f29f68918f4d5b0f0846d517fd04ef388e03ff6dbd34e914e394d","","","VERIFIED_VISIBLE","scrollIntoView-center","before","tc14-labels"
"screenshots/before-tc14-labels/390-light-returns-form-label.png","before-tc14-labels","390-light-returns-form-label.png","728c26b3a51e86c1bf376906c3ace0ffb3c54a87a709ac902872a4068b986cd6","102238","light","390","tc14-returns-form-label","Admin","2026-09-14T09:59:28.939Z","01ad09437159036198ed3ded733ba224e8da1fdeb52f7263e494851753dcc92b","62f28fb8286f29f68918f4d5b0f0846d517fd04ef388e03ff6dbd34e914e394d","","","VERIFIED_VISIBLE","scrollIntoView-center","before","tc14-labels"
"screenshots/before-tc14-labels/390-dark-chat-form-labels.png","before-tc14-labels","390-dark-chat-form-labels.png","3b622dd830d9efd8e062c9f5008fefae16f261259916d566b06f70782e1f48e5","121237","dark","390","tc14-chat-form-labels","Admin","2026-09-14T09:59:30.083Z","01ad09437159036198ed3ded733ba224e8da1fdeb52f7263e494851753dcc92b","62f28fb8286f29f68918f4d5b0f0846d517fd04ef388e03ff6dbd34e914e394d","","","VERIFIED_VISIBLE","none","before","tc14-labels"
"screenshots/before-tc14-labels/430-gray-chat-form-labels.png","before-tc14-labels","430-gray-chat-form-labels.png","e661bd1c683a75634b9de68cb9c908aa1578b886f2df284de1fcd29e85d54046","118996","gray","430","tc14-chat-form-labels","Admin","2026-09-14T09:59:31.214Z","01ad09437159036198ed3ded733ba224e8da1fdeb52f7263e494851753dcc92b","62f28fb8286f29f68918f4d5b0f0846d517fd04ef388e03ff6dbd34e914e394d","","","VERIFIED_VISIBLE","none","before","tc14-labels"
"screenshots/before-tc14-labels/430-light-chat-form-labels.png","before-tc14-labels","430-light-chat-form-labels.png","02f226302cb013ac0d7d0a8e034904e4a575345174e81d7ded279b5f7faba2f7","113955","light","430","tc14-chat-form-labels","Admin","2026-09-14T09:59:32.374Z","01ad09437159036198ed3ded733ba224e8da1fdeb52f7263e494851753dcc92b","62f28fb8286f29f68918f4d5b0f0846d517fd04ef388e03ff6dbd34e914e394d","","","VERIFIED_VISIBLE","none","before","tc14-labels"
"screenshots/after-tc14-labels/desktop-gray-chat-form-labels.png","after-tc14-labels","desktop-gray-chat-form-labels.png","379ae694dbc1b08563289e3f6a7fcf996d9034608457ed876391a4de39bb4a61","246435","gray","1440","tc14-chat-form-labels","Admin","2026-09-14T10:01:36.003Z","a11237e29ee59a56356218c13289686c55eda6cf236a34716bc35d2eca124eb7","62f28fb8286f29f68918f4d5b0f0846d517fd04ef388e03ff6dbd34e914e394d","","","VERIFIED_VISIBLE","none","after","tc14-labels"
"screenshots/after-tc14-labels/desktop-gray-announcement-form-label.png","after-tc14-labels","desktop-gray-announcement-form-label.png","7cf1734979ab99c9076dd77c64888b0cb29ef490c8fdf72a38e6f1e287cf6c9e","246087","gray","1440","tc14-announcement-form-label","Admin","2026-09-14T10:01:36.769Z","a11237e29ee59a56356218c13289686c55eda6cf236a34716bc35d2eca124eb7","62f28fb8286f29f68918f4d5b0f0846d517fd04ef388e03ff6dbd34e914e394d","","","VERIFIED_VISIBLE","scrollIntoView-center","after","tc14-labels"
"screenshots/after-tc14-labels/desktop-gray-returns-form-label.png","after-tc14-labels","desktop-gray-returns-form-label.png","27b6780eff17a5963e5c53f2f245f1f25381eca546a2442f725ad319e95f759e","271902","gray","1440","tc14-returns-form-label","Admin","2026-09-14T10:01:37.534Z","a11237e29ee59a56356218c13289686c55eda6cf236a34716bc35d2eca124eb7","62f28fb8286f29f68918f4d5b0f0846d517fd04ef388e03ff6dbd34e914e394d","","","VERIFIED_VISIBLE","scrollIntoView-center","after","tc14-labels"
"screenshots/after-tc14-labels/desktop-light-chat-form-labels.png","after-tc14-labels","desktop-light-chat-form-labels.png","ef644a17d4a0eedd41fecb61c8745a15f52dcbace442a03587e5f3c61a821900","224544","light","1440","tc14-chat-form-labels","Admin","2026-09-14T10:01:38.935Z","a11237e29ee59a56356218c13289686c55eda6cf236a34716bc35d2eca124eb7","62f28fb8286f29f68918f4d5b0f0846d517fd04ef388e03ff6dbd34e914e394d","","","VERIFIED_VISIBLE","none","after","tc14-labels"
"screenshots/after-tc14-labels/desktop-light-announcement-form-label.png","after-tc14-labels","desktop-light-announcement-form-label.png","edfbeff9b72a7c5dc479f35abc98143d13a7c1e69cff09de67b85b984589cf5d","294997","light","1440","tc14-announcement-form-label","Admin","2026-09-14T10:01:39.783Z","a11237e29ee59a56356218c13289686c55eda6cf236a34716bc35d2eca124eb7","62f28fb8286f29f68918f4d5b0f0846d517fd04ef388e03ff6dbd34e914e394d","","","VERIFIED_VISIBLE","scrollIntoView-center","after","tc14-labels"
"screenshots/after-tc14-labels/desktop-light-returns-form-label.png","after-tc14-labels","desktop-light-returns-form-label.png","17da354d543664d18ef620526ef29f52dbd55713a1b3942843aa1199b97a6219","268997","light","1440","tc14-returns-form-label","Admin","2026-09-14T10:01:40.454Z","a11237e29ee59a56356218c13289686c55eda6cf236a34716bc35d2eca124eb7","62f28fb8286f29f68918f4d5b0f0846d517fd04ef388e03ff6dbd34e914e394d","","","VERIFIED_VISIBLE","scrollIntoView-center","after","tc14-labels"
"screenshots/after-tc14-labels/desktop-dark-chat-form-labels.png","after-tc14-labels","desktop-dark-chat-form-labels.png","768d1d819a56c3c3240ff24681b18a82cb38602f4d30d1b04a4762c477eece5e","181603","dark","1440","tc14-chat-form-labels","Admin","2026-09-14T10:01:41.655Z","a11237e29ee59a56356218c13289686c55eda6cf236a34716bc35d2eca124eb7","62f28fb8286f29f68918f4d5b0f0846d517fd04ef388e03ff6dbd34e914e394d","","","VERIFIED_VISIBLE","none","after","tc14-labels"
"screenshots/after-tc14-labels/360-gray-chat-form-labels.png","after-tc14-labels","360-gray-chat-form-labels.png","a5739c62d8da210459991c1bdacd9ab64eea7bfee1564e57622c22a78f288bca","106697","gray","360","tc14-chat-form-labels","Admin","2026-09-14T10:01:42.833Z","a11237e29ee59a56356218c13289686c55eda6cf236a34716bc35d2eca124eb7","62f28fb8286f29f68918f4d5b0f0846d517fd04ef388e03ff6dbd34e914e394d","","","VERIFIED_VISIBLE","none","after","tc14-labels"
"screenshots/after-tc14-labels/360-light-chat-form-labels.png","after-tc14-labels","360-light-chat-form-labels.png","56f4d3e1a1070e4b1d3953271277d1dbfff09abfa01c9a6b78e1d723a303ddd2","102066","light","360","tc14-chat-form-labels","Admin","2026-09-14T10:01:43.955Z","a11237e29ee59a56356218c13289686c55eda6cf236a34716bc35d2eca124eb7","62f28fb8286f29f68918f4d5b0f0846d517fd04ef388e03ff6dbd34e914e394d","","","VERIFIED_VISIBLE","none","after","tc14-labels"
"screenshots/after-tc14-labels/390-gray-chat-form-labels.png","after-tc14-labels","390-gray-chat-form-labels.png","44a4f03f45a0814b20386790f56af5b4e98ea5fadfba264d795c14d54d430103","112654","gray","390","tc14-chat-form-labels","Admin","2026-09-14T10:01:45.143Z","a11237e29ee59a56356218c13289686c55eda6cf236a34716bc35d2eca124eb7","62f28fb8286f29f68918f4d5b0f0846d517fd04ef388e03ff6dbd34e914e394d","","","VERIFIED_VISIBLE","none","after","tc14-labels"
"screenshots/after-tc14-labels/390-gray-announcement-form-label.png","after-tc14-labels","390-gray-announcement-form-label.png","5795bee7e3e8b434644cdedc0263026b65b036bfce4ee4d8f06b07ea6850ad01","116458","gray","390","tc14-announcement-form-label","Admin","2026-09-14T10:01:45.936Z","a11237e29ee59a56356218c13289686c55eda6cf236a34716bc35d2eca124eb7","62f28fb8286f29f68918f4d5b0f0846d517fd04ef388e03ff6dbd34e914e394d","","","VERIFIED_VISIBLE","scrollIntoView-center","after","tc14-labels"
"screenshots/after-tc14-labels/390-gray-returns-form-label.png","after-tc14-labels","390-gray-returns-form-label.png","189263a18c4f9f05204433f10daf3aca2387e6c6c521b866829e8587aaa110c0","105802","gray","390","tc14-returns-form-label","Admin","2026-09-14T10:01:46.652Z","a11237e29ee59a56356218c13289686c55eda6cf236a34716bc35d2eca124eb7","62f28fb8286f29f68918f4d5b0f0846d517fd04ef388e03ff6dbd34e914e394d","","","VERIFIED_VISIBLE","scrollIntoView-center","after","tc14-labels"
"screenshots/after-tc14-labels/390-light-chat-form-labels.png","after-tc14-labels","390-light-chat-form-labels.png","c594e61415a3d4539754aca30a9982a245820e7ac0131688f05c3f5cbd95a96b","107512","light","390","tc14-chat-form-labels","Admin","2026-09-14T10:01:47.819Z","a11237e29ee59a56356218c13289686c55eda6cf236a34716bc35d2eca124eb7","62f28fb8286f29f68918f4d5b0f0846d517fd04ef388e03ff6dbd34e914e394d","","","VERIFIED_VISIBLE","none","after","tc14-labels"
"screenshots/after-tc14-labels/390-light-announcement-form-label.png","after-tc14-labels","390-light-announcement-form-label.png","87fd8df209214284577419ded811c83a1bdddaa03195284a091fdbe0b639c985","115436","light","390","tc14-announcement-form-label","Admin","2026-09-14T10:01:48.410Z","a11237e29ee59a56356218c13289686c55eda6cf236a34716bc35d2eca124eb7","62f28fb8286f29f68918f4d5b0f0846d517fd04ef388e03ff6dbd34e914e394d","","","VERIFIED_VISIBLE","scrollIntoView-center","after","tc14-labels"
"screenshots/after-tc14-labels/390-light-returns-form-label.png","after-tc14-labels","390-light-returns-form-label.png","a6a823a500afd80276ea9a691018a45e354ad37d4ef9e4e3b88b0be427df74df","103805","light","390","tc14-returns-form-label","Admin","2026-09-14T10:01:49.013Z","a11237e29ee59a56356218c13289686c55eda6cf236a34716bc35d2eca124eb7","62f28fb8286f29f68918f4d5b0f0846d517fd04ef388e03ff6dbd34e914e394d","","","VERIFIED_VISIBLE","scrollIntoView-center","after","tc14-labels"
"screenshots/after-tc14-labels/390-dark-chat-form-labels.png","after-tc14-labels","390-dark-chat-form-labels.png","3b622dd830d9efd8e062c9f5008fefae16f261259916d566b06f70782e1f48e5","121237","dark","390","tc14-chat-form-labels","Admin","2026-09-14T10:01:50.181Z","a11237e29ee59a56356218c13289686c55eda6cf236a34716bc35d2eca124eb7","62f28fb8286f29f68918f4d5b0f0846d517fd04ef388e03ff6dbd34e914e394d","","","VERIFIED_VISIBLE","none","after","tc14-labels"
"screenshots/after-tc14-labels/430-gray-chat-form-labels.png","after-tc14-labels","430-gray-chat-form-labels.png","906392bfb165db8173b8a9105082ac81f734be337b609c484a2b2d306c1422d4","119861","gray","430","tc14-chat-form-labels","Admin","2026-09-14T10:01:51.419Z","a11237e29ee59a56356218c13289686c55eda6cf236a34716bc35d2eca124eb7","62f28fb8286f29f68918f4d5b0f0846d517fd04ef388e03ff6dbd34e914e394d","","","VERIFIED_VISIBLE","none","after","tc14-labels"
"screenshots/after-tc14-labels/430-light-chat-form-labels.png","after-tc14-labels","430-light-chat-form-labels.png","bbc3b9b6d2982c9b852697b66d0dc3add2619beb839bdedba4c1f0d087be9837","115782","light","430","tc14-chat-form-labels","Admin","2026-09-14T10:01:52.568Z","a11237e29ee59a56356218c13289686c55eda6cf236a34716bc35d2eca124eb7","62f28fb8286f29f68918f4d5b0f0846d517fd04ef388e03ff6dbd34e914e394d","","","VERIFIED_VISIBLE","none","after","tc14-labels"
"screenshots/after-tc14-visible-checklists/360-gray-checklists-only-deviations-visible.png","after-tc14-visible-checklists","360-gray-checklists-only-deviations-visible.png","d37f5c7387d2c0fd117404ff22c3b93418ca4f8082d33728e846dd9372ccbc75","94993","gray","360","tc14-checklists-only-deviations-visible","Admin","2026-09-14T10:03:11.736Z","a11237e29ee59a56356218c13289686c55eda6cf236a34716bc35d2eca124eb7","62f28fb8286f29f68918f4d5b0f0846d517fd04ef388e03ff6dbd34e914e394d","TC14-IMG-0014","screenshots/after-checklists/360-gray-checklists-real-checkbox.png","VERIFIED_VISIBLE","scrollIntoView-center","after","tc14-visible-checklists"
"screenshots/after-tc14-visible-checklists/360-light-checklists-only-deviations-visible.png","after-tc14-visible-checklists","360-light-checklists-only-deviations-visible.png","06096cdf198b6e1cc67b5f3ab5c975bd8522d0271d684c8c6238f3aaf3322112","92212","light","360","tc14-checklists-only-deviations-visible","Admin","2026-09-14T10:03:12.551Z","a11237e29ee59a56356218c13289686c55eda6cf236a34716bc35d2eca124eb7","62f28fb8286f29f68918f4d5b0f0846d517fd04ef388e03ff6dbd34e914e394d","TC14-IMG-0018","screenshots/after-checklists/360-light-checklists-real-checkbox.png","VERIFIED_VISIBLE","scrollIntoView-center","after","tc14-visible-checklists"
"screenshots/after-tc14-visible-checklists/390-gray-checklists-only-deviations-visible.png","after-tc14-visible-checklists","390-gray-checklists-only-deviations-visible.png","7f3420744cdcc18de9261872af33634a38eafedc9d404c2ecb3f02c6ce5114bb","99141","gray","390","tc14-checklists-only-deviations-visible","Admin","2026-09-14T10:03:13.223Z","a11237e29ee59a56356218c13289686c55eda6cf236a34716bc35d2eca124eb7","62f28fb8286f29f68918f4d5b0f0846d517fd04ef388e03ff6dbd34e914e394d","TC14-IMG-0022","screenshots/after-checklists/390-gray-checklists-real-checkbox.png","VERIFIED_VISIBLE","scrollIntoView-center","after","tc14-visible-checklists"
"screenshots/after-tc14-visible-checklists/390-light-checklists-only-deviations-visible.png","after-tc14-visible-checklists","390-light-checklists-only-deviations-visible.png","1068cfb0fd58c7faacb002c45a61087f40e072ac27f05cab9ac6ddde4e40fed8","96128","light","390","tc14-checklists-only-deviations-visible","Admin","2026-09-14T10:03:13.900Z","a11237e29ee59a56356218c13289686c55eda6cf236a34716bc35d2eca124eb7","62f28fb8286f29f68918f4d5b0f0846d517fd04ef388e03ff6dbd34e914e394d","TC14-IMG-0026","screenshots/after-checklists/390-light-checklists-real-checkbox.png","VERIFIED_VISIBLE","scrollIntoView-center","after","tc14-visible-checklists"
"screenshots/after-tc14-visible-checklists/390-dark-checklists-only-deviations-visible.png","after-tc14-visible-checklists","390-dark-checklists-only-deviations-visible.png","7731240640e58384ce483a32c891ab10f868b99f83916453ebd89bd6ae670836","90983","dark","390","tc14-checklists-only-deviations-visible","Admin","2026-09-14T10:03:14.607Z","a11237e29ee59a56356218c13289686c55eda6cf236a34716bc35d2eca124eb7","62f28fb8286f29f68918f4d5b0f0846d517fd04ef388e03ff6dbd34e914e394d","TC14-IMG-0030","screenshots/after-checklists/390-dark-checklists-real-checkbox.png","VERIFIED_VISIBLE","scrollIntoView-center","after","tc14-visible-checklists"
"screenshots/after-tc14-visible-checklists/430-gray-checklists-only-deviations-visible.png","after-tc14-visible-checklists","430-gray-checklists-only-deviations-visible.png","df0892ef9021caaa1080c67713754009c15bfbb786067a00c77d603136566c1f","105457","gray","430","tc14-checklists-only-deviations-visible","Admin","2026-09-14T10:03:15.239Z","a11237e29ee59a56356218c13289686c55eda6cf236a34716bc35d2eca124eb7","62f28fb8286f29f68918f4d5b0f0846d517fd04ef388e03ff6dbd34e914e394d","TC14-IMG-0034","screenshots/after-checklists/430-gray-checklists-real-checkbox.png","VERIFIED_VISIBLE","scrollIntoView-center","after","tc14-visible-checklists"
"screenshots/after-tc14-visible-checklists/430-light-checklists-only-deviations-visible.png","after-tc14-visible-checklists","430-light-checklists-only-deviations-visible.png","4d088398e03d9cafb0752f8ca10258bf35ad1d3377c60984aabec96d231b412c","102636","light","430","tc14-checklists-only-deviations-visible","Admin","2026-09-14T10:03:15.903Z","a11237e29ee59a56356218c13289686c55eda6cf236a34716bc35d2eca124eb7","62f28fb8286f29f68918f4d5b0f0846d517fd04ef388e03ff6dbd34e914e394d","TC14-IMG-0038","screenshots/after-checklists/430-light-checklists-real-checkbox.png","VERIFIED_VISIBLE","scrollIntoView-center","after","tc14-visible-checklists"
"screenshots/after-tc14-visible-gallery/desktop-gray-gallery-checkbox-visible.png","after-tc14-visible-gallery","desktop-gray-gallery-checkbox-visible.png","8905f943d5e5b7dc21cf021076b317b779420e1fcf0436222fd5f23472d1133c","311933","gray","1440","tc14-gallery-checkbox-visible","Static isolated gallery","2026-09-14T10:05:54.417Z","a11237e29ee59a56356218c13289686c55eda6cf236a34716bc35d2eca124eb7","62f28fb8286f29f68918f4d5b0f0846d517fd04ef388e03ff6dbd34e914e394d","TC14-IMG-0003","screenshots/after-checklists/desktop-gray-gallery-checkbox.png","VERIFIED_VISIBLE","scrollIntoView-center","after","tc14-visible-gallery"
"screenshots/after-tc14-visible-gallery/desktop-light-gallery-checkbox-visible.png","after-tc14-visible-gallery","desktop-light-gallery-checkbox-visible.png","5701847483abdc1e19d4b52c0ebee33576379da09914d6cc53a3ddee89ca9b0a","275230","light","1440","tc14-gallery-checkbox-visible","Static isolated gallery","2026-09-14T10:05:54.897Z","a11237e29ee59a56356218c13289686c55eda6cf236a34716bc35d2eca124eb7","62f28fb8286f29f68918f4d5b0f0846d517fd04ef388e03ff6dbd34e914e394d","TC14-IMG-0007","screenshots/after-checklists/desktop-light-gallery-checkbox.png","VERIFIED_VISIBLE","scrollIntoView-center","after","tc14-visible-gallery"
"screenshots/after-tc14-visible-gallery/desktop-dark-gallery-checkbox-visible.png","after-tc14-visible-gallery","desktop-dark-gallery-checkbox-visible.png","fd7c32cb246bca997ead07f0d89467cff8eeadcf59e1fd0b453803fee51ddf78","304201","dark","1440","tc14-gallery-checkbox-visible","Static isolated gallery","2026-09-14T10:05:55.384Z","a11237e29ee59a56356218c13289686c55eda6cf236a34716bc35d2eca124eb7","62f28fb8286f29f68918f4d5b0f0846d517fd04ef388e03ff6dbd34e914e394d","TC14-IMG-0011","screenshots/after-checklists/desktop-dark-gallery-checkbox.png","VERIFIED_VISIBLE","scrollIntoView-center","after","tc14-visible-gallery"
"screenshots/after-tc14-visible-orders/desktop-gray-orders-tabs-visible.png","after-tc14-visible-orders","desktop-gray-orders-tabs-visible.png","b58cb5ba81d12d361d3b6c3b4a1c71458be4b80b5c8920fdb173a0a90f5164e1","238970","gray","1440","tc14-orders-tabs-visible","Admin","2026-09-14T10:06:55.594Z","a11237e29ee59a56356218c13289686c55eda6cf236a34716bc35d2eca124eb7","62f28fb8286f29f68918f4d5b0f0846d517fd04ef388e03ff6dbd34e914e394d","TC14-IMG-0060","screenshots/after-controls/desktop-gray-orders-tabs.png","VERIFIED_VISIBLE","scrollIntoView-center","after","tc14-visible-orders"
"screenshots/after-tc14-visible-orders/desktop-light-orders-tabs-visible.png","after-tc14-visible-orders","desktop-light-orders-tabs-visible.png","6f75da0e6070c8a40746c4749785823b1e5cef5192c8bbfe2a1564116410dee9","231644","light","1440","tc14-orders-tabs-visible","Admin","2026-09-14T10:06:56.521Z","a11237e29ee59a56356218c13289686c55eda6cf236a34716bc35d2eca124eb7","62f28fb8286f29f68918f4d5b0f0846d517fd04ef388e03ff6dbd34e914e394d","TC14-IMG-0064","screenshots/after-controls/desktop-light-orders-tabs.png","VERIFIED_VISIBLE","scrollIntoView-center","after","tc14-visible-orders"
"screenshots/after-tc14-visible-orders/desktop-dark-orders-tabs-visible.png","after-tc14-visible-orders","desktop-dark-orders-tabs-visible.png","c80037aaf54a1eb39d23453595c74ed40522c7429ecd270a653e7fee4faee517","277675","dark","1440","tc14-orders-tabs-visible","Admin","2026-09-14T10:06:57.397Z","a11237e29ee59a56356218c13289686c55eda6cf236a34716bc35d2eca124eb7","62f28fb8286f29f68918f4d5b0f0846d517fd04ef388e03ff6dbd34e914e394d","TC14-IMG-0068","screenshots/after-controls/desktop-dark-orders-tabs.png","VERIFIED_VISIBLE","scrollIntoView-center","after","tc14-visible-orders"
