"reviewId","observation","theme","width","state","target","oldSourcePath","oldSha256","packagedOldSource","newEvidencePath","newSha256","result"
"TC14-IMG-0003","TC14-E01","gray","1440","gallery-checkbox","Выбранный пункт с длинной подписью","screenshots/after-checklists/desktop-gray-gallery-checkbox.png","380e2c60160393b474f2c3536acd1702f12dc7d3451941444b182d3321a4db89","source-targets/TC14-IMG-0003-desktop-gray-gallery-checkbox.png","screenshots/after-tc14-visible-gallery/desktop-gray-gallery-checkbox-visible.png","8905f943d5e5b7dc21cf021076b317b779420e1fcf0436222fd5f23472d1133c","VERIFIED_VISIBLE"
"TC14-IMG-0004","TC14-01","gray","1440","chats-real-checkbox","Название / Тип / Описание + соседний checkbox","screenshots/after-checklists/desktop-gray-chats-real-checkbox.png","f63dd2c8c4c1025cc23eea734468cfc0bf590229f378000440e5372a654b1cd6","source-targets/TC14-IMG-0004-desktop-gray-chats-real-checkbox.png","screenshots/after-tc14-labels/desktop-gray-chat-form-labels.png","379ae694dbc1b08563289e3f6a7fcf996d9034608457ed876391a4de39bb4a61","FIXED_VERIFIED"
"TC14-IMG-0007","TC14-E01","light","1440","gallery-checkbox","Выбранный пункт с длинной подписью","screenshots/after-checklists/desktop-light-gallery-checkbox.png","b26fc2d2c58bb203093c50afedd42ea1554a6e65a28f2c3b5b605d198332d34e","source-targets/TC14-IMG-0007-desktop-light-gallery-checkbox.png","screenshots/after-tc14-visible-gallery/desktop-light-gallery-checkbox-visible.png","5701847483abdc1e19d4b52c0ebee33576379da09914d6cc53a3ddee89ca9b0a","VERIFIED_VISIBLE"
"TC14-IMG-0008","TC14-01","light","1440","chats-real-checkbox","Название / Тип / Описание + соседний checkbox","screenshots/after-checklists/desktop-light-chats-real-checkbox.png","e91b30f32f5dbc7095946709e5d725295cdeda96e059d667d9b1b934b3a8fe9e","source-targets/TC14-IMG-0008-desktop-light-chats-real-checkbox.png","screenshots/after-tc14-labels/desktop-light-chat-form-labels.png","ef644a17d4a0eedd41fecb61c8745a15f52dcbace442a03587e5f3c61a821900","FIXED_VERIFIED"
"TC14-IMG-0011","TC14-E01","dark","1440","gallery-checkbox","Выбранный пункт с длинной подписью","screenshots/after-checklists/desktop-dark-gallery-checkbox.png","1e873c2df5ee1c5c0a1c5d7ce2c79055e17f1f95d92ea85d8204d699416799c3","source-targets/TC14-IMG-0011-desktop-dark-gallery-checkbox.png","screenshots/after-tc14-visible-gallery/desktop-dark-gallery-checkbox-visible.png","fd7c32cb246bca997ead07f0d89467cff8eeadcf59e1fd0b453803fee51ddf78","VERIFIED_VISIBLE"
"TC14-IMG-0014","TC14-E01","gray","360","checklists-real-checkbox","Только отклонения","screenshots/after-checklists/360-gray-checklists-real-checkbox.png","5065bac41693a48d7b95e935a0cbe9218e8f5c7a0f058a3e216b805b7f49aa81","source-targets/TC14-IMG-0014-360-gray-checklists-real-checkbox.png","screenshots/after-tc14-visible-checklists/360-gray-checklists-only-deviations-visible.png","d37f5c7387d2c0fd117404ff22c3b93418ca4f8082d33728e846dd9372ccbc75","VERIFIED_VISIBLE"
"TC14-IMG-0016","TC14-01","gray","360","chats-real-checkbox","Название / Тип / Описание + соседний checkbox","screenshots/after-checklists/360-gray-chats-real-checkbox.png","4917cdcb48cc9e3673aa79e119e668ac4b867e0c96a27eb086f94a3a7bac3c20","source-targets/TC14-IMG-0016-360-gray-chats-real-checkbox.png","screenshots/after-tc14-labels/360-gray-chat-form-labels.png","a5739c62d8da210459991c1bdacd9ab64eea7bfee1564e57622c22a78f288bca","FIXED_VERIFIED"
"TC14-IMG-0018","TC14-E01","light","360","checklists-real-checkbox","Только отклонения","screenshots/after-checklists/360-light-checklists-real-checkbox.png","81cd94a5f7b66757944c5554dbfced43a97ddd4f0a6f3ba05f202c6ead7a6025","source-targets/TC14-IMG-0018-360-light-checklists-real-checkbox.png","screenshots/after-tc14-visible-checklists/360-light-checklists-only-deviations-visible.png","06096cdf198b6e1cc67b5f3ab5c975bd8522d0271d684c8c6238f3aaf3322112","VERIFIED_VISIBLE"
"TC14-IMG-0020","TC14-01","light","360","chats-real-checkbox","Название / Тип / Описание + соседний checkbox","screenshots/after-checklists/360-light-chats-real-checkbox.png","adbc7bb7a1eb77eb0d28130454b4927b979ac6c461eed3f6b644a43653d88fc9","source-targets/TC14-IMG-0020-360-light-chats-real-checkbox.png","screenshots/after-tc14-labels/360-light-chat-form-labels.png","56f4d3e1a1070e4b1d3953271277d1dbfff09abfa01c9a6b78e1d723a303ddd2","FIXED_VERIFIED"
"TC14-IMG-0022","TC14-E01","gray","390","checklists-real-checkbox","Только отклонения","screenshots/after-checklists/390-gray-checklists-real-checkbox.png","c4a54753500ac496be9ebdd9782f3cc086eca377493e72397cd0b7b5b20b20f8","source-targets/TC14-IMG-0022-390-gray-checklists-real-checkbox.png","screenshots/after-tc14-visible-checklists/390-gray-checklists-only-deviations-visible.png","7f3420744cdcc18de9261872af33634a38eafedc9d404c2ecb3f02c6ce5114bb","VERIFIED_VISIBLE"
"TC14-IMG-0024","TC14-01","gray","390","chats-real-checkbox","Название / Тип / Описание + соседний checkbox","screenshots/after-checklists/390-gray-chats-real-checkbox.png","8413d5a52e1e29712c48ee991144c0984f6bc33ac2aaa5d03cc5f4a86cab01b3","source-targets/TC14-IMG-0024-390-gray-chats-real-checkbox.png","screenshots/after-tc14-labels/390-gray-chat-form-labels.png","44a4f03f45a0814b20386790f56af5b4e98ea5fadfba264d795c14d54d430103","FIXED_VERIFIED"
"TC14-IMG-0026","TC14-E01","light","390","checklists-real-checkbox","Только отклонения","screenshots/after-checklists/390-light-checklists-real-checkbox.png","6f6ea441eb5629db1f0d0eab713ed01d6bcde89dd1bd77003f821e09245a884c","source-targets/TC14-IMG-0026-390-light-checklists-real-checkbox.png","screenshots/after-tc14-visible-checklists/390-light-checklists-only-deviations-visible.png","1068cfb0fd58c7faacb002c45a61087f40e072ac27f05cab9ac6ddde4e40fed8","VERIFIED_VISIBLE"
"TC14-IMG-0028","TC14-01","light","390","chats-real-checkbox","Название / Тип / Описание + соседний checkbox","screenshots/after-checklists/390-light-chats-real-checkbox.png","4094bab4fcc51e30b662c2ecf987c92ece773f656bc70630b7e92bf00c4965f0","source-targets/TC14-IMG-0028-390-light-chats-real-checkbox.png","screenshots/after-tc14-labels/390-light-chat-form-labels.png","c594e61415a3d4539754aca30a9982a245820e7ac0131688f05c3f5cbd95a96b","FIXED_VERIFIED"
"TC14-IMG-0030","TC14-E01","dark","390","checklists-real-checkbox","Только отклонения","screenshots/after-checklists/390-dark-checklists-real-checkbox.png","5546a146bca593e3c4aa2fe79bab94848fd2fbb3b19ec208e5ee49c0e6125046","source-targets/TC14-IMG-0030-390-dark-checklists-real-checkbox.png","screenshots/after-tc14-visible-checklists/390-dark-checklists-only-deviations-visible.png","7731240640e58384ce483a32c891ab10f868b99f83916453ebd89bd6ae670836","VERIFIED_VISIBLE"
"TC14-IMG-0034","TC14-E01","gray","430","checklists-real-checkbox","Только отклонения","screenshots/after-checklists/430-gray-checklists-real-checkbox.png","52dd2bbdbec45769702033626bca48a20d5988afe7c2805c7289476ef037a18c","source-targets/TC14-IMG-0034-430-gray-checklists-real-checkbox.png","screenshots/after-tc14-visible-checklists/430-gray-checklists-only-deviations-visible.png","df0892ef9021caaa1080c67713754009c15bfbb786067a00c77d603136566c1f","VERIFIED_VISIBLE"
"TC14-IMG-0036","TC14-01","gray","430","chats-real-checkbox","Название / Тип / Описание + соседний checkbox","screenshots/after-checklists/430-gray-chats-real-checkbox.png","220d924dc28448ff4ab224e9b57675e0f5f11c55aff0f804f82a9af38b5e5508","source-targets/TC14-IMG-0036-430-gray-chats-real-checkbox.png","screenshots/after-tc14-labels/430-gray-chat-form-labels.png","906392bfb165db8173b8a9105082ac81f734be337b609c484a2b2d306c1422d4","FIXED_VERIFIED"
"TC14-IMG-0038","TC14-E01","light","430","checklists-real-checkbox","Только отклонения","screenshots/after-checklists/430-light-checklists-real-checkbox.png","933573dd38e5892122537bb166d28a38b340fec87e5a7a525459a25c8db3ba50","source-targets/TC14-IMG-0038-430-light-checklists-real-checkbox.png","screenshots/after-tc14-visible-checklists/430-light-checklists-only-deviations-visible.png","4d088398e03d9cafb0752f8ca10258bf35ad1d3377c60984aabec96d231b412c","VERIFIED_VISIBLE"
"TC14-IMG-0040","TC14-01","light","430","chats-real-checkbox","Название / Тип / Описание + соседний checkbox","screenshots/after-checklists/430-light-chats-real-checkbox.png","f2154c23c3212f73d4939b5ad6ac91b2a900764b23d7c0df8715d04e1d789a36","source-targets/TC14-IMG-0040-430-light-chats-real-checkbox.png","screenshots/after-tc14-labels/430-light-chat-form-labels.png","bbc3b9b6d2982c9b852697b66d0dc3add2619beb839bdedba4c1f0d087be9837","FIXED_VERIFIED"
"TC14-IMG-0060","TC14-E01","gray","1440","orders-tabs","Остатки / Заявки на заказ / Архив","screenshots/after-controls/desktop-gray-orders-tabs.png","962c9546761f1df2be4835ea109f020f23114495d779102b8d41604c6720e5f2","source-targets/TC14-IMG-0060-desktop-gray-orders-tabs.png","screenshots/after-tc14-visible-orders/desktop-gray-orders-tabs-visible.png","b58cb5ba81d12d361d3b6c3b4a1c71458be4b80b5c8920fdb173a0a90f5164e1","VERIFIED_VISIBLE"
"TC14-IMG-0064","TC14-E01","light","1440","orders-tabs","Остатки / Заявки на заказ / Архив","screenshots/after-controls/desktop-light-orders-tabs.png","d9fd930158245023f223ead7d664f64cc33a47d3b80c914cecd6195fe9cd1d85","source-targets/TC14-IMG-0064-desktop-light-orders-tabs.png","screenshots/after-tc14-visible-orders/desktop-light-orders-tabs-visible.png","6f75da0e6070c8a40746c4749785823b1e5cef5192c8bbfe2a1564116410dee9","VERIFIED_VISIBLE"
"TC14-IMG-0068","TC14-E01","dark","1440","orders-tabs","Остатки / Заявки на заказ / Архив","screenshots/after-controls/desktop-dark-orders-tabs.png","36f3807c0fb4d79a3dea72baed2bd859d6727c1e64fbd7945b31babea2527ad9","source-targets/TC14-IMG-0068-desktop-dark-orders-tabs.png","screenshots/after-tc14-visible-orders/desktop-dark-orders-tabs-visible.png","c80037aaf54a1eb39d23453595c74ed40522c7429ecd270a653e7fee4faee517","VERIFIED_VISIBLE"
