"archivePath","bytes","sha256"
"batch/applied-harness.diff","26093","ecd29b4a407dfef5eed0fe6b89b913ecf50bfd5687787e70cf1177b19ed81bd7"
"batch/applied-product.diff","1013","a9e778a11c450c4523349038ed7e112d6b829c9501bc951c3b754d9fe823959b"
"batch/baseline-source/styles.before-tc14.css","445396","01ad09437159036198ed3ded733ba224e8da1fdeb52f7263e494851753dcc92b"
"batch/baseline-source/three-themes.before-tc14.spec.ts","71976","e31d666bad11d3134e0b3f7f5f6b806856fa4ba5649c7aebf5b2f0841c047cea"
"batch/build-package.ps1","17644","0c53c3aa4cebe918ad0201238d78a8e389af4eb5f41668d8b21cb1655f657356"
"batch/changed-files.txt","1325","c0cd8d9d5c7c18dce98be845f9cdfb0fe8251bc1d1c35a13836a1c89bad8f34e"
"batch/computed-labels.csv","23529","e6ecca8a5ddb77718a03ae8c17188c2df66ce38bc04fa5a598b69711f249b025"
"batch/evidence-index.csv","25273","25d4a48dabc3b4111d6b9cca5d6fcd54e2ab922843e7700f2a7ca79a243228a1"
"batch/final-report.md","6343","120b6a21634ee1149149a5a02fad3bcc2fff2252a64b12bcf81440bbfdf5add8"
"batch/final-source/styles.after-tc14.css","445536","a11237e29ee59a56356218c13289686c55eda6cf236a34716bc35d2eca124eb7"
"batch/final-source/three-themes.after-tc14.spec.ts","92273","62f28fb8286f29f68918f4d5b0f0846d517fd04ef388e03ff6dbd34e914e394d"
"batch/full-applied.diff","27151","c7a4730f990b4fcfd94073527ddbe4b7a4765073d77379c949cb088ce2beb046"
"batch/input-map/package-README.md","2015","ae58aa5eb2cefc5171f6e9e18967c4e0cc13789c472c5e3e7ee0036a53c7e48c"
"batch/input-map/tc14-targets.csv","6727","f845c532955dd0f7e09d63ed234ad31a7b4e46572d38d60df56bdeb0e7c02683"
"batch/input-map/tc14-targets.json","11139","5bf48691b2acfcafa0a565a9c7d4b108286512ad985bfc4f286ac13bbbb5e7fa"
"batch/input-map/ZAVOD_CONTRAST_CORRECTION_REVIEW_2026-09-14.md","18731","b50c05cc97f0577fd96f1ec849d066b9a6c8f33a7363651bb4b45fb86c6ae9ec"
"batch/old-to-new-mapping.csv","10318","b7604c550b476bc4600ca6269a1af2cd6d2527380c567e84dedd79eb03dbd378"
"batch/owner-impact-map.md","1389","26b2a831465b788d0104faee9d36b52ec6bcd7eb3a1a1b5a767df022ca7d7dcd"
"batch/progress.md","11690","5784a0c5cc9454d90d9be70a8bc2d443f3e7cd27070d5c44e547f6d6701ec0e8"
"batch/resolution-matrix.md","2891","aa6b64f88312000b86dd1dcb675e2b6d31186d5e0fa93ddc5d967fdff4895674"
"batch/screenshots/after-tc14-labels/360-gray-chat-form-labels.png","106697","a5739c62d8da210459991c1bdacd9ab64eea7bfee1564e57622c22a78f288bca"
"batch/screenshots/after-tc14-labels/360-light-chat-form-labels.png","102066","56f4d3e1a1070e4b1d3953271277d1dbfff09abfa01c9a6b78e1d723a303ddd2"
"batch/screenshots/after-tc14-labels/390-dark-chat-form-labels.png","121237","3b622dd830d9efd8e062c9f5008fefae16f261259916d566b06f70782e1f48e5"
"batch/screenshots/after-tc14-labels/390-gray-announcement-form-label.png","116458","5795bee7e3e8b434644cdedc0263026b65b036bfce4ee4d8f06b07ea6850ad01"
"batch/screenshots/after-tc14-labels/390-gray-chat-form-labels.png","112654","44a4f03f45a0814b20386790f56af5b4e98ea5fadfba264d795c14d54d430103"
"batch/screenshots/after-tc14-labels/390-gray-returns-form-label.png","105802","189263a18c4f9f05204433f10daf3aca2387e6c6c521b866829e8587aaa110c0"
"batch/screenshots/after-tc14-labels/390-light-announcement-form-label.png","115436","87fd8df209214284577419ded811c83a1bdddaa03195284a091fdbe0b639c985"
"batch/screenshots/after-tc14-labels/390-light-chat-form-labels.png","107512","c594e61415a3d4539754aca30a9982a245820e7ac0131688f05c3f5cbd95a96b"
"batch/screenshots/after-tc14-labels/390-light-returns-form-label.png","103805","a6a823a500afd80276ea9a691018a45e354ad37d4ef9e4e3b88b0be427df74df"
"batch/screenshots/after-tc14-labels/430-gray-chat-form-labels.png","119861","906392bfb165db8173b8a9105082ac81f734be337b609c484a2b2d306c1422d4"
"batch/screenshots/after-tc14-labels/430-light-chat-form-labels.png","115782","bbc3b9b6d2982c9b852697b66d0dc3add2619beb839bdedba4c1f0d087be9837"
"batch/screenshots/after-tc14-labels/desktop-dark-chat-form-labels.png","181603","768d1d819a56c3c3240ff24681b18a82cb38602f4d30d1b04a4762c477eece5e"
"batch/screenshots/after-tc14-labels/desktop-gray-announcement-form-label.png","246087","7cf1734979ab99c9076dd77c64888b0cb29ef490c8fdf72a38e6f1e287cf6c9e"
"batch/screenshots/after-tc14-labels/desktop-gray-chat-form-labels.png","246435","379ae694dbc1b08563289e3f6a7fcf996d9034608457ed876391a4de39bb4a61"
"batch/screenshots/after-tc14-labels/desktop-gray-returns-form-label.png","271902","27b6780eff17a5963e5c53f2f245f1f25381eca546a2442f725ad319e95f759e"
"batch/screenshots/after-tc14-labels/desktop-light-announcement-form-label.png","294997","edfbeff9b72a7c5dc479f35abc98143d13a7c1e69cff09de67b85b984589cf5d"
"batch/screenshots/after-tc14-labels/desktop-light-chat-form-labels.png","224544","ef644a17d4a0eedd41fecb61c8745a15f52dcbace442a03587e5f3c61a821900"
"batch/screenshots/after-tc14-labels/desktop-light-returns-form-label.png","268997","17da354d543664d18ef620526ef29f52dbd55713a1b3942843aa1199b97a6219"
"batch/screenshots/after-tc14-labels/index.csv","7102","4ea7d0a75abe3d024f69c01654bbaf56ed3a69c06cf07a7e4975b66fab243380"
"batch/screenshots/after-tc14-labels/runtime.json","192161","7dda37bdea14b3aef1868dc0f26ba02de7c426a64d3c0a86e9dcedf3ba6a78a1"
"batch/screenshots/after-tc14-visible-checklists/360-gray-checklists-only-deviations-visible.png","94993","d37f5c7387d2c0fd117404ff22c3b93418ca4f8082d33728e846dd9372ccbc75"
"batch/screenshots/after-tc14-visible-checklists/360-light-checklists-only-deviations-visible.png","92212","06096cdf198b6e1cc67b5f3ab5c975bd8522d0271d684c8c6238f3aaf3322112"
"batch/screenshots/after-tc14-visible-checklists/390-dark-checklists-only-deviations-visible.png","90983","7731240640e58384ce483a32c891ab10f868b99f83916453ebd89bd6ae670836"
"batch/screenshots/after-tc14-visible-checklists/390-gray-checklists-only-deviations-visible.png","99141","7f3420744cdcc18de9261872af33634a38eafedc9d404c2ecb3f02c6ce5114bb"
"batch/screenshots/after-tc14-visible-checklists/390-light-checklists-only-deviations-visible.png","96128","1068cfb0fd58c7faacb002c45a61087f40e072ac27f05cab9ac6ddde4e40fed8"
"batch/screenshots/after-tc14-visible-checklists/430-gray-checklists-only-deviations-visible.png","105457","df0892ef9021caaa1080c67713754009c15bfbb786067a00c77d603136566c1f"
"batch/screenshots/after-tc14-visible-checklists/430-light-checklists-only-deviations-visible.png","102636","4d088398e03d9cafb0752f8ca10258bf35ad1d3377c60984aabec96d231b412c"
"batch/screenshots/after-tc14-visible-checklists/index.csv","3807","b6292acf74d5da223d4e50ff23ec5ff50eecf3d91592729ca4a926c29ea951de"
"batch/screenshots/after-tc14-visible-checklists/runtime.json","33149","eecd8177b88468105b11e28aae1253090d9edc2cb2de9cdfb1e1ad05fc750bd3"
"batch/screenshots/after-tc14-visible-gallery/desktop-dark-gallery-checkbox-visible.png","304201","fd7c32cb246bca997ead07f0d89467cff8eeadcf59e1fd0b453803fee51ddf78"
"batch/screenshots/after-tc14-visible-gallery/desktop-gray-gallery-checkbox-visible.png","311933","8905f943d5e5b7dc21cf021076b317b779420e1fcf0436222fd5f23472d1133c"
"batch/screenshots/after-tc14-visible-gallery/desktop-light-gallery-checkbox-visible.png","275230","5701847483abdc1e19d4b52c0ebee33576379da09914d6cc53a3ddee89ca9b0a"
"batch/screenshots/after-tc14-visible-gallery/index.csv","1746","81a50358e321c359f200300e91ae0431f09e215dd199393ba77ca94746c543b7"
"batch/screenshots/after-tc14-visible-gallery/runtime.json","13044","c3af87fb96c0ca4b43e4a41999f96297740a5898bed323ebfa5f6c07a6ed2ba1"
"batch/screenshots/after-tc14-visible-orders/desktop-dark-orders-tabs-visible.png","277675","c80037aaf54a1eb39d23453595c74ed40522c7429ecd270a653e7fee4faee517"
"batch/screenshots/after-tc14-visible-orders/desktop-gray-orders-tabs-visible.png","238970","b58cb5ba81d12d361d3b6c3b4a1c71458be4b80b5c8920fdb173a0a90f5164e1"
"batch/screenshots/after-tc14-visible-orders/desktop-light-orders-tabs-visible.png","231644","6f75da0e6070c8a40746c4749785823b1e5cef5192c8bbfe2a1564116410dee9"
"batch/screenshots/after-tc14-visible-orders/index.csv","1638","ebc7f3c806461615b1e3ab391342fb8a2cf55b16ad496198e2e7e5e24ef8c3a8"
"batch/screenshots/after-tc14-visible-orders/runtime.json","14084","2aa6f55a8b7899f83c4b73aceb4cb175700cec1c3fc3d643b6f996e5844bbf68"
"batch/screenshots/before-tc14-labels/360-gray-chat-form-labels.png","105750","3397569742ca0e16843e8a88024249b27041876d506ef1b072569b22d2031906"
"batch/screenshots/before-tc14-labels/360-light-chat-form-labels.png","101671","512cb6099f003f3736b1a11b7d1d75741c5a4f42a9c30e5c1e9ffda8ab7c8298"
"batch/screenshots/before-tc14-labels/390-dark-chat-form-labels.png","121237","3b622dd830d9efd8e062c9f5008fefae16f261259916d566b06f70782e1f48e5"
"batch/screenshots/before-tc14-labels/390-gray-announcement-form-label.png","114224","7b5a53cadacf71d6c46ca0a036b0b77ab78b9432097c8c6d589e73d9fca87a81"
"batch/screenshots/before-tc14-labels/390-gray-chat-form-labels.png","111878","5d377998e7a0df3e7abb9bbfa17a0560c85ef8ec63e0d4f9ab60120ecf14b374"
"batch/screenshots/before-tc14-labels/390-gray-returns-form-label.png","103359","02a7f06a99abbb0f174f8630e55d194fa66db47a7d1f7daadf55c80b8fcc682d"
"batch/screenshots/before-tc14-labels/390-light-announcement-form-label.png","114164","fb5c3c278dfee9ab3bb235a3bec0f982020c48886cade3519b2f02f3dc2da613"
"batch/screenshots/before-tc14-labels/390-light-chat-form-labels.png","107110","b1dd8139ffab2894216a9b9e99e3664682eb11f7a3fd16b04b903c1e5677fd5f"
"batch/screenshots/before-tc14-labels/390-light-returns-form-label.png","102238","728c26b3a51e86c1bf376906c3ace0ffb3c54a87a709ac902872a4068b986cd6"
"batch/screenshots/before-tc14-labels/430-gray-chat-form-labels.png","118996","e661bd1c683a75634b9de68cb9c908aa1578b886f2df284de1fcd29e85d54046"
"batch/screenshots/before-tc14-labels/430-light-chat-form-labels.png","113955","02f226302cb013ac0d7d0a8e034904e4a575345174e81d7ded279b5f7faba2f7"
"batch/screenshots/before-tc14-labels/desktop-dark-chat-form-labels.png","181603","768d1d819a56c3c3240ff24681b18a82cb38602f4d30d1b04a4762c477eece5e"
"batch/screenshots/before-tc14-labels/desktop-gray-announcement-form-label.png","244473","f21a619cfdf1fd940ef5bf9565f969b34148bac5c0b857ea50d1cc6019af9def"
"batch/screenshots/before-tc14-labels/desktop-gray-chat-form-labels.png","245765","c2abb4fd4134ba1ad246de8b6ce225754d9631d5219a2f50610f66ffd2ab28d5"
"batch/screenshots/before-tc14-labels/desktop-gray-returns-form-label.png","269896","e5632628b5b5d116ea9a5451f04909322c228a656f61c962175f6d0b2cc8392d"
"batch/screenshots/before-tc14-labels/desktop-light-announcement-form-label.png","242459","c400f83c82708bec97d46b653f90fbcbe9e9a2a1b9a146820975eb549b15e1e4"
"batch/screenshots/before-tc14-labels/desktop-light-chat-form-labels.png","223965","9581a0717045b42919d85d0b9f8a8899350e478995c407aa4c16fa0b1cef3ec3"
"batch/screenshots/before-tc14-labels/desktop-light-returns-form-label.png","267825","407ecb8b0393c8e760b0bdaffc1e39021ccab9a0ac08b2fb6a244c51f2fd31a2"
"batch/screenshots/before-tc14-labels/index.csv","7120","1320768f73554a73030879a7e585a4e23bd83a9320b0bb02df34eed28d6b9f67"
"batch/screenshots/before-tc14-labels/runtime.json","192360","186adbf7cdcd9e936fe8f42ddcc13bc8234c14cc81c5e960f8248a5d8a11d0e8"
"batch/source-targets/TC14-IMG-0003-desktop-gray-gallery-checkbox.png","501679","380e2c60160393b474f2c3536acd1702f12dc7d3451941444b182d3321a4db89"
"batch/source-targets/TC14-IMG-0004-desktop-gray-chats-real-checkbox.png","253220","f63dd2c8c4c1025cc23eea734468cfc0bf590229f378000440e5372a654b1cd6"
"batch/source-targets/TC14-IMG-0007-desktop-light-gallery-checkbox.png","460104","b26fc2d2c58bb203093c50afedd42ea1554a6e65a28f2c3b5b605d198332d34e"
"batch/source-targets/TC14-IMG-0008-desktop-light-chats-real-checkbox.png","254539","e91b30f32f5dbc7095946709e5d725295cdeda96e059d667d9b1b934b3a8fe9e"
"batch/source-targets/TC14-IMG-0011-desktop-dark-gallery-checkbox.png","595465","1e873c2df5ee1c5c0a1c5d7ce2c79055e17f1f95d92ea85d8204d699416799c3"
"batch/source-targets/TC14-IMG-0014-360-gray-checklists-real-checkbox.png","109300","5065bac41693a48d7b95e935a0cbe9218e8f5c7a0f058a3e216b805b7f49aa81"
"batch/source-targets/TC14-IMG-0016-360-gray-chats-real-checkbox.png","115506","4917cdcb48cc9e3673aa79e119e668ac4b867e0c96a27eb086f94a3a7bac3c20"
"batch/source-targets/TC14-IMG-0018-360-light-checklists-real-checkbox.png","107053","81cd94a5f7b66757944c5554dbfced43a97ddd4f0a6f3ba05f202c6ead7a6025"
"batch/source-targets/TC14-IMG-0020-360-light-chats-real-checkbox.png","111594","adbc7bb7a1eb77eb0d28130454b4927b979ac6c461eed3f6b644a43653d88fc9"
"batch/source-targets/TC14-IMG-0022-390-gray-checklists-real-checkbox.png","114927","c4a54753500ac496be9ebdd9782f3cc086eca377493e72397cd0b7b5b20b20f8"
"batch/source-targets/TC14-IMG-0024-390-gray-chats-real-checkbox.png","120545","8413d5a52e1e29712c48ee991144c0984f6bc33ac2aaa5d03cc5f4a86cab01b3"
"batch/source-targets/TC14-IMG-0026-390-light-checklists-real-checkbox.png","111433","6f6ea441eb5629db1f0d0eab713ed01d6bcde89dd1bd77003f821e09245a884c"
"batch/source-targets/TC14-IMG-0028-390-light-chats-real-checkbox.png","116457","4094bab4fcc51e30b662c2ecf987c92ece773f656bc70630b7e92bf00c4965f0"
"batch/source-targets/TC14-IMG-0030-390-dark-checklists-real-checkbox.png","107084","5546a146bca593e3c4aa2fe79bab94848fd2fbb3b19ec208e5ee49c0e6125046"
"batch/source-targets/TC14-IMG-0034-430-gray-checklists-real-checkbox.png","115059","52dd2bbdbec45769702033626bca48a20d5988afe7c2805c7289476ef037a18c"
"batch/source-targets/TC14-IMG-0036-430-gray-chats-real-checkbox.png","126793","220d924dc28448ff4ab224e9b57675e0f5f11c55aff0f804f82a9af38b5e5508"
"batch/source-targets/TC14-IMG-0038-430-light-checklists-real-checkbox.png","111746","933573dd38e5892122537bb166d28a38b340fec87e5a7a525459a25c8db3ba50"
"batch/source-targets/TC14-IMG-0040-430-light-chats-real-checkbox.png","122323","f2154c23c3212f73d4939b5ad6ac91b2a900764b23d7c0df8715d04e1d789a36"
"batch/source-targets/TC14-IMG-0060-desktop-gray-orders-tabs.png","340376","962c9546761f1df2be4835ea109f020f23114495d779102b8d41604c6720e5f2"
"batch/source-targets/TC14-IMG-0064-desktop-light-orders-tabs.png","336916","d9fd930158245023f223ead7d664f64cc33a47d3b80c914cecd6195fe9cd1d85"
"batch/source-targets/TC14-IMG-0068-desktop-dark-orders-tabs.png","419973","36f3807c0fb4d79a3dea72baed2bd859d6727c1e64fbd7945b31babea2527ad9"
"batch/source-update-delta.md","985","2c1143ec3ee0025ee13f265ba1465f090442efa920b1969d7687e1b783ebb816"
"batch/start-baseline.md","1274","d97d9319436599b62f4e6c42aa6963a3db2ea113c0257aa41e390330b4aa124f"
"batch/test-results.md","3143","2d9645ab4e2c568be495c57fead7547175d42e3bcf0f7bb65b9ec4240e656ece"
"batch/visibility-results.csv","2859","6be5ccfb86c38d9c2d00b6b89ace569168247043c93f5c42cc9703c5f3c465f8"
"batch/visibility-results.json","37383","2ddcb0a461ae15548cf5103c764771cf925f3ef34c49407a11f878f8f87d6a00"
"pointers/main-ui-sweep-progress.md","789321","2b63d789de7a2a806474071f2eba79abd767062e1870179add6207d8a2299563"
"pointers/theme-progress.md","11513","08ecce835f86663bbb9bbf381d5a843cef33dae6b1455bbe4f3f228640fd66b3"
"pointers/theme-verification-summary.md","3434","0aa2baa18e505aa0469533ff37afb214e57c0b89102c3c493bc677cb4c39fe07"
