"evidencePart","reviewId","theme","width","scrollMethod","targetText","fullyInsideClip","hitTestClear","fullyVisible","rectX","rectY","rectWidth","rectHeight","clipTop","clipBottom"
"after-tc14-visible-checklists","TC14-IMG-0014","gray","360","scrollIntoView-center","Только отклонения","True","True","True","30","477,3125","300","44","232,875","765,625"
"after-tc14-visible-checklists","TC14-IMG-0018","light","360","scrollIntoView-center","Только отклонения","True","True","True","30","477,3125","300","44","232,875","765,625"
"after-tc14-visible-checklists","TC14-IMG-0022","gray","390","scrollIntoView-center","Только отклонения","True","True","True","30","477,3125","330","44","232,875","765,625"
"after-tc14-visible-checklists","TC14-IMG-0026","light","390","scrollIntoView-center","Только отклонения","True","True","True","30","477,3125","330","44","232,875","765,625"
"after-tc14-visible-checklists","TC14-IMG-0030","dark","390","scrollIntoView-center","Только отклонения","True","True","True","30","477,3125","330","44","232,875","765,625"
"after-tc14-visible-checklists","TC14-IMG-0034","gray","430","scrollIntoView-center","Только отклонения","True","True","True","30","474,3125","370","44","216,875","775"
"after-tc14-visible-checklists","TC14-IMG-0038","light","430","scrollIntoView-center","Только отклонения","True","True","True","30","474,3125","370","44","216,875","775"
"after-tc14-visible-gallery","TC14-IMG-0003","gray","1440","scrollIntoView-center","Выбранный пункт с длинной подписью","True","True","True","726","396,765625","500","46","100,171875","659,765625"
"after-tc14-visible-gallery","TC14-IMG-0007","light","1440","scrollIntoView-center","Выбранный пункт с длинной подписью","True","True","True","726","396,120361328125","500","46","99,5266418457031","659,120391845703"
"after-tc14-visible-gallery","TC14-IMG-0011","dark","1440","scrollIntoView-center","Выбранный пункт с длинной подписью","True","True","True","726","395,440307617188","500","46","98,8465881347656","658,440338134766"
"after-tc14-visible-orders","TC14-IMG-0060","gray","1440","scrollIntoView-center","ОстаткиЗаявки на заказАрхив","True","True","True","213","422,136901855469","1014","50","0","843,78125"
"after-tc14-visible-orders","TC14-IMG-0064","light","1440","scrollIntoView-center","ОстаткиЗаявки на заказАрхив","True","True","True","213","422,455383300781","1014","50","0","843,78125"
"after-tc14-visible-orders","TC14-IMG-0068","dark","1440","scrollIntoView-center","ОстаткиЗаявки на заказАрхив","True","True","True","213","421,78125","1014","50","0","843,78125"
