"Path","Bytes","SHA256","ArtifactClass","BuildStatus"
"applied-product.diff","4427","3F42794612D4EAFE972A2C08B0DE8B15807787C459543E92D8C44F83D61FA6EE","report","frontend-production-build-pass"
"before-from-20260913/20260913-140000-core-after-final--390-light-after-gallery.png","271844","EE33E142FA8ECB75596DCF9285D30D4253B9EA0B7CFC136E9C51E9258AAF5B0B","original-png","frontend-production-build-pass"
"before-from-20260913/20260913-140000-core-after-final--390-light-after-settings.png","163264","7EAFB26B27D3056814B02885B6AC4116C06BDFC7D2B9C3082F8EC03F1EB83F6E","original-png","frontend-production-build-pass"
"before-from-20260913/20260913-151000-top-level-final--390-light-screen-announcements.png","112873","0E3F51893238D1F2EE8DD413000B2728C6F35A67C7025F8B64F520389B193522","original-png","frontend-production-build-pass"
"before-from-20260913/20260913-151000-top-level-final--390-light-screen-checklists.png","135796","69DDDA8FAA32065DDA456497E3E2EC2EFFC34BB90A3F40236DE3B68F1846247D","original-png","frontend-production-build-pass"
"before-from-20260913/20260913-151000-top-level-final--390-light-screen-okk.png","116639","8A68908E36D75E232B23552523000FE4FE7EB5C3EDBD16F7E4CC8E8B8AC303EB","original-png","frontend-production-build-pass"
"before-from-20260913/20260913-151000-top-level-final--390-light-screen-orders.png","136253","ADF53B0356BD62A849F544C59E7DB5F00DCAA591CF668C8F31D121052DF9863A","original-png","frontend-production-build-pass"
"before-from-20260913/20260913-151000-top-level-final--390-light-screen-people.png","124785","D66BD2AA3777004E0C2CC00A113F2CF5C391578728275A960C65F7D4A7EFEEAE","original-png","frontend-production-build-pass"
"before-from-20260913/20260913-151000-top-level-final--390-light-screen-shift-log.png","130900","A8CEA868340C8CEF06C268A388EBF4B47653604E268E9C5581372134F9D1DD4C","original-png","frontend-production-build-pass"
"before-from-20260913/20260913-151000-top-level-final--390-light-screen-shift.png","161985","BAC487FE1B1B134C1B1702D07765A9B8F3DEAFEE4D8D3294630844E547F7F67F","original-png","frontend-production-build-pass"
"before-from-20260913/20260913-151000-top-level-final--390-light-screen-tasks.png","133374","64C83A6E81DC799C2E1E5AE82399D16493345C63FF155C46BFB3440FE1DD38F2","original-png","frontend-production-build-pass"
"before-from-20260913/20260913-153000-unique-subviews-final--390-light-ops-1.png","541049","AB1E88E9D46FDF18565CBD7C6A96D629A8413B4C2031E1AAB5E16AA89A1A0778","original-png","frontend-production-build-pass"
"before-from-20260913/20260913-154000-admin-final--390-light-admin-1.png","582029","BEFCD6631F7856BB771210410BDC86F5320D1C3C66FF1AE060D26C236896E6EE","original-png","frontend-production-build-pass"
"before-from-20260913/20260913-154000-admin-final--390-light-admin-2.png","635377","6116BEE47A24731571A8CEA0A16EAB6866788F3D68080E8459E99B23EDDC1CDB","original-png","frontend-production-build-pass"
"before-from-20260913/20260913-155000-shell-states-final--390-gray-initial-loading.png","131759","A440D9967402D72D7046C76EFFB85F6402F90FF5E9E3CE7E8FE54DD8F58C00F1","original-png","frontend-production-build-pass"
"build-review-zip.ps1","4225","B8FBB7FB0D43950DC7690129F4A85D27E522FADAFC6AA9DF632601C09A43C5C1","report","frontend-production-build-pass"
"changed-files.txt","1677","52FD4F636C4D607DF153C1F16801D0A7EB70B1EA0D7C02C3774E23554CAEE712","report","frontend-production-build-pass"
"computed-styles.md","3679","D07BAC44DF115BE8A68740122159F9ADC7D37699DAC169F87A258EB33405F7EF","report","frontend-production-build-pass"
"evidence-selection.txt","1979","F18786CE3E46A88EA9785BFDD6A67410B2E5476AEAE6FF224A053C42CA275359","report","frontend-production-build-pass"
"final-report.md","6798","32AB3D97E296F4636A7805EC8481FA553E5FD419C1548048401EA427C4A37A52","report","frontend-production-build-pass"
"harness-change-summary.md","1223","DAE79A1CC72986AB9977DD1B8EBC242F09A1258269DDAA32F93CDF1A80C666D5","report","frontend-production-build-pass"
"owner-impact-map.md","3363","035EB3AEBA95BC600F83EA7EC975F3B504CCEBEC1CCADDC2416BBC954FB706C8","report","frontend-production-build-pass"
"progress.md","8647","E0963F70EF7B0E16BA66BA9A34F44CEBB99CD462A0D0C36CC15F0E3EE68E3B6C","report","frontend-production-build-pass"
"resolution-matrix.md","4537","FA2BF52639577C5F001B056D0F9D65686A90BDA2CE79F2CA4398243D708A049E","report","frontend-production-build-pass"
"screenshots/after-checklists-empty/360-gray-checklists-empty.png","129946","F1D1B5C958D24F1267BCFFF99929C4FFD4A1A5E2328B74E33EED88E6EAC67D95","original-png","frontend-production-build-pass"
"screenshots/after-checklists-empty/360-light-checklists-empty.png","120766","03A0D6393574D95869C68671D7F1E31C4E60A8FE758A956475CCB10613D55598","original-png","frontend-production-build-pass"
"screenshots/after-checklists-empty/390-gray-checklists-empty.png","136455","EEE6239449F0BA46CFE86F0FEACA971F0E490933FFBD752FE4C20A3EDC687F52","original-png","frontend-production-build-pass"
"screenshots/after-checklists-empty/390-light-checklists-empty.png","129621","D18219C2FCDA8B64117F19B9A4929890BFEB1DD6AE50DF276F3D1E49D931CEAF","original-png","frontend-production-build-pass"
"screenshots/after-checklists-empty/430-gray-checklists-empty.png","139914","8D52FF5F66D345E563A3147F94B1A61DA66A495A1DF60A057CED633E94E26731","original-png","frontend-production-build-pass"
"screenshots/after-checklists-empty/430-light-checklists-empty.png","133643","227A77B6698B186C3D3DF6F69D03D5F5DE8E13DD59C2F437EF023F9ACE3C502B","original-png","frontend-production-build-pass"
"screenshots/after-checklists-empty/desktop-gray-checklists-empty.png","261708","011236E0CE954ACE175D46B2D5AB0138C9DB972771E15B9FB327ABFC3C660E90","original-png","frontend-production-build-pass"
"screenshots/after-checklists-empty/desktop-light-checklists-empty.png","252432","6F7B43C5588975086FF478644B1B7D6593E22A3AF2464C635F9572E40C4018AD","original-png","frontend-production-build-pass"
"screenshots/after-checklists-empty/index.csv","1508","AB5C68B48BF252B88C95629FA00B5DF040A70B10FEB66058F81F5891EAEFC08C","screenshot-index","frontend-production-build-pass"
"screenshots/after-checklists-empty/runtime.json","11785","4AA54883FD5C4049635B4FEC2F1CFE377F0D9C04740B975A1544F33F872B7ACB","runtime-evidence","frontend-production-build-pass"
"screenshots/after-checklists-error-retry1/360-gray-checklists-handled-error.png","133937","64B2E37F1C5F2D29297382EDAD6D9859B37CD3715E32AD779D284AB770EF35CC","original-png","frontend-production-build-pass"
"screenshots/after-checklists-error-retry1/360-light-checklists-handled-error.png","125250","49652788DD8E2F711FBD23EE5EB23606E5992001B817E504205FA668C06C14CF","original-png","frontend-production-build-pass"
"screenshots/after-checklists-error-retry1/390-gray-checklists-handled-error.png","141275","6D0398E71646E221A7802DD65A6D45B4D8F4CE283A1C93C9B98F55312C51EDA8","original-png","frontend-production-build-pass"
"screenshots/after-checklists-error-retry1/390-light-checklists-handled-error.png","134522","5CA8F83A8088FF9D5D5053BFA5D7E0ADF556CDDAC4BA68CDC2E9A44F3BD87E3A","original-png","frontend-production-build-pass"
"screenshots/after-checklists-error-retry1/430-gray-checklists-handled-error.png","145353","FD15A99830C08E0A9F16B58D04D5C5C78A59BDC1C3483F8330C12A6441020A7B","original-png","frontend-production-build-pass"
"screenshots/after-checklists-error-retry1/430-light-checklists-handled-error.png","139324","333655008AC55413C461C59572F1F70241A372D29824DA0E9A40DF47919E2EC9","original-png","frontend-production-build-pass"
"screenshots/after-checklists-error-retry1/desktop-gray-checklists-handled-error.png","252267","7A043F08B47013371B9908DF6349F965EAE9544F6882E1F8008BED9AFDAC7426","original-png","frontend-production-build-pass"
"screenshots/after-checklists-error-retry1/desktop-light-checklists-handled-error.png","247423","024C58EEE55D6040351980067380BABFB0580D03F905C5106D8030463F5CF774","original-png","frontend-production-build-pass"
"screenshots/after-checklists-error-retry1/index.csv","1692","7AC8C521B448F6E979DE7A64CB8B8DBC1395780F8BDCDDA7D5DB581E65864222","screenshot-index","frontend-production-build-pass"
"screenshots/after-checklists-error-retry1/runtime.json","10148","287D5E58C04F486EA6480BFA610B9C6D240166064FFCBEC0462D343BA92C45E8","runtime-evidence","frontend-production-build-pass"
"screenshots/after-checklists/360-gray-chats-real-checkbox.png","115506","4917CDCB48CC9E3673AA79E119E668AC4B867E0C96A27EB086F94A3A7BAC3C20","original-png","frontend-production-build-pass"
"screenshots/after-checklists/360-gray-checklists-filled.png","158206","3FDD98BEF92137E29D2AD47FB1939BB2EE1728DAD09D5E9E262B1D60CBBDA71D","original-png","frontend-production-build-pass"
"screenshots/after-checklists/360-gray-checklists-real-checkbox.png","109300","5065BAC41693A48D7B95E935A0CBE9218E8F5C7A0F058A3E216B805B7F49AA81","original-png","frontend-production-build-pass"
"screenshots/after-checklists/360-gray-gallery-checkbox.png","281676","49009084FBFC603D8D3F0CA0A296EA6E611EF5C0D7DEB122BE8916655551CA8E","original-png","frontend-production-build-pass"
"screenshots/after-checklists/360-light-chats-real-checkbox.png","111594","ADBC7BB7A1EB77EB0D28130454B4927B979AC6C461EED3F6B644A43653D88FC9","original-png","frontend-production-build-pass"
"screenshots/after-checklists/360-light-checklists-filled.png","147237","E349A1B1D09FA7BA81D01B97376DB1419F988ACEE35BF35AE880F8B8F8B5EB38","original-png","frontend-production-build-pass"
"screenshots/after-checklists/360-light-checklists-real-checkbox.png","107053","81CD94A5F7B66757944C5554DBFCED43A97DDD4F0A6F3BA05F202C6EAD7A6025","original-png","frontend-production-build-pass"
"screenshots/after-checklists/360-light-gallery-checkbox.png","258642","C9F4E13ADCB28619B12DE4AAADFC32B6CD9D03EE167B507F14266C3B1A9CE316","original-png","frontend-production-build-pass"
"screenshots/after-checklists/390-dark-chats-real-checkbox.png","135717","DC7A6A1C47D90641C45F59544DB06318A8D4BC05711C6771CBFE6D68FD4BD0DF","original-png","frontend-production-build-pass"
"screenshots/after-checklists/390-dark-checklists-filled.png","167964","192B76E369BCD2BEA2F5B8B91F1B7F99A55711F460860F8C5B9FA0636B708D7B","original-png","frontend-production-build-pass"
"screenshots/after-checklists/390-dark-checklists-real-checkbox.png","107084","5546A146BCA593E3C4AA2FE79BAB94848FD2FBB3B19EC208E5EE49C0E6125046","original-png","frontend-production-build-pass"
"screenshots/after-checklists/390-dark-gallery-checkbox.png","329771","EB635BB3112D73EFBEF54E7A82C307A6F2C6EE5CB9FAAEAEB1FD4B7CED174892","original-png","frontend-production-build-pass"
"screenshots/after-checklists/390-gray-chats-real-checkbox.png","120545","8413D5A52E1E29712C48EE991144C0984F6BC33AC2AAA5D03CC5F4A86CAB01B3","original-png","frontend-production-build-pass"
"screenshots/after-checklists/390-gray-checklists-filled.png","164768","36FDDB3E6912F68BECFA3D0C25293D0E844025C2FAA2671DC45E60DCC7166FC4","original-png","frontend-production-build-pass"
"screenshots/after-checklists/390-gray-checklists-real-checkbox.png","114927","C4A54753500AC496BE9EBDD9782F3CC086ECA377493E72397CD0B7B5B20B20F8","original-png","frontend-production-build-pass"
"screenshots/after-checklists/390-gray-gallery-checkbox.png","297902","FCAC72413A5EDF63B8406FCEA2708F5B84D1EC71683771E2DB7F56091199227C","original-png","frontend-production-build-pass"
"screenshots/after-checklists/390-light-chats-real-checkbox.png","116457","4094BAB4FCC51E30B662C2ECF987C92ECE773F656BC70630B7E92BF00C4965F0","original-png","frontend-production-build-pass"
"screenshots/after-checklists/390-light-checklists-filled.png","156033","B7B4B6EE5AEFC36EE4F9422A64EA84C016C3D0C605BCEDA78FCB361DFD134083","original-png","frontend-production-build-pass"
"screenshots/after-checklists/390-light-checklists-real-checkbox.png","111433","6F6EA441EB5629DB1F0D0EAB713ED01D6BCDE89DD1BD77003F821E09245A884C","original-png","frontend-production-build-pass"
"screenshots/after-checklists/390-light-gallery-checkbox.png","271989","488B4CF9DF13D9525F92C71EE5143FA9D7306610F0F4DE0D3A202035653247AD","original-png","frontend-production-build-pass"
"screenshots/after-checklists/430-gray-chats-real-checkbox.png","126793","220D924DC28448FF4AB224E9B57675E0F5F11C55AFF0F804F82A9AF38B5E5508","original-png","frontend-production-build-pass"
"screenshots/after-checklists/430-gray-checklists-filled.png","169985","DFA2AA455ED1F6C3835450430B67215524DB8EF0808522D03D2880444692924D","original-png","frontend-production-build-pass"
"screenshots/after-checklists/430-gray-checklists-real-checkbox.png","115059","52DD2BBDBEC45769702033626BCA48A20D5988AFE7C2805C7289476EF037A18C","original-png","frontend-production-build-pass"
"screenshots/after-checklists/430-gray-gallery-checkbox.png","305516","8B3926CEC124EB24DB6B63422B4ED92F8D333555F4E33FC96B836F297F632E94","original-png","frontend-production-build-pass"
"screenshots/after-checklists/430-light-chats-real-checkbox.png","122323","F2154C23C3212F73D4939B5AD6AC91B2A900764B23D7C0DF8715D04E1D789A36","original-png","frontend-production-build-pass"
"screenshots/after-checklists/430-light-checklists-filled.png","162282","26EE9A7C30A0F7D477DB137858B1F16C5D34ED2D55CF194D45DEA6E3BE82FCF9","original-png","frontend-production-build-pass"
"screenshots/after-checklists/430-light-checklists-real-checkbox.png","111746","933573DD38E5892122537BB166D28A38B340FEC87E5A7A525459A25C8DB3BA50","original-png","frontend-production-build-pass"
"screenshots/after-checklists/430-light-gallery-checkbox.png","278050","308D5A83F409943B129CAFE29CBC9A5695F73E3FBD55335AB2DB4D4C5767E4F4","original-png","frontend-production-build-pass"
"screenshots/after-checklists/desktop-dark-chats-real-checkbox.png","227351","EBE705C6DE9386F6FD2A286CE57068D2F152E9FA35CD6BC5544D0949FFE66A3E","original-png","frontend-production-build-pass"
"screenshots/after-checklists/desktop-dark-checklists-filled.png","337420","D235B0F8AE2423FB856DE7D584665BCE4F5495B3CC8CCB1CDAEA97423F314380","original-png","frontend-production-build-pass"
"screenshots/after-checklists/desktop-dark-checklists-real-checkbox.png","260988","BBB283EE73905D7DD2F25C92E6DD4C9B5D33E9BCDBAF29BA09041D694B114355","original-png","frontend-production-build-pass"
"screenshots/after-checklists/desktop-dark-gallery-checkbox.png","595465","1E873C2DF5EE1C5C0A1C5D7CE2C79055E17F1F95D92EA85D8204D699416799C3","original-png","frontend-production-build-pass"
"screenshots/after-checklists/desktop-gray-chats-real-checkbox.png","253220","F63DD2C8C4C1025CC23EEA734468CFC0BF590229F378000440E5372A654B1CD6","original-png","frontend-production-build-pass"
"screenshots/after-checklists/desktop-gray-checklists-filled.png","301814","C0301849D5994958B1D7B1B1FFC79D49B7AB8C967CBCD8A29D74CBA11CD17E90","original-png","frontend-production-build-pass"
"screenshots/after-checklists/desktop-gray-checklists-real-checkbox.png","304903","D73F072EDD27EB8BD516ED87A6A039AE7BCBBBDBE46EF8043A1B0C9ACF86A3FF","original-png","frontend-production-build-pass"
"screenshots/after-checklists/desktop-gray-gallery-checkbox.png","501679","380E2C60160393B474F2C3536ACD1702F12DC7D3451941444B182D3321A4DB89","original-png","frontend-production-build-pass"
"screenshots/after-checklists/desktop-light-chats-real-checkbox.png","254539","E91B30F32F5DBC7095946709E5D725295CDEDA96E059D667D9B1B934B3A8FE9E","original-png","frontend-production-build-pass"
"screenshots/after-checklists/desktop-light-checklists-filled.png","291152","1C09777351629245D7366973DE8BACE9065D142DEB6B05E6F7F956883C1759CF","original-png","frontend-production-build-pass"
"screenshots/after-checklists/desktop-light-checklists-real-checkbox.png","304485","869071F25A899A65A49B0A42FA5155F85E6CDA90AD98A8EF6BF9592485711F67","original-png","frontend-production-build-pass"
"screenshots/after-checklists/desktop-light-gallery-checkbox.png","460104","B26FC2D2C58BB203093C50AFEDD42EA1554A6E65A28F2C3B5B605D198332D34E","original-png","frontend-production-build-pass"
"screenshots/after-checklists/index.csv","7182","DB49455D5E053B775863678E564B338434307D012E2FED47D47CA06113FCC446","screenshot-index","frontend-production-build-pass"
"screenshots/after-checklists/runtime.json","65979","543848E8FC1E72FD13CFB5A07D437906F87D3D6100B1850A648D9C4FCE337D72","runtime-evidence","frontend-production-build-pass"
"screenshots/after-controls/360-gray-announcements-controls.png","119271","C2F7CAF81A078495262349AC0DFE547DAD531F92DFEFD72A9B563D674B8A868B","original-png","frontend-production-build-pass"
"screenshots/after-controls/360-gray-orders-tabs.png","142313","C4ABA7CA928DA9FF044B71487704C3923F9EE95ACD789807DFB393E5190C4D0F","original-png","frontend-production-build-pass"
"screenshots/after-controls/360-gray-people-tabs.png","125340","DA68B0F8F2A206086777630E0DB448B7EF7D5FE8BAE3D084B4FB884859A0C908","original-png","frontend-production-build-pass"
"screenshots/after-controls/360-gray-tasks-controls.png","141559","8ACEAD789E10F6D1D0C0A8FE950E80DFD2BE139011CEE878D1954C98200696E7","original-png","frontend-production-build-pass"
"screenshots/after-controls/360-light-announcements-controls.png","114127","06EF3BA2C933973D9D85733508DCC20A303AACED1BE63976C4D1D67A7314C5C0","original-png","frontend-production-build-pass"
"screenshots/after-controls/360-light-orders-tabs.png","132718","CD59B29A9C200A5B27AFB6BF02D9F8472254182B30BC79C11DFEE9EDED043ACD","original-png","frontend-production-build-pass"
"screenshots/after-controls/360-light-people-tabs.png","117644","08572A36FFF42F511BD89BEAE46C4D8A1B4EB8DBD6B338AE55BF79EAA8300875","original-png","frontend-production-build-pass"
"screenshots/after-controls/360-light-tasks-controls.png","132253","5599E39D28CA604810764B836BF87EC725C862C266A538DD6326BA6EDACE9F7A","original-png","frontend-production-build-pass"
"screenshots/after-controls/390-dark-announcements-controls.png","121658","1F7E68C29EE2586847A795F080CF8D8D96A4E03C678AD0CDB49B1314E2483828","original-png","frontend-production-build-pass"
"screenshots/after-controls/390-dark-orders-tabs.png","165305","D07A9C515743FE1EC970F1004488533850A20C25B44ED6C9726DFE61B54E530A","original-png","frontend-production-build-pass"
"screenshots/after-controls/390-dark-people-tabs.png","147305","682515311409E1C5C4C87173D48B005726D4501AF4829BC6D67324702AF07F2E","original-png","frontend-production-build-pass"
"screenshots/after-controls/390-dark-tasks-controls.png","160619","3B05D6F16F97AD1D46757D12B688B9376B5E3F26234196405DA81E004E94BC08","original-png","frontend-production-build-pass"
"screenshots/after-controls/390-gray-announcements-controls.png","123957","84E1DD6516E1609EA30CA7C6AC3CD4ED6043553A7D2F44A738F08E3E32A5C32A","original-png","frontend-production-build-pass"
"screenshots/after-controls/390-gray-orders-tabs.png","147889","1F4FBD35CA82BF4794697A5869F40CAC6C1830B56CC0AF656084B7505C2C84EC","original-png","frontend-production-build-pass"
"screenshots/after-controls/390-gray-people-tabs.png","134540","34C9C7DADC343A10B5D1E1886518F81D37398E219FB80046EA9E4EDFE76B8DC8","original-png","frontend-production-build-pass"
"screenshots/after-controls/390-gray-tasks-controls.png","141657","1C1645C22A1DF357F4B0EA4526121D70240ED1CA12146C6D24C6EB1C59A7395D","original-png","frontend-production-build-pass"
"screenshots/after-controls/390-light-announcements-controls.png","118753","CF99493CFD0792E9EFE3BD443F7305F76D07BF72DC6B977822A8FD263E201A48","original-png","frontend-production-build-pass"
"screenshots/after-controls/390-light-orders-tabs.png","138535","916EFF8B39AF5C383B47DC89540111B5EA857852E46567F875557F2319B8AC48","original-png","frontend-production-build-pass"
"screenshots/after-controls/390-light-people-tabs.png","127328","A0E0F719F90607CBFAA54782B2A54031C0DA43FF4A18CDFD87928F2D65DA8455","original-png","frontend-production-build-pass"
"screenshots/after-controls/390-light-tasks-controls.png","133237","0818C9592A4B8554C69A523A60229DA62815BE2294B34E3213869AE56528EABD","original-png","frontend-production-build-pass"
"screenshots/after-controls/430-gray-announcements-controls.png","126871","7AB3AECCD72A43FB8679D1482C7AC7D2101FCA736E716D36186FB6D0684FB5E1","original-png","frontend-production-build-pass"
"screenshots/after-controls/430-gray-orders-tabs.png","151874","D4BA9B1C409292A2F8489E6449096D60C10E5F57CE68FDC43889882161AC4CEA","original-png","frontend-production-build-pass"
"screenshots/after-controls/430-gray-people-tabs.png","137165","90AA3BE10BFDAD6BBB1227E9320180C60EA525001FE04C981651DCB645322ECD","original-png","frontend-production-build-pass"
"screenshots/after-controls/430-gray-tasks-controls.png","145713","AB00710F94B667F773216DD17AE617F9CE54BFA3B7D81D0267BC4C28DD0EDC26","original-png","frontend-production-build-pass"
"screenshots/after-controls/430-light-announcements-controls.png","121034","440A646240AA80451DC5576FCA142AAAAE32FA9CE618DEDCDD34AA7C2BB003CF","original-png","frontend-production-build-pass"
"screenshots/after-controls/430-light-orders-tabs.png","142428","B4D6D03A3E3D55158A38FD43863B4A47483E9892AE5DC2C6472877423614CDC9","original-png","frontend-production-build-pass"
"screenshots/after-controls/430-light-people-tabs.png","131754","A0123BF5938A9CA7D349497671745399BA082E9ADF03E78E027A024D20379FDC","original-png","frontend-production-build-pass"
"screenshots/after-controls/430-light-tasks-controls.png","138227","9F1B9FF537335CCEAFD392D7DE9CEC3B922213AC3B3036F68433C612A5499570","original-png","frontend-production-build-pass"
"screenshots/after-controls/desktop-dark-announcements-controls.png","304511","83566F3E562BE1E5EFA5D48D67D80077A44DF27D790A35A6C61E00498B73CACE","original-png","frontend-production-build-pass"
"screenshots/after-controls/desktop-dark-orders-tabs.png","419973","36F3807C0FB4D79A3DEA72BAED2BD859D6727C1E64FBD7945B31BABEA2527AD9","original-png","frontend-production-build-pass"
"screenshots/after-controls/desktop-dark-people-tabs.png","297663","9A6F3BFFAD0F285E0A3291BE84BBAF709CDC115E7EB2EE06046E5F272D3A2F42","original-png","frontend-production-build-pass"
"screenshots/after-controls/desktop-dark-tasks-controls.png","337044","DFB763D5839E46E5FE1B36E2DEAAC0AFEDA697B8069E4EB59FC5B85304EFAFDB","original-png","frontend-production-build-pass"
"screenshots/after-controls/desktop-gray-announcements-controls.png","237410","D91948A8AD036B2238CF1148396EA8FE5AC4E228CFC37F06CA39BFDB5100E9CD","original-png","frontend-production-build-pass"
"screenshots/after-controls/desktop-gray-orders-tabs.png","340376","962C9546761F1DF2BE4835EA109F020F23114495D779102B8D41604C6720E5F2","original-png","frontend-production-build-pass"
"screenshots/after-controls/desktop-gray-people-tabs.png","250169","C074B776082F517D2EFD85101A84FE6D95E043D7B3452C826FE581FBCE6F5692","original-png","frontend-production-build-pass"
"screenshots/after-controls/desktop-gray-tasks-controls.png","285828","C4A480DBCBE07DDCD9719E9CCAF9924C82E845EE0D7445E0A64F413E66D28911","original-png","frontend-production-build-pass"
"screenshots/after-controls/desktop-light-announcements-controls.png","237152","21E9AFED033A10EC2AE06D8BBCD2655C60F5D155D1E609340DA22A6C653B2A9A","original-png","frontend-production-build-pass"
"screenshots/after-controls/desktop-light-orders-tabs.png","336916","D9FD930158245023F223EAD7D664F64CC33A47D3B80C914CECD6195FE9CD1D85","original-png","frontend-production-build-pass"
"screenshots/after-controls/desktop-light-people-tabs.png","242590","F810B01F033C767FD72822A1C6343C2BA288C0048150027EB2A796E9BEFCD944","original-png","frontend-production-build-pass"
"screenshots/after-controls/desktop-light-tasks-controls.png","270885","6C9A0D6F5184F7E9335BB34ED5CE51ADA3F22211FA7C1817D86FB2EE2FC932FA","original-png","frontend-production-build-pass"
"screenshots/after-controls/index.csv","6742","FB9ABF2BAAF3E863377B915608562ACFD57B6EB5B14EB48D4BD9C921A727D8AD","screenshot-index","frontend-production-build-pass"
"screenshots/after-controls/runtime.json","110158","2B3FC1D16EC43C27A9BCF39DFA3074BAAB90D954063C613263A9A54A32E07268","runtime-evidence","frontend-production-build-pass"
"screenshots/after-headings-admin/360-gray-admin-factory-choices.png","690593","B5693E71960404E890D36D19032A4F963388C5419C4DEB05D120D17CBF30406B","original-png","frontend-production-build-pass"
"screenshots/after-headings-admin/360-gray-admin-groups.png","614478","20E96DE42F084F3C52674403ACB5EF603C335658CFA9557A3078A028F06E1FDC","original-png","frontend-production-build-pass"
"screenshots/after-headings-admin/360-gray-okk-heading.png","118970","95E2A7B9E2B74B3B3E172CF6F110762D5767F62682506653EB5A3206F9C9DE88","original-png","frontend-production-build-pass"
"screenshots/after-headings-admin/360-gray-settings-title.png","140643","6F46B5112E6ED2C015B52FD02A24498D3F2F1DCD321BA9581DAC7E64B517C76E","original-png","frontend-production-build-pass"
"screenshots/after-headings-admin/360-gray-shift-log-note.png","139281","A1840F71BF1CE7FD6289C5A6F1D39A86F819FCDA3F03FB625BB0D65AAC3DBE34","original-png","frontend-production-build-pass"
"screenshots/after-headings-admin/360-gray-shift-sections.png","167889","B415D949781BAADE909BD14002F7A7CCA00A0D6A3225A65301030F6AD09BDD4F","original-png","frontend-production-build-pass"
"screenshots/after-headings-admin/360-light-admin-factory-choices.png","647688","F842C2A76E9FBCDC368EC0B9B50A6DBD71DCCAD18D77A9DE07D6DFC0FC32ECCD","original-png","frontend-production-build-pass"
"screenshots/after-headings-admin/360-light-admin-groups.png","586145","6F304E4BF9335700F39B8FF4307278D7A121E4D91E5CFEBE0693B8559B172905","original-png","frontend-production-build-pass"
"screenshots/after-headings-admin/360-light-okk-heading.png","111924","B5D2102CE221E609586859CD85E6DFBB8D365CEF6BD0B42F18356DE5F344B630","original-png","frontend-production-build-pass"
"screenshots/after-headings-admin/360-light-settings-title.png","138693","C2CBC38D8B11A5719BD0D5C0B17F688E808613150B991BBE48034E886005181F","original-png","frontend-production-build-pass"
"screenshots/after-headings-admin/360-light-shift-log-note.png","132682","7D115E0604DBA3D6CC774605BF61A601C4561EFAB6E84473391F82D7F7D88E27","original-png","frontend-production-build-pass"
"screenshots/after-headings-admin/360-light-shift-sections.png","162264","FFC9FBFF118A475F7761EB1C17F524FDCBD7CE79C75E270916CF8EFEF7246D42","original-png","frontend-production-build-pass"
"screenshots/after-headings-admin/390-dark-admin-factory-choices.png","635424","D3B4036042D44A13D8211CC5BFBF8324BE3849B397E160B92E590DBFAC36D07C","original-png","frontend-production-build-pass"
"screenshots/after-headings-admin/390-dark-admin-groups.png","442038","D096871EDEE27C74D8F849AF1D5EAF584D0FFC8580AC207115BB8D322F5C9CEC","original-png","frontend-production-build-pass"
"screenshots/after-headings-admin/390-dark-okk-heading.png","143832","1F4DAACA27EB423A60F5633424798A3CD24022B60BC74A2500749B364A6D87CD","original-png","frontend-production-build-pass"
"screenshots/after-headings-admin/390-dark-settings-title.png","185501","E500702ED223895B400172C04D059BFDAAC201CFFC27CED649D9E0606850E73C","original-png","frontend-production-build-pass"
"screenshots/after-headings-admin/390-dark-shift-log-note.png","161024","A93F436C322E1F2FBF9E30023DABE0C05B76F3667F557FC5BD0DEC233C88E6AE","original-png","frontend-production-build-pass"
"screenshots/after-headings-admin/390-dark-shift-sections.png","189616","A71F7FEE694A567FF4E7DF8DD0F5066F14764BC23154B9D242B3003ABC3E74A9","original-png","frontend-production-build-pass"
"screenshots/after-headings-admin/390-gray-admin-factory-choices.png","684873","4020B6443B22C9705F188E80BA1F6C102D8A56FCC32FD990AC7C781F44A43170","original-png","frontend-production-build-pass"
"screenshots/after-headings-admin/390-gray-admin-groups.png","618383","510B2623D260900A2C358E0A62C3E247526FA84CF5A308FE41FACC56FA08C2AB","original-png","frontend-production-build-pass"
"screenshots/after-headings-admin/390-gray-okk-heading.png","124854","15874796F3C39E2FBBC903FC61B8D0FC3B0E8B704B4A4C5ABD93A2B34EF25F72","original-png","frontend-production-build-pass"
"screenshots/after-headings-admin/390-gray-settings-title.png","166111","C6719EE85B707124247AF9B89846B9BDBCC0C7C354BBC511113B8E8A7314F94A","original-png","frontend-production-build-pass"
"screenshots/after-headings-admin/390-gray-shift-log-note.png","139066","B5BD47E65400429C6CFC4762A80925EA97F472FBCAD08F132A312FA2DB2E76A7","original-png","frontend-production-build-pass"
"screenshots/after-headings-admin/390-gray-shift-sections.png","170151","C8427E8689828B4ABDC1EBF9D3A9CAC0BB5526B0F264065821A86AB5C7E349CF","original-png","frontend-production-build-pass"
"screenshots/after-headings-admin/390-light-admin-factory-choices.png","641506","FB7611E9F440B4E26333B1DD831FE118F3B47901AF04CB81509B8D00A72AB339","original-png","frontend-production-build-pass"
"screenshots/after-headings-admin/390-light-admin-groups.png","584085","F0C58E64E0E28E11877AC02F7BD4154A2B1CA9EE2C2CBC93DBE3C75C3284A25D","original-png","frontend-production-build-pass"
"screenshots/after-headings-admin/390-light-okk-heading.png","116836","490BFB721DD0C39854CEA228389817BBDEBB1B27D069476E17CD10CD953578DF","original-png","frontend-production-build-pass"
"screenshots/after-headings-admin/390-light-settings-title.png","162448","94FF382E9C138382DF2AD4A153A740576B5AE93003CC67BB4B4A5213FEA239C5","original-png","frontend-production-build-pass"
"screenshots/after-headings-admin/390-light-shift-log-note.png","131675","E6C093129FA797365BC6CF13706BB5218D354F3608E4CDB76F62D49726E5BD55","original-png","frontend-production-build-pass"
"screenshots/after-headings-admin/390-light-shift-sections.png","162391","15DACE95FAE211A755E24F74ADF2A36F276D815C63EA0B7EBACBEADFD721A497","original-png","frontend-production-build-pass"
"screenshots/after-headings-admin/430-gray-admin-factory-choices.png","662647","B062604FDBE992812E24F1ED2330AC8F95D2A176FE236B5F29A74F50D32C07FF","original-png","frontend-production-build-pass"
"screenshots/after-headings-admin/430-gray-admin-groups.png","611905","0110F112056BE7A555689206E8877D471ABF94AD23BD499C0E69194A49D9E377","original-png","frontend-production-build-pass"
"screenshots/after-headings-admin/430-gray-okk-heading.png","128288","48E85EA09585A7C40AFF649F9E7F916A0EAEB390E2D2103B205C3EC0BE4DD5E9","original-png","frontend-production-build-pass"
"screenshots/after-headings-admin/430-gray-settings-title.png","176489","F827836841E920A829A7D9420B5DA9D1E7424DC015ED785A8B98CECCB4567EE9","original-png","frontend-production-build-pass"
"screenshots/after-headings-admin/430-gray-shift-log-note.png","140658","EB578A7D4D6D93EEDC183C530286626AE15909018A9CB01C811D3871E50CA520","original-png","frontend-production-build-pass"
"screenshots/after-headings-admin/430-gray-shift-sections.png","169717","8B671E22E598625555ED8F19AC8F386C52C8794A63CD01F2E1BAF4EF1518B17F","original-png","frontend-production-build-pass"
"screenshots/after-headings-admin/430-light-admin-factory-choices.png","618217","45281A2E9F096C691E528399458F27866C36A51C97B19A456252884AE1BA0CC4","original-png","frontend-production-build-pass"
"screenshots/after-headings-admin/430-light-admin-groups.png","584753","53ED2C378863BB790D41D4113DCA111498B86B76AB44A1E3B90E80B64559C084","original-png","frontend-production-build-pass"
"screenshots/after-headings-admin/430-light-okk-heading.png","123409","385A30369B1EC6B2632B3EFC82D10DC7F5409459BABCBCC24D6E19954F210E8F","original-png","frontend-production-build-pass"
"screenshots/after-headings-admin/430-light-settings-title.png","172522","94D1FC1097E51A295CAC25B5689BF1A30393AE2105A1B47AEEC81385861AD4E7","original-png","frontend-production-build-pass"
"screenshots/after-headings-admin/430-light-shift-log-note.png","134274","D0F598D376CC4CAC02752DBAE65A9E7762AD185983141D1DAA42D3AB975FE5EF","original-png","frontend-production-build-pass"
"screenshots/after-headings-admin/430-light-shift-sections.png","163677","91EC56E4314E689C338717A246FD28018E6C3BE36E99891507D4C8898C201B90","original-png","frontend-production-build-pass"
"screenshots/after-headings-admin/desktop-dark-admin-factory-choices.png","917697","04346DA2741750D789CD242286C9A2C1DD49824589D945D9E53DF5E4EC6976F2","original-png","frontend-production-build-pass"
"screenshots/after-headings-admin/desktop-dark-admin-groups.png","611887","F880302CDAEE51EC8A18B6A0FCED9233B7F0A1E38614122B5BC086135DF3AC94","original-png","frontend-production-build-pass"
"screenshots/after-headings-admin/desktop-dark-okk-heading.png","300036","421472DD75860969D24B2B6C4CC4BC0C8646F4A637CC4F31EE6F29BB16D8244D","original-png","frontend-production-build-pass"
"screenshots/after-headings-admin/desktop-dark-settings-title.png","319888","B58B669EF7276100F3C3CBF109CD81DBD7209848926438D651126964C21261F0","original-png","frontend-production-build-pass"
"screenshots/after-headings-admin/desktop-dark-shift-log-note.png","327643","FCE10AB66203160905933084C088710F795BB2D47343083FE1A6F63FA4B22578","original-png","frontend-production-build-pass"
"screenshots/after-headings-admin/desktop-dark-shift-sections.png","351424","F2B85EB7F5A74CE2C4C6FA81CB36638C49001480AE8F056AD139C263EBA6A55F","original-png","frontend-production-build-pass"
"screenshots/after-headings-admin/desktop-gray-admin-factory-choices.png","992975","90F88B38311F0861611EDCD632E1B0CA35265AF0EB7CE3F2B62C35C7269F9F39","original-png","frontend-production-build-pass"
"screenshots/after-headings-admin/desktop-gray-admin-groups.png","809549","A2D2D2AB3A39FFBFCCE12D63862AC8F323016937776CE943011EBB3242076BC5","original-png","frontend-production-build-pass"
"screenshots/after-headings-admin/desktop-gray-okk-heading.png","250928","57C38C779C705079D36B882A1EB1A7FC94AE66FE072C30D17ACA4AAE3DF025BA","original-png","frontend-production-build-pass"
"screenshots/after-headings-admin/desktop-gray-settings-title.png","346896","D8C453C1FDFA375BEAFA7E117B3B70316B62193CECB641ACF589010925465A62","original-png","frontend-production-build-pass"
"screenshots/after-headings-admin/desktop-gray-shift-log-note.png","268223","1261C0859DD3A4A1E1C65C953F7A7ECF5DEA4EA856CE48F40DA7694DE4EAB82C","original-png","frontend-production-build-pass"
"screenshots/after-headings-admin/desktop-gray-shift-sections.png","304856","6D07E6FACE79BB1EC6BFA603955AE214421007489ED42F535BB429A36F9EB0A9","original-png","frontend-production-build-pass"
"screenshots/after-headings-admin/desktop-light-admin-factory-choices.png","893565","712AC4BEC86E6EAAA275BC6F7B323E80A6151B72E8E6686E4BFE5CDEEA58620A","original-png","frontend-production-build-pass"
"screenshots/after-headings-admin/desktop-light-admin-groups.png","746277","9090EC3DE32732D40CE15CA303EEC44754DD4F81913352402D24CDD99527D27C","original-png","frontend-production-build-pass"
"screenshots/after-headings-admin/desktop-light-okk-heading.png","244702","2F767B8AECBB14E691537E884CAAFD19A55907A40B4AE6177AAA0F630397CA00","original-png","frontend-production-build-pass"
"screenshots/after-headings-admin/desktop-light-settings-title.png","345786","4FFD95895D4CD88D17BD0092C8AEC7E8F1EA11FFDB81DDCCF6E9572AC23579B1","original-png","frontend-production-build-pass"
"screenshots/after-headings-admin/desktop-light-shift-log-note.png","259194","C2B822F7833EB50074CF6CD4A010D67BF5D74B7C1AC0E5647815A52D2BFC0504","original-png","frontend-production-build-pass"
"screenshots/after-headings-admin/desktop-light-shift-sections.png","294490","333CC902897AA9920AEEAF7494285644AFEDB939035E036585711FFF3E6C722E","original-png","frontend-production-build-pass"
"screenshots/after-headings-admin/index.csv","10708","68767020BC752450D590D35A878C8AF3DA5D37030998A509ABF79EF4D157EFCC","screenshot-index","frontend-production-build-pass"
"screenshots/after-headings-admin/runtime.json","123696","71A03C4E241D33021CBC25D3F02F6CD4D6B91E406BE35E479251B6B5345AE758","runtime-evidence","frontend-production-build-pass"
"screenshots/after-loading-retry1/360-gray-initial-loading-disabled.png","123538","5B7CC75D1D74108D4DF06AB7FCC4625C540A4BB7F55E05BEA4B63BCBE070B669","original-png","frontend-production-build-pass"
"screenshots/after-loading-retry1/360-light-initial-loading-disabled.png","111193","FC450328471575B8205FF6BA27627B1BFE326F7B8E9121CB124F0673F5CDB495","original-png","frontend-production-build-pass"
"screenshots/after-loading-retry1/390-dark-initial-loading-disabled.png","85906","DC66795F9C1B43BA98F70A2E8269088D4842E6B4ECDBFE0B6E4F6372400FFB62","original-png","frontend-production-build-pass"
"screenshots/after-loading-retry1/390-gray-initial-loading-disabled.png","128753","74ACA59E33B8282D4391C3D12E92BDC62E6E260EF6ECFAF4BA4A147D0679076B","original-png","frontend-production-build-pass"
"screenshots/after-loading-retry1/390-light-initial-loading-disabled.png","116242","4424C7B4A845157D536C379C1A38F3DD55DE9BF016405C4CC797E20CAF80E448","original-png","frontend-production-build-pass"
"screenshots/after-loading-retry1/430-gray-initial-loading-disabled.png","135184","64E71FDE89D4F21FF6AA00F460A876A15CA28896C849E0BDD35BC16394FC9E2E","original-png","frontend-production-build-pass"
"screenshots/after-loading-retry1/430-light-initial-loading-disabled.png","121359","CFEDCDDAE847410587C9DBA425F79C2F546822D1E35993EAE9B0DF1BF6EB44A5","original-png","frontend-production-build-pass"
"screenshots/after-loading-retry1/desktop-dark-initial-loading-disabled.png","221601","01F93FD36E17C2A474ADF1D393526823B3423852F92A9584165A354B1E80001B","original-png","frontend-production-build-pass"
"screenshots/after-loading-retry1/desktop-gray-initial-loading-disabled.png","199844","548AA94551BCA6DA1D34F8D1D652DE0D1940A0EA1E4FAEB08A864ECC3B71446F","original-png","frontend-production-build-pass"
"screenshots/after-loading-retry1/desktop-light-initial-loading-disabled.png","188869","CE51133EE74C36B952FC2E7E56538315FAF471DB3AE9A8C0604ED6AB58751877","original-png","frontend-production-build-pass"
"screenshots/after-loading-retry1/index.csv","2202","96D9C61806987C21ACC9680725298893178C9C5AEEFBCC46D5D65947AE18B2F6","screenshot-index","frontend-production-build-pass"
"screenshots/after-loading-retry1/runtime.json","16489","91C08172533C737AC3FA43E961BFB6D001A84EF2168D3A39740415AE437F87DA","runtime-evidence","frontend-production-build-pass"
"screenshots/before-checklists-retry1/360-gray-chats-real-checkbox.png","114458","DA3798224E9423BE8EBB6A37E8BBE5C1FAA7E2EDB579A361619BA87C80C7AA66","original-png","frontend-production-build-pass"
"screenshots/before-checklists-retry1/360-gray-checklists-filled.png","158117","2D958B3E5B334B90A8F7030F6538474E21FB55CD0BA6304436ABC4AF20A87ECD","original-png","frontend-production-build-pass"
"screenshots/before-checklists-retry1/360-gray-checklists-real-checkbox.png","109300","5065BAC41693A48D7B95E935A0CBE9218E8F5C7A0F058A3E216B805B7F49AA81","original-png","frontend-production-build-pass"
"screenshots/before-checklists-retry1/360-gray-gallery-checkbox.png","281287","DD4452249617B67B911790A8A8F84F36305A50CB45CEB84C039E23A6F6DAA72F","original-png","frontend-production-build-pass"
"screenshots/before-checklists-retry1/360-light-chats-real-checkbox.png","110334","FC7A46C633D770A0805BA6D2C8E45CFB8CEED157A8A819324B0530EB27803938","original-png","frontend-production-build-pass"
"screenshots/before-checklists-retry1/360-light-checklists-filled.png","147132","5D294A874BF498F25150930BC38081BB75FD886BE6F2F3E75EDCC581EEB6FFE1","original-png","frontend-production-build-pass"
"screenshots/before-checklists-retry1/360-light-checklists-real-checkbox.png","107053","81CD94A5F7B66757944C5554DBFCED43A97DDD4F0A6F3BA05F202C6EAD7A6025","original-png","frontend-production-build-pass"
"screenshots/before-checklists-retry1/360-light-gallery-checkbox.png","258481","98E36D5CF43B6CD909243593470965EE66E720474C9CE4F84E47EA12F81C1F7E","original-png","frontend-production-build-pass"
"screenshots/before-checklists-retry1/390-gray-chats-real-checkbox.png","119609","21811DC43A4F71F80A0DC840B61FE5A56193F1CA6F66E2F40E652BE9F2ED43A8","original-png","frontend-production-build-pass"
"screenshots/before-checklists-retry1/390-gray-checklists-filled.png","164777","7ABB381A77A92FFE6CBC39FBDD4147BC358A27887EE4428AFE3B155B90841AC4","original-png","frontend-production-build-pass"
"screenshots/before-checklists-retry1/390-gray-checklists-real-checkbox.png","114926","58D23BB32B69C6331C64B6B1E67D9BD57F096C41A8866303F793D6B9EB66E055","original-png","frontend-production-build-pass"
"screenshots/before-checklists-retry1/390-gray-gallery-checkbox.png","297541","1456DB62F4E2F627A8389AB358D1EFDCCA47E449D6E8C53EF167933485B1AC30","original-png","frontend-production-build-pass"
"screenshots/before-checklists-retry1/390-light-chats-real-checkbox.png","115388","823212EEC436AA2AD63A5E640DE2096BB2FACCA46D0DC78F4452EFD7AE95446E","original-png","frontend-production-build-pass"
"screenshots/before-checklists-retry1/390-light-checklists-filled.png","155863","86AD76A1E4BB860460DB3A1BB0111277C8B2A8571DF0A0CD259CCAF95E33B878","original-png","frontend-production-build-pass"
"screenshots/before-checklists-retry1/390-light-checklists-real-checkbox.png","111433","6F6EA441EB5629DB1F0D0EAB713ED01D6BCDE89DD1BD77003F821E09245A884C","original-png","frontend-production-build-pass"
"screenshots/before-checklists-retry1/390-light-gallery-checkbox.png","271844","EE33E142FA8ECB75596DCF9285D30D4253B9EA0B7CFC136E9C51E9258AAF5B0B","original-png","frontend-production-build-pass"
"screenshots/before-checklists-retry1/430-gray-chats-real-checkbox.png","125442","EFAC5356A7EC413425BC0B4581C8169311A142AB65D361EEA4FFD36C771ED92C","original-png","frontend-production-build-pass"
"screenshots/before-checklists-retry1/430-gray-checklists-filled.png","169945","E6AE5B78805DBCB7592FE5D1C4E1A1690632234A8F60C10879E014DF62B85FCB","original-png","frontend-production-build-pass"
"screenshots/before-checklists-retry1/430-gray-checklists-real-checkbox.png","115059","52DD2BBDBEC45769702033626BCA48A20D5988AFE7C2805C7289476EF037A18C","original-png","frontend-production-build-pass"
"screenshots/before-checklists-retry1/430-gray-gallery-checkbox.png","305197","AF9D3C81B2754B32578C9BEF8A38FC3FA7F37B851485DFA84882949010E1E8F1","original-png","frontend-production-build-pass"
"screenshots/before-checklists-retry1/430-light-chats-real-checkbox.png","122242","B228CAC927FA421B11D857C58CC33599D5B17C5319902D57A2E4473047411BF0","original-png","frontend-production-build-pass"
"screenshots/before-checklists-retry1/430-light-checklists-filled.png","162105","555CBF12799E7F238109C1DEEEF05E133928E216FBCE639893B3D51C3D9DB00B","original-png","frontend-production-build-pass"
"screenshots/before-checklists-retry1/430-light-checklists-real-checkbox.png","111746","933573DD38E5892122537BB166D28A38B340FEC87E5A7A525459A25C8DB3BA50","original-png","frontend-production-build-pass"
"screenshots/before-checklists-retry1/430-light-gallery-checkbox.png","277825","BDAFDFFCE03F316FB86840A08B2703FBB7E14AE51451A54406A7ED1C85FC2729","original-png","frontend-production-build-pass"
"screenshots/before-checklists-retry1/desktop-gray-chats-real-checkbox.png","250870","ACF70887744C531D57788FE176A13F64EFFA4C5A422B908864D552482D9A2183","original-png","frontend-production-build-pass"
"screenshots/before-checklists-retry1/desktop-gray-checklists-filled.png","301825","732A470E07028265E90F1CCF30168F6BC7AA7A49CC988FFB901FD5B2A0492793","original-png","frontend-production-build-pass"
"screenshots/before-checklists-retry1/desktop-gray-checklists-real-checkbox.png","304903","D73F072EDD27EB8BD516ED87A6A039AE7BCBBBDBE46EF8043A1B0C9ACF86A3FF","original-png","frontend-production-build-pass"
"screenshots/before-checklists-retry1/desktop-gray-gallery-checkbox.png","500801","653A09966B465E337387DE19FEA3A5891DE310CCBB6145F3471C2FCA6D72CF68","original-png","frontend-production-build-pass"
"screenshots/before-checklists-retry1/desktop-light-chats-real-checkbox.png","252511","97099830F045E815FB93DDD4F4A53504E6BA408DF54477CABB7644A56D92A2F7","original-png","frontend-production-build-pass"
"screenshots/before-checklists-retry1/desktop-light-checklists-filled.png","290966","C5876E7B6CABB2983A47FF12D7918072083979C89B35FC6CC4CB6090D7BFA534","original-png","frontend-production-build-pass"
"screenshots/before-checklists-retry1/desktop-light-checklists-real-checkbox.png","304485","869071F25A899A65A49B0A42FA5155F85E6CDA90AD98A8EF6BF9592485711F67","original-png","frontend-production-build-pass"
"screenshots/before-checklists-retry1/desktop-light-gallery-checkbox.png","459014","443DFFB10328FA7C3A553718AD68DBE4169A7C17B0ED8A7A09CA582CE59BA4BF","original-png","frontend-production-build-pass"
"screenshots/before-checklists-retry1/index.csv","6018","B6394CB2412F11141B2B868BA1C83E2BEF6B9A0AAC6C084628C2FB46AF7A366B","screenshot-index","frontend-production-build-pass"
"screenshots/before-checklists-retry1/runtime.json","53258","240A8DE14020DCA64B7B00DC2DD52EE0BD8D41FB2EA616BC481DFA3A627C2CDA","runtime-evidence","frontend-production-build-pass"
"screenshots/before-controls/360-gray-announcements-controls.png","112317","E61166A9AACD1EF8190AF484E4EE87FD1CCA001CAFE50C95993B85488B7F8566","original-png","frontend-production-build-pass"
"screenshots/before-controls/360-gray-orders-tabs.png","139133","A76FFEA5601AAAD66B4E0430920749226C555DAFDCF62ACBBACD2D4B64334595","original-png","frontend-production-build-pass"
"screenshots/before-controls/360-gray-people-tabs.png","122744","47A58E6207089D011C202E5735C014BCDBD9911900432DC4D6F30E5A31FA2528","original-png","frontend-production-build-pass"
"screenshots/before-controls/360-gray-tasks-controls.png","141290","562C6361107E75DCDC070E6145F3FBDE0FEEB2AACB1616D63A30BB5BFC33D5D4","original-png","frontend-production-build-pass"
"screenshots/before-controls/360-light-announcements-controls.png","109077","4CF8E9FDC6608E7BA0F9206D6D4A39AA4A74ED5B6B4E25B151427FAA52B04337","original-png","frontend-production-build-pass"
"screenshots/before-controls/360-light-orders-tabs.png","130545","44371FD6C881CD3A1CFB401CCC5335E8661498034AEBEAB68209689F2A0B1C8B","original-png","frontend-production-build-pass"
"screenshots/before-controls/360-light-people-tabs.png","115539","1BFB4344BC5771056530A330088C0286DF4DF55506C148F79247140DBB7EE2D3","original-png","frontend-production-build-pass"
"screenshots/before-controls/360-light-tasks-controls.png","132336","385A3943F5F5C725D88AA23F3496B779DF773A56B4AD5D9280DE11A7E5B34AE6","original-png","frontend-production-build-pass"
"screenshots/before-controls/390-gray-announcements-controls.png","116367","A58CA8C596672002B94DFB1AC53BF37B001FE89CDEA3C365E943FE2E28D964FB","original-png","frontend-production-build-pass"
"screenshots/before-controls/390-gray-orders-tabs.png","144588","65CA932C244A3642FFADCCBD41D025701AAC782B5167359CE13ACE871BCC4A2C","original-png","frontend-production-build-pass"
"screenshots/before-controls/390-gray-people-tabs.png","132000","DD76580FBE2F1292C94EE493B859589885B872DCE6FA6C12F65C1D8BFF2FEB56","original-png","frontend-production-build-pass"
"screenshots/before-controls/390-gray-tasks-controls.png","141743","78775495C591B2C4BA446696A7393C0217275837F9AE23F8F1E54B46860A69C3","original-png","frontend-production-build-pass"
"screenshots/before-controls/390-light-announcements-controls.png","113210","AB8B4320E80E433C56A811669CB2A5D1056AFF4B46017FC8180990FD081620F6","original-png","frontend-production-build-pass"
"screenshots/before-controls/390-light-orders-tabs.png","136250","ACF482687BDB7D7DA7515511CC8988FF6E0BFD413E263F65018CFA10031BD512","original-png","frontend-production-build-pass"
"screenshots/before-controls/390-light-people-tabs.png","124785","D66BD2AA3777004E0C2CC00A113F2CF5C391578728275A960C65F7D4A7EFEEAE","original-png","frontend-production-build-pass"
"screenshots/before-controls/390-light-tasks-controls.png","133790","4735D7CA9DE12BC8FF70BFC827928B86E529AD9285B0E67B73AF31737C87E3A2","original-png","frontend-production-build-pass"
"screenshots/before-controls/430-gray-announcements-controls.png","119595","C57C56602FB1F1D095CB9359AA230A8B76C0B821458879B509C6EDDDFA4558EF","original-png","frontend-production-build-pass"
"screenshots/before-controls/430-gray-orders-tabs.png","148830","6B45B8FE44404AC63BB736EE84C8CA0B4B11C6ABBAD5545E9D0DA1FFD6535750","original-png","frontend-production-build-pass"
"screenshots/before-controls/430-gray-people-tabs.png","135696","944138AD8B0F783EE587C1145C9D23ED8509C4D4D32AC40CD295D61F146BF252","original-png","frontend-production-build-pass"
"screenshots/before-controls/430-gray-tasks-controls.png","145332","21378942B06A92304BD2E4289DAEA616D187ED1DCB6DA48F634F3E1A1DF94BA8","original-png","frontend-production-build-pass"
"screenshots/before-controls/430-light-announcements-controls.png","115424","4EA74DD0DC2821BD0735E543641C377D13879DB076BF5EF151E6DEEC5D91502C","original-png","frontend-production-build-pass"
"screenshots/before-controls/430-light-orders-tabs.png","139989","5C4C8233A1FDC21998EDB8B6549D2D2505A6F0459F4BE52C528C899F996F6CC4","original-png","frontend-production-build-pass"
"screenshots/before-controls/430-light-people-tabs.png","129517","A488336D6939184C46AEC1262D9466F6E0D7121A089B42B35CD6DA2F00B60604","original-png","frontend-production-build-pass"
"screenshots/before-controls/430-light-tasks-controls.png","138359","CFD4D2A61430BC543F5244E7E3EBFAE50D83E48612C89C94C69017F5995A40F1","original-png","frontend-production-build-pass"
"screenshots/before-controls/desktop-gray-announcements-controls.png","238712","33457AE110F1A9B95167533F102DE4AE5AFC1C7135B5ADD3ABA1F80995991422","original-png","frontend-production-build-pass"
"screenshots/before-controls/desktop-gray-orders-tabs.png","339485","59519C603FD3C33452ABF77F7ECBC14D3F09B99395DDB9AA8CA6D27EC76946F5","original-png","frontend-production-build-pass"
"screenshots/before-controls/desktop-gray-people-tabs.png","246975","7FDFA5D533F509D1BF8FEE0DEBC9A6B838A56D535876784A0CD0480BE1B5E66C","original-png","frontend-production-build-pass"
"screenshots/before-controls/desktop-gray-tasks-controls.png","283845","3E5B336DE3A008BCCFA65C4D3356F1938EA8D95570FF7209258A24AF9A2B19C6","original-png","frontend-production-build-pass"
"screenshots/before-controls/desktop-light-announcements-controls.png","238220","898D42529BA731E6E32732CF40D2A2611B56E3B1DC8334BCC23BCEFE2F8BEA17","original-png","frontend-production-build-pass"
"screenshots/before-controls/desktop-light-orders-tabs.png","337259","724EA98FCA7456288B643A79CF572D2C7CDCF8A6413E752D89C6880F6270C12B","original-png","frontend-production-build-pass"
"screenshots/before-controls/desktop-light-people-tabs.png","239234","67E41C438F6AB833882003D2E3D652A35FFF91261951D7EBD8C27BE37E5776D3","original-png","frontend-production-build-pass"
"screenshots/before-controls/desktop-light-tasks-controls.png","269199","6B78DF642571B869BE2B5A917B31DF0CA6FF9F13F43512C29EF6B7F0670142AF","original-png","frontend-production-build-pass"
"screenshots/before-controls/index.csv","5442","26AD636B54E13AB4E17B1D2A7E8BA1223A0939DCC3A8F7407800234F8CAE6980","screenshot-index","frontend-production-build-pass"
"screenshots/before-controls/runtime.json","90025","5C80F0357BE74A490FDD8A82ECD4731BDDFEB26733227DA02334C294846F44D3","runtime-evidence","frontend-production-build-pass"
"screenshots/before-headings-admin-retry2/360-gray-admin-factory-choices.png","691491","80D669C5670A797C8B693BCBF3EB0450C372F487C7137B0876F975F69817F2E5","original-png","frontend-production-build-pass"
"screenshots/before-headings-admin-retry2/360-gray-admin-groups.png","613658","F21B51927704246060AE24CFC006E7FA6286BB9814A784BD81C77E3CB7B875AC","original-png","frontend-production-build-pass"
"screenshots/before-headings-admin-retry2/360-gray-okk-heading.png","118782","3B0507B3B4A1BE4A98367181C92A2FA0E6F4AC9B5679BC4DD79884ECCA78DC0C","original-png","frontend-production-build-pass"
"screenshots/before-headings-admin-retry2/360-gray-settings-title.png","139594","29B8F1DB12133C042CECF893A0A1B2827611A6132C46329DF8779805995385A8","original-png","frontend-production-build-pass"
"screenshots/before-headings-admin-retry2/360-gray-shift-log-note.png","139484","B17BF52D41FF66E949467C9EA824AA1CC016FB3011B897429D6B8D307B23437D","original-png","frontend-production-build-pass"
"screenshots/before-headings-admin-retry2/360-gray-shift-sections.png","167892","4D675897BD2D40FF46973333491740F388B682B1985C61846B271A68B6B75804","original-png","frontend-production-build-pass"
"screenshots/before-headings-admin-retry2/360-light-admin-factory-choices.png","647165","7F77196FAC9DB3534D6482B4E4C1A8ABA09C88C25CBC12DCDC20EE1CC25551FF","original-png","frontend-production-build-pass"
"screenshots/before-headings-admin-retry2/360-light-admin-groups.png","583761","48B8A9532540445F3E148E649830968534737554E9F0213B4CF9600B5335B2A7","original-png","frontend-production-build-pass"
"screenshots/before-headings-admin-retry2/360-light-okk-heading.png","111691","E36C9DE3D936E1CF7390CCEA8E66CE22DA13E4B6ACDEEC082E883B4406192E5E","original-png","frontend-production-build-pass"
"screenshots/before-headings-admin-retry2/360-light-settings-title.png","137746","CB424D5CA6F45EDC120859019BFFB924F522E7C76895BDA667D1B9C409FADE08","original-png","frontend-production-build-pass"
"screenshots/before-headings-admin-retry2/360-light-shift-log-note.png","131658","23337EB78484F9DB107E17534D57FC537277C55B9F873141A72C80CEDB0136B2","original-png","frontend-production-build-pass"
"screenshots/before-headings-admin-retry2/360-light-shift-sections.png","162038","0EC977C3E907CAE3C080BC0BCDF5F4FAC4EEEAFD033EEDECC358A8C63E9E8AFA","original-png","frontend-production-build-pass"
"screenshots/before-headings-admin-retry2/390-gray-admin-factory-choices.png","685770","399203CA43E377003EAE48C65CD716904BC6825F2618FCD4AB60767087E987DB","original-png","frontend-production-build-pass"
"screenshots/before-headings-admin-retry2/390-gray-admin-groups.png","617644","6D9BA71496093A637862BCC49B56CCB26A4921FB52D0D59CEE7FBE09BB4C7F02","original-png","frontend-production-build-pass"
"screenshots/before-headings-admin-retry2/390-gray-okk-heading.png","124700","C8921C8585046C26A92957E3858F5E14BBAD9A382795BFB06F6B35ABD9CA1D1D","original-png","frontend-production-build-pass"
"screenshots/before-headings-admin-retry2/390-gray-settings-title.png","166067","A211D092C74FA2B891982985C6DF4256FDC7C26D188D42C0CF5C792EC1602CE9","original-png","frontend-production-build-pass"
"screenshots/before-headings-admin-retry2/390-gray-shift-log-note.png","139523","A6E1E857BFC86D80A0E43AE9CCF41F58F3DAF47629FE6CCDC57B3F5123B3B518","original-png","frontend-production-build-pass"
"screenshots/before-headings-admin-retry2/390-gray-shift-sections.png","169866","C82A5BDBB0D8EE563FE2021B3957C4C25B3F937A36354B0EB42EE56083A62E01","original-png","frontend-production-build-pass"
"screenshots/before-headings-admin-retry2/390-light-admin-factory-choices.png","640932","46E4BBD7984A81F39397BA2D7F244B63AC73ACE280860038AB0108DE22A95F93","original-png","frontend-production-build-pass"
"screenshots/before-headings-admin-retry2/390-light-admin-groups.png","581754","AA543B0259FEE696AF8C313AB24C0B5ABC385008DB47813AF2062ECE8F205FA7","original-png","frontend-production-build-pass"
"screenshots/before-headings-admin-retry2/390-light-okk-heading.png","116638","882750B9E6F9B77DB8CF36C418AEE7E691A1291A0F4A1746A6B9D3D76F353565","original-png","frontend-production-build-pass"
"screenshots/before-headings-admin-retry2/390-light-settings-title.png","162076","1D6702397071CDB4A6EE2589A1C73BCEC58624649E720C7889C9F10C29620B0B","original-png","frontend-production-build-pass"
"screenshots/before-headings-admin-retry2/390-light-shift-log-note.png","130900","A8CEA868340C8CEF06C268A388EBF4B47653604E268E9C5581372134F9D1DD4C","original-png","frontend-production-build-pass"
"screenshots/before-headings-admin-retry2/390-light-shift-sections.png","161985","BAC487FE1B1B134C1B1702D07765A9B8F3DEAFEE4D8D3294630844E547F7F67F","original-png","frontend-production-build-pass"
"screenshots/before-headings-admin-retry2/430-gray-admin-factory-choices.png","663019","7306401BE001B4015020734364EC77FBA0D9F544B06432AB3EF6A100DE964892","original-png","frontend-production-build-pass"
"screenshots/before-headings-admin-retry2/430-gray-admin-groups.png","611081","79A14056DC4D969BCC6F5E78C7B2972EFF798648EF86943483DFDF209384CFAA","original-png","frontend-production-build-pass"
"screenshots/before-headings-admin-retry2/430-gray-okk-heading.png","128183","A089FDAC93F552ABD605AE3D077E5B3EA85DA95BD1BCCCC589634DCA1E54D4FF","original-png","frontend-production-build-pass"
"screenshots/before-headings-admin-retry2/430-gray-settings-title.png","176000","55F7B71D757456B3CE3717DE12C09A93F23C78CCF3CDC488088FD08FED968872","original-png","frontend-production-build-pass"
"screenshots/before-headings-admin-retry2/430-gray-shift-log-note.png","140408","975F93D85DBEE0A56E55AF4A2F9EDF537810471672048DF5B0006CB8ACC7E0AE","original-png","frontend-production-build-pass"
"screenshots/before-headings-admin-retry2/430-gray-shift-sections.png","169463","98FE6CDE3D083FA2893E317E3AB6F6F7E58179D7584AE767F15E0E4036FE779E","original-png","frontend-production-build-pass"
"screenshots/before-headings-admin-retry2/430-light-admin-factory-choices.png","617765","44E59C0FB8BB68298378E56E680A09D86FBA8F0B778966089DBD7FC14C415212","original-png","frontend-production-build-pass"
"screenshots/before-headings-admin-retry2/430-light-admin-groups.png","582499","DA3EF2B199DA13D6D3FBC369E6AC32DF43F3E445214BD0CD85F4797BBDEB3DDE","original-png","frontend-production-build-pass"
"screenshots/before-headings-admin-retry2/430-light-okk-heading.png","123188","6765C1929BA447156E65F2FDD5A7E7B6EC6C8529396B7F811C567BEDDD9FE972","original-png","frontend-production-build-pass"
"screenshots/before-headings-admin-retry2/430-light-settings-title.png","171008","3BC18818D3EF7069DC486D235BF7F895874FAF7E82CCAE99FB01963481BD7FBC","original-png","frontend-production-build-pass"
"screenshots/before-headings-admin-retry2/430-light-shift-log-note.png","133306","231A3CCBFD4430B0AF8D4D47ABF8B8F3EFBBEC6B75DCB641DD748E488210C3AB","original-png","frontend-production-build-pass"
"screenshots/before-headings-admin-retry2/430-light-shift-sections.png","163253","5F480F2344BB54E4A2AC8287487DC644F68FF6758A939F5DB8B8512C6300DCFD","original-png","frontend-production-build-pass"
"screenshots/before-headings-admin-retry2/desktop-gray-admin-factory-choices.png","993802","0CE7A7023E9ABA007B0ECBCBED095E2D942769DF9BF0525D8B6842C305978715","original-png","frontend-production-build-pass"
"screenshots/before-headings-admin-retry2/desktop-gray-admin-groups.png","809475","A2C7DB6C0C5991FBBF2DBC01890009E9E85514E8903074520DDC538CFCC6BB08","original-png","frontend-production-build-pass"
"screenshots/before-headings-admin-retry2/desktop-gray-okk-heading.png","250765","45985EFA59623A64C4B966E060E6DA6E5B503D99C75E719E10183C2527E40DEC","original-png","frontend-production-build-pass"
"screenshots/before-headings-admin-retry2/desktop-gray-settings-title.png","344266","03EF17E89C2BA8EAED8489FD537A8FD7F80D4ABD23BA84419F196C44B890B545","original-png","frontend-production-build-pass"
"screenshots/before-headings-admin-retry2/desktop-gray-shift-log-note.png","267498","237717092292D502D57A4E14229EB44C96CFEEC536650FBACC41083B3EDE01B9","original-png","frontend-production-build-pass"
"screenshots/before-headings-admin-retry2/desktop-gray-shift-sections.png","304141","4512E0A8DBB7D2F77863921CD423A6D9DC2DE712D638FFD7B8203C2102D86959","original-png","frontend-production-build-pass"
"screenshots/before-headings-admin-retry2/desktop-light-admin-factory-choices.png","893878","BD790452833DB1D297945FB84413DE39E426818D5F631395285EAA50BA12A1CB","original-png","frontend-production-build-pass"
"screenshots/before-headings-admin-retry2/desktop-light-admin-groups.png","744852","62A3562F838E83A32815EECA96AA2F3BBCE74162763F7859F4677047F904D1A4","original-png","frontend-production-build-pass"
"screenshots/before-headings-admin-retry2/desktop-light-okk-heading.png","244466","5B9A3BAD76C3C3C195B67B52E34D70B005B6E5D13CF37C6A34B8E750A6F81367","original-png","frontend-production-build-pass"
"screenshots/before-headings-admin-retry2/desktop-light-settings-title.png","340092","1477097162D3B21B27AD2463D9AD70F457B36FF3FFD222E3CC0AEF12CE4C3365","original-png","frontend-production-build-pass"
"screenshots/before-headings-admin-retry2/desktop-light-shift-log-note.png","257848","6CE7FC2347B4F6C55EB49BCF5D5FE93973519F6E3B28B9F87D3E109334E54090","original-png","frontend-production-build-pass"
"screenshots/before-headings-admin-retry2/desktop-light-shift-sections.png","292784","BBC6F01A3728BC40ED86353CC69370C801FA443A5B411278F3A92D9A9E38DC65","original-png","frontend-production-build-pass"
"screenshots/before-headings-admin-retry2/index.csv","8966","C6F3C91B6C907281E9167E4BDDD8C7814175B4B934B6748A3780D554368F861D","screenshot-index","frontend-production-build-pass"
"screenshots/before-headings-admin-retry2/runtime.json","97921","3BD00B5973917FDF654CC8863CE10870AFA8FEA8D6D7AFB8765F514B079D7E55","runtime-evidence","frontend-production-build-pass"
"screenshots/before-loading/360-gray-initial-loading-disabled.png","126271","CADA1D1A3EEBA0331FF22F9FE10FAB60B8064A09725BB2F196A670D4073B2958","original-png","frontend-production-build-pass"
"screenshots/before-loading/360-light-initial-loading-disabled.png","114890","128DD9AE42C1D98341FD315C50E1464E1AC0CF8973C59F190134615627C0A455","original-png","frontend-production-build-pass"
"screenshots/before-loading/390-gray-initial-loading-disabled.png","131759","A440D9967402D72D7046C76EFFB85F6402F90FF5E9E3CE7E8FE54DD8F58C00F1","original-png","frontend-production-build-pass"
"screenshots/before-loading/390-light-initial-loading-disabled.png","120250","8287FE9E988073907E164CA5EB05F376FDF7FCF37575550C1C066523AC1A0BB4","original-png","frontend-production-build-pass"
"screenshots/before-loading/430-gray-initial-loading-disabled.png","138553","D04AAF1C785AFD83CA21E0AC6E033DBFB9C85A45CD3B7023294490B2939D2A2C","original-png","frontend-production-build-pass"
"screenshots/before-loading/430-light-initial-loading-disabled.png","125930","68CF8C6E8179DAA1F8BEF1E9A62ABD8EE89E9159E816AD7233180A745905BAF5","original-png","frontend-production-build-pass"
"screenshots/before-loading/desktop-gray-initial-loading-disabled.png","201265","EA37DD5DF4956902446F02D38CDAD94BBAF52B9F801AD1FA0DF8C94108419FC4","original-png","frontend-production-build-pass"
"screenshots/before-loading/desktop-light-initial-loading-disabled.png","189516","3CCF57BC030CEFB24294BD0F02B50A3820B3B3E9D2F8F3E4866257A7AE5048C9","original-png","frontend-production-build-pass"
"screenshots/before-loading/index.csv","1732","E27BF20ECFCB54DB45CCEBAE989A8A0C95896186CA3F0D7E21DE07EDF5E631F5","screenshot-index","frontend-production-build-pass"
"screenshots/before-loading/runtime.json","13172","B3ABE2213FD48C1FF47D1A659216B19E9D2281BEC63E0C9B7B7C4D9B9E6FE16C","runtime-evidence","frontend-production-build-pass"
"test-results.md","4114","F8147D3E589740E61A04B34AE107B9A00F23A7235D12F1F27E9135CB709336F0","report","frontend-production-build-pass"
