"Screenshot","Surface","Viewport","Sha256","Reconciliation","VerifiedReviewedCopies","Manifests","Lifecycle"
"docs/full-ui-interaction-sweep/screenshots/desktop/deep-admin-обзор.png","Админка / Обзор / содержимое","desktop","ac3b0007f1d993d5b2f3899864b7bcbb076fe07ab3581dcace9be427d30483a0","REVIEW_REQUIRED","0","",""
"docs/full-ui-interaction-sweep/screenshots/desktop/deep-admin-пользователи-и-доступы.png","Админка / Пользователи и доступы / содержимое","desktop","a6af3be1dc372807d076ff1e0e3a7e8633e5cca11e01f4ac12d58ead67a95ba7","REVIEW_REQUIRED","0","",""
"docs/full-ui-interaction-sweep/screenshots/desktop/deep-admin-отделы-и-службы.png","Админка / Отделы и службы / содержимое","desktop","145920fa0e3ba3fb9c0feac07417553992c72e9b40cb6b198fdb0a3e26721b8c","REVIEW_REQUIRED","0","",""
"docs/full-ui-interaction-sweep/screenshots/desktop/deep-admin-должности-и-роли.png","Админка / Должности и роли / содержимое","desktop","1136ae6cb419c3d8bb7a52ffcbadb81c566524ed874c5784bb2865945c58cedf","REVIEW_REQUIRED","0","",""
"docs/full-ui-interaction-sweep/screenshots/desktop/deep-admin-линии-и-позиции.png","Админка / Линии и позиции / содержимое","desktop","41156eb3511e21f7191efd2b77802d641889b4eea021225e2ed00be961687dad","REVIEW_REQUIRED","0","",""
"docs/full-ui-interaction-sweep/screenshots/desktop/deep-admin-позиции-на-линиях.png","Админка / Позиции на линиях / содержимое","desktop","aa7451eb2208e09b816f9e7c23376585f2775e40295cee7867e359c25c1a329a","REVIEW_REQUIRED","0","",""
"docs/full-ui-interaction-sweep/screenshots/desktop/deep-admin-шаблоны-состава.png","Админка / Шаблоны состава / содержимое","desktop","e9936d074ebc2b1f289b1d9e0688526cacec263545e7d5b1125df2ca97d5e6e9","REVIEW_REQUIRED","0","",""
"docs/full-ui-interaction-sweep/screenshots/desktop/deep-admin-повременщики-рабочие-зоны.png","Админка / Повременщики / рабочие зоны / содержимое","desktop","c678cf1be5bcc8ce67f3af75a6c41432d2672145287ea4f67b51953a3df65f74","REVIEW_REQUIRED","0","",""
"docs/full-ui-interaction-sweep/screenshots/desktop/deep-admin-роли-и-права.png","Админка / Роли и права / содержимое","desktop","bbe5d6120b8e42a36b49d3a6381bd57550b32e349b8a7e696faa7c9a61c760a5","REVIEW_REQUIRED","0","",""
"docs/full-ui-interaction-sweep/screenshots/desktop/deep-admin-настройки-модулей.png","Админка / Настройки модулей / содержимое","desktop","6f10b10ed0b1ee00305d17101b7683a13421ab5acc7c6a04a0580f1b25c57c3c","REVIEW_REQUIRED","0","",""
"docs/full-ui-interaction-sweep/screenshots/desktop/deep-admin-восстановление.png","Админка / Восстановление / содержимое","desktop","08cd8dbb30d381fbea8013e9c283f267a27516f2dbfc4cebf86187d51a604cb3","REVIEW_REQUIRED","0","",""
"docs/full-ui-interaction-sweep/screenshots/desktop/deep-recovery-card.png","Админка / карточка восстановления","desktop","bcba90e9dfd4640e3a8a9014ae4853c9a73a0d8152051f027fb92c710dfffaae","REVIEW_REQUIRED","0","",""
"docs/full-ui-interaction-sweep/screenshots/desktop/deep-admin-аудит-действий-админки.png","Админка / Аудит действий админки / содержимое","desktop","b0a3cc1955911fdeb7012e9150cad7bed8734d2353e7fb52b817b9af90ec8a72","REVIEW_REQUIRED","0","",""
"docs/full-ui-interaction-sweep/screenshots/desktop/deep-ops-потери.png","Статистика / Потери","desktop","d95b0d45469a3e983fdbd24a3a3c40d58ee458320726be11a75a6b7cddf7cd24","REVIEW_REQUIRED","0","",""
"docs/full-ui-interaction-sweep/screenshots/desktop/deep-ops-обзор.png","Статистика / Обзор","desktop","5e2c1905f8a4f6d916b3b1aee72d86ea9981d71dc0cfb7dd792831e0f36edda1","REVIEW_REQUIRED","0","",""
"docs/full-ui-interaction-sweep/screenshots/desktop/deep-ops-события.png","Статистика / События","desktop","24cf9ae5e31d0a832414a06b2f2bcd0761b5472a2550f0a1092902e8033297f8","REVIEW_REQUIRED","0","",""
"docs/full-ui-interaction-sweep/screenshots/desktop/deep-ops-аудит.png","Статистика / Аудит","desktop","858b9b0f52399c01951194e7d1f9bc7fcf006167f7d96459a8b29d3ce0530738","REVIEW_REQUIRED","0","",""
"docs/full-ui-interaction-sweep/screenshots/desktop/deep-ops-модули.png","Статистика / Модули","desktop","168f3303cc992a4abd8a9f7d3762fdd47b366c7ae4286f74fafba8bb98461d65","REVIEW_REQUIRED","0","",""
"docs/full-ui-interaction-sweep/screenshots/desktop/deep-audit-detail.png","Аудит / детали","desktop","19246bc043be4d4a6549df54f812bcf80b5227ca85d26b2b93c6eb6a3b187166","REVIEW_REQUIRED","0","",""
"docs/full-ui-interaction-sweep/screenshots/360/deep-admin-обзор.png","Админка / Обзор / содержимое","360","0848eca97db72469d58d370b4113db5ef003351774c4b874a00c24d6fdd2c66b","REVIEW_REQUIRED","0","",""
"docs/full-ui-interaction-sweep/screenshots/360/deep-admin-заводы.png","Админка / Заводы / содержимое","360","6e17348fe90848b3edf8a0045da727f9663d6d724b02a6dacb2b438137b8d3c2","REVIEW_REQUIRED","0","",""
"docs/full-ui-interaction-sweep/screenshots/360/deep-admin-пользователи-и-доступы.png","Админка / Пользователи и доступы / содержимое","360","5498026aa2c681f47595218e89c9814078ac4abb75bb18de3581a810a67f8599","REVIEW_REQUIRED","0","",""
"docs/full-ui-interaction-sweep/screenshots/360/deep-admin-отделы-и-службы.png","Админка / Отделы и службы / содержимое","360","9aae7dfd663ba0674472d59e85c93284df2883f491db2541c3d5f2954466d80a","REVIEW_REQUIRED","0","",""
"docs/full-ui-interaction-sweep/screenshots/360/deep-admin-должности-и-роли.png","Админка / Должности и роли / содержимое","360","c8f14d5cdc36de0e013b620c7f491f1e188eb5da909f6f680c491eb7dc43ebc3","REVIEW_REQUIRED","0","",""
"docs/full-ui-interaction-sweep/screenshots/360/deep-admin-линии-и-позиции.png","Админка / Линии и позиции / содержимое","360","de22ee91e0b9e755960aba2351bfee7465b4e1d91f428d2f2b0a962c48e27c3a","REVIEW_REQUIRED","0","",""
"docs/full-ui-interaction-sweep/screenshots/360/deep-admin-позиции-на-линиях.png","Админка / Позиции на линиях / содержимое","360","1d3b20a23bc30e251c14027d781925cbaa2ea68dab036958207e320a3d99d4f4","REVIEW_REQUIRED","0","",""
"docs/full-ui-interaction-sweep/screenshots/360/deep-admin-шаблоны-состава.png","Админка / Шаблоны состава / содержимое","360","d0c8b043b4faa35edc1d1954719e3eb444260931c707b0a0c597f7784fb0bd1a","REVIEW_REQUIRED","0","",""
"docs/full-ui-interaction-sweep/screenshots/360/deep-admin-повременщики-рабочие-зоны.png","Админка / Повременщики / рабочие зоны / содержимое","360","97d47ed1f49da488be4a365bcb1b31f4989ee9556331bdfe78ca8c33238c3c20","REVIEW_REQUIRED","0","",""
"docs/full-ui-interaction-sweep/screenshots/360/deep-admin-роли-и-права.png","Админка / Роли и права / содержимое","360","2d367cedf484a0b50d8b7b60dbfc30fd61acf4becae9282d1222b75897ab82ba","REVIEW_REQUIRED","0","",""
"docs/full-ui-interaction-sweep/screenshots/360/deep-admin-настройки-модулей.png","Админка / Настройки модулей / содержимое","360","cf59e7609c9b5ece519e614be8e4dd03814c4f0801af3662300ebae124900301","REVIEW_REQUIRED","0","",""
"docs/full-ui-interaction-sweep/screenshots/360/deep-admin-аудит-действий-админки.png","Админка / Аудит действий админки / содержимое","360","6b0c7b08f32a717688c3ec05bde935e6e918353adf7a0fa24e6fee8c6295004f","REVIEW_REQUIRED","0","",""
"docs/full-ui-interaction-sweep/screenshots/360/deep-ops-потери.png","Статистика / Потери","360","154ed47e87be074b1a378aeae290f91567c53dd5b54274fadd50c3cc87e1362b","REVIEW_REQUIRED","0","",""
"docs/full-ui-interaction-sweep/screenshots/360/deep-ops-обзор.png","Статистика / Обзор","360","37c37c769b1ce4a0fc082aa916bb7d79a2c533a2e9338021a3df259fa6abff92","REVIEW_REQUIRED","0","",""
"docs/full-ui-interaction-sweep/screenshots/360/deep-ops-события.png","Статистика / События","360","b3791f347e48f224616b6612cb0c12a35e4a5e31be28b3ceb814e083079179c5","REVIEW_REQUIRED","0","",""
"docs/full-ui-interaction-sweep/screenshots/360/deep-ops-аудит.png","Статистика / Аудит","360","08ba9e7d9d0ccd1f7141899eddc256971c1830ca5caee08ee6a07a88b8774a33","REVIEW_REQUIRED","0","",""
"docs/full-ui-interaction-sweep/screenshots/360/deep-ops-модули.png","Статистика / Модули","360","ebc67ed01ce904838e292164ae2342b2c1fd16e8d8a1717879eb01bf62dc7d6e","REVIEW_REQUIRED","0","",""
"docs/full-ui-interaction-sweep/screenshots/360/deep-ops-filters.png","Статистика / фильтры","360","8dc3b97885e344a11a16de536bf75fb4b54af5d0423594a6ebc4e08a0b536089","REVIEW_REQUIRED","0","",""
"docs/full-ui-interaction-sweep/screenshots/390/deep-admin-обзор.png","Админка / Обзор / содержимое","390","a3efe8a19136931bc1c39290e452e25a80f718ba6680032c06ebb6afc3a6d2b2","REVIEW_REQUIRED","0","",""
"docs/full-ui-interaction-sweep/screenshots/390/deep-admin-заводы.png","Админка / Заводы / содержимое","390","2aee7ba80bfda1e295799dec5b7c7235bbc23b46d980d28b0cad5e81ef301628","REVIEW_REQUIRED","0","",""
"docs/full-ui-interaction-sweep/screenshots/390/deep-admin-пользователи-и-доступы.png","Админка / Пользователи и доступы / содержимое","390","b208b076b2e78ba689bf6b0f54b342ffac3ae4eb9923257acc45fdf922b7ea89","REVIEW_REQUIRED","0","",""
"docs/full-ui-interaction-sweep/screenshots/390/deep-admin-отделы-и-службы.png","Админка / Отделы и службы / содержимое","390","153fd711ff570f88b3a74765c90d2fc42b2353c1ab017997096d691643bfc5e4","REVIEW_REQUIRED","0","",""
"docs/full-ui-interaction-sweep/screenshots/390/deep-admin-должности-и-роли.png","Админка / Должности и роли / содержимое","390","e10f74a3c256008e5ff5046f8c3719ef7f314ccb0939a30fe7262eda4f0995b1","REVIEW_REQUIRED","0","",""
"docs/full-ui-interaction-sweep/screenshots/390/deep-admin-линии-и-позиции.png","Админка / Линии и позиции / содержимое","390","8384d64affc8cc0a853432b427a94b63f766f9a3864481035ff7d3467716e9dd","REVIEW_REQUIRED","0","",""
"docs/full-ui-interaction-sweep/screenshots/390/deep-admin-позиции-на-линиях.png","Админка / Позиции на линиях / содержимое","390","cc01983c345231eefe5992f99b036746748e672eccc818888152fc3780b50b06","REVIEW_REQUIRED","0","",""
"docs/full-ui-interaction-sweep/screenshots/390/deep-admin-шаблоны-состава.png","Админка / Шаблоны состава / содержимое","390","ad4e7f9e748ad67fbc5d83673507605b66f03559b4e5769dc0d29ad7fc5b156e","REVIEW_REQUIRED","0","",""
"docs/full-ui-interaction-sweep/screenshots/390/deep-admin-повременщики-рабочие-зоны.png","Админка / Повременщики / рабочие зоны / содержимое","390","37d83f5f36919fc871590f4bc4711be3b630bb2c5422ff03fd05fe9313d24305","REVIEW_REQUIRED","0","",""
"docs/full-ui-interaction-sweep/screenshots/390/deep-admin-роли-и-права.png","Админка / Роли и права / содержимое","390","79eb0dffaca9a4986a4e479a89393c8f989f86ac7d18d65e6de795c5e73c43de","REVIEW_REQUIRED","0","",""
"docs/full-ui-interaction-sweep/screenshots/390/deep-admin-настройки-модулей.png","Админка / Настройки модулей / содержимое","390","ee4c58d3ca28b9d29d685906fd121ed1a968461a8ea26cf7e3eebc9f34970ebc","REVIEW_REQUIRED","0","",""
"docs/full-ui-interaction-sweep/screenshots/390/deep-admin-восстановление.png","Админка / Восстановление / содержимое","390","7a189c05d29ee2dc3cca9f189e982931af75109a07c09117c7cec7cd77929354","REVIEW_REQUIRED","0","",""
"docs/full-ui-interaction-sweep/screenshots/390/deep-recovery-card.png","Админка / карточка восстановления","390","db67482b5351c91ed62a1f2c48dfd714976ab0f5eef9d332a4714960242a54db","REVIEW_REQUIRED","0","",""
"docs/full-ui-interaction-sweep/screenshots/390/deep-admin-аудит-действий-админки.png","Админка / Аудит действий админки / содержимое","390","810643f3ad96a62ba7f7990e2c6240d174cce68d881e394da0b7212536149cd5","REVIEW_REQUIRED","0","",""
"docs/full-ui-interaction-sweep/screenshots/390/deep-ops-потери.png","Статистика / Потери","390","2cc666051a3cc269ab327826ea4675a39300c89188ef54a17d149941f20ecc0e","REVIEW_REQUIRED","0","",""
"docs/full-ui-interaction-sweep/screenshots/390/deep-ops-обзор.png","Статистика / Обзор","390","e5251580082f8247becdcd68b36e524e9819d3e1504b356c89b1521cdbea4258","REVIEW_REQUIRED","0","",""
"docs/full-ui-interaction-sweep/screenshots/390/deep-ops-события.png","Статистика / События","390","cfcaec1cc18de262b246dcceaa33358fca8c8bbc564493f6fc049747636250af","REVIEW_REQUIRED","0","",""
"docs/full-ui-interaction-sweep/screenshots/390/deep-ops-аудит.png","Статистика / Аудит","390","a315fb54101f84e66413b42b9e486fa0cc9f46d0f50ec866ea2ca04ac4668eb7","REVIEW_REQUIRED","0","",""
"docs/full-ui-interaction-sweep/screenshots/390/deep-ops-модули.png","Статистика / Модули","390","1e0a578c8da5781a73c058084ed70a4f888d7a00711f3988361619e10948bd20","REVIEW_REQUIRED","0","",""
"docs/full-ui-interaction-sweep/screenshots/390/deep-audit-detail.png","Аудит / детали","390","9a42331293419246ccf7de1cef6aa08143591f8c2a15dc461b69f4b570fdeebb","REVIEW_REQUIRED","0","",""
"docs/full-ui-interaction-sweep/screenshots/390/deep-ops-filters.png","Статистика / фильтры","390","ac0a58d1b6ac015c5727d1fbf816f6eab40ac023fba6bcdd800da7405a9bada3","REVIEW_REQUIRED","0","",""
"docs/full-ui-interaction-sweep/screenshots/430/deep-admin-обзор.png","Админка / Обзор / содержимое","430","cbe6ae1513f82d143aed09ca68b339e4a639f331508cc292816e465eab570a06","REVIEW_REQUIRED","0","",""
"docs/full-ui-interaction-sweep/screenshots/430/deep-admin-заводы.png","Админка / Заводы / содержимое","430","c27e6b2b240b810ba8709c0f603d6cb66a0dadcc043a551e38699b6a95523ff6","REVIEW_REQUIRED","0","",""
"docs/full-ui-interaction-sweep/screenshots/430/deep-admin-пользователи-и-доступы.png","Админка / Пользователи и доступы / содержимое","430","fbe539e57493a82a0395d2a70318faaa8ab88a9b2f084f44ba4ea9910e410a7a","REVIEW_REQUIRED","0","",""
"docs/full-ui-interaction-sweep/screenshots/430/deep-admin-отделы-и-службы.png","Админка / Отделы и службы / содержимое","430","b5e9d8f9d2364ba469c93fe48877bf612fe40904a1e2b4d723ca43be5b216963","REVIEW_REQUIRED","0","",""
"docs/full-ui-interaction-sweep/screenshots/430/deep-admin-должности-и-роли.png","Админка / Должности и роли / содержимое","430","ad87709966ee91fa8878aef104431774cb4d99bf8ffa32ec508818a5918dac21","REVIEW_REQUIRED","0","",""
"docs/full-ui-interaction-sweep/screenshots/430/deep-admin-линии-и-позиции.png","Админка / Линии и позиции / содержимое","430","5782bb3fcfe4c2467658c5e8f9bd39cd95ce3f9dd887cd4c1f7e25e65ddc3e22","REVIEW_REQUIRED","0","",""
"docs/full-ui-interaction-sweep/screenshots/430/deep-admin-позиции-на-линиях.png","Админка / Позиции на линиях / содержимое","430","d8b506a9b6fe645b44539b0fda70e3feadb58cabc49e4a3537aac47a659ceabd","REVIEW_REQUIRED","0","",""
"docs/full-ui-interaction-sweep/screenshots/430/deep-admin-шаблоны-состава.png","Админка / Шаблоны состава / содержимое","430","4b66813b3dd35a9601bd79fd31d439c0d45a815c3b296317e22485c1fc12455a","REVIEW_REQUIRED","0","",""
"docs/full-ui-interaction-sweep/screenshots/430/deep-admin-повременщики-рабочие-зоны.png","Админка / Повременщики / рабочие зоны / содержимое","430","3bc97bdc60418d92bc01215ad2891c15d2fd8dd31fa499b08917fb97f132a484","REVIEW_REQUIRED","0","",""
"docs/full-ui-interaction-sweep/screenshots/430/deep-admin-роли-и-права.png","Админка / Роли и права / содержимое","430","15c92b363c2a98bcd2c2e27edfa9323f114cb13c95dae8dc12c952427d5c34c5","REVIEW_REQUIRED","0","",""
"docs/full-ui-interaction-sweep/screenshots/430/deep-admin-настройки-модулей.png","Админка / Настройки модулей / содержимое","430","22e747cb1142da9df259436da2deff9a1038041ada16f8c6039455c2b66f4693","REVIEW_REQUIRED","0","",""
"docs/full-ui-interaction-sweep/screenshots/430/deep-admin-восстановление.png","Админка / Восстановление / содержимое","430","1de414289d113bf0007d2059677415eaa7b7f2dd87bc7c52ad8d3cdf1a19353f","REVIEW_REQUIRED","0","",""
"docs/full-ui-interaction-sweep/screenshots/430/deep-recovery-card.png","Админка / карточка восстановления","430","a11b75c0beb71c70dfc312e81e944b60a801ccc09114cf80f6a9bbac7cddeff1","REVIEW_REQUIRED","0","",""
"docs/full-ui-interaction-sweep/screenshots/430/deep-admin-аудит-действий-админки.png","Админка / Аудит действий админки / содержимое","430","61cf3e32ebffdeaa637f08cdfd458f2ec355f949fccd84c443c59e173ee1dc2b","REVIEW_REQUIRED","0","",""
"docs/full-ui-interaction-sweep/screenshots/430/deep-ops-потери.png","Статистика / Потери","430","431f389b7c046d08f20b7b0980dbe392c918cb4bb96672981b7109ffc3fdde1f","REVIEW_REQUIRED","0","",""
"docs/full-ui-interaction-sweep/screenshots/430/deep-ops-обзор.png","Статистика / Обзор","430","965a0d5ebf11feecf813012e09b56107c69eaa4a3ed38fbd705cd860d0ff8307","REVIEW_REQUIRED","0","",""
"docs/full-ui-interaction-sweep/screenshots/430/deep-ops-события.png","Статистика / События","430","72766248cb9e6dbfbe1a713886bc516187edc9ba20898d8ea4121a8a2f4d048b","REVIEW_REQUIRED","0","",""
"docs/full-ui-interaction-sweep/screenshots/430/deep-ops-аудит.png","Статистика / Аудит","430","801d2253611a3168bd28ba778cbab5f16f00754028cea8212c3ff57c49ddccea","REVIEW_REQUIRED","0","",""
"docs/full-ui-interaction-sweep/screenshots/430/deep-ops-модули.png","Статистика / Модули","430","9bfa1345451a0dbf8ba0ff1dd0248e3b063972625bcdbbad2bb912062a03fd3e","REVIEW_REQUIRED","0","",""
"docs/full-ui-interaction-sweep/screenshots/430/deep-audit-detail.png","Аудит / детали","430","4e8e577d43ad37d46c4b2b59a2ee89e4a3ad82c1b7af044cc1e0bab6b189a127","REVIEW_REQUIRED","0","",""
"docs/full-ui-interaction-sweep/screenshots/desktop/admin-recovery-confirm.png","Админка / подтверждение восстановления","desktop","515d96dd8acf100a23fab5f8481bb7a810ed894b8237bd02eaa6925dbe8434a4","REVIEW_REQUIRED","0","",""
"docs/full-ui-interaction-sweep/screenshots/390/admin-recovery-confirm.png","Админка / подтверждение восстановления","390","0ffe95e9f8e19370b9bacfa91971f5ce75905dbdd64bcc5dadbc41b157c1782d","REVIEW_REQUIRED","0","",""
"docs/full-ui-interaction-sweep/screenshots/430/admin-recovery-confirm.png","Админка / подтверждение восстановления","430","b7231343cac6cc7e3d7f3100d2e4e9abb0ff108b1bf7848f287725700fbe62d9","REVIEW_REQUIRED","0","",""
"docs/full-ui-interaction-sweep/screenshots/desktop/admin-permission-confirm-reason.png","Админка / причина подтверждения прав","desktop","3ac9173ecde07bba1b31b7c1584d713629473ac0818850186f82c04d176b8475","REVIEWED_HASH_MATCH_NEEDS_CONTEXT_CHECK","2","docs\full-ui-interaction-sweep\review-pack\20260906-105800-admin-confirm-fields-final-reviewed\manifest.csv | docs\full-ui-interaction-sweep\review-pack\20260906-105800-admin-confirm-fields-final-reviewed\packages\admin-part-01\manifest.csv","CURRENT_READONLY"
"docs/full-ui-interaction-sweep/screenshots/360/admin-permission-confirm-reason.png","Админка / причина подтверждения прав","360","6a5b67909dd46cb311dbdaa64d83a9dae580e6a86158d14391b12a0f0fe39167","REVIEWED_HASH_MATCH_NEEDS_CONTEXT_CHECK","2","docs\full-ui-interaction-sweep\review-pack\20260906-105800-admin-confirm-fields-final-reviewed\manifest.csv | docs\full-ui-interaction-sweep\review-pack\20260906-105800-admin-confirm-fields-final-reviewed\packages\admin-part-01\manifest.csv","CURRENT_READONLY"
"docs/full-ui-interaction-sweep/screenshots/390/admin-permission-preview.png","Админка / предпросмотр прав","390","e9987ffbaa527fba48f82305835db0b09b95d6356f40b8c46a594bb667b858e7","REVIEW_REQUIRED","0","",""
"docs/full-ui-interaction-sweep/screenshots/390/admin-permission-confirm-reason.png","Админка / причина подтверждения прав","390","9bd1ce9dd75b27297d33e1cc9115963406ab3992a5f74afa3947b786fc2e058a","REVIEWED_HASH_MATCH_NEEDS_CONTEXT_CHECK","2","docs\full-ui-interaction-sweep\review-pack\20260906-105800-admin-confirm-fields-final-reviewed\manifest.csv | docs\full-ui-interaction-sweep\review-pack\20260906-105800-admin-confirm-fields-final-reviewed\packages\admin-part-01\manifest.csv","CURRENT_READONLY"
"docs/full-ui-interaction-sweep/screenshots/430/admin-permission-preview.png","Админка / предпросмотр прав","430","fb2b30d2ba0f99c3187991404dd7a9cc4905bfbba50b94f66a18de08c6884922","REVIEW_REQUIRED","0","",""
"docs/full-ui-interaction-sweep/screenshots/430/admin-permission-confirm-reason.png","Админка / причина подтверждения прав","430","8cc0b7b0f6c710caa0c9cf138a9b8a7ab89f70063f97c317dc7520a7ac1d7baa","REVIEWED_HASH_MATCH_NEEDS_CONTEXT_CHECK","2","docs\full-ui-interaction-sweep\review-pack\20260906-105800-admin-confirm-fields-final-reviewed\manifest.csv | docs\full-ui-interaction-sweep\review-pack\20260906-105800-admin-confirm-fields-final-reviewed\packages\admin-part-01\manifest.csv","CURRENT_READONLY"
"docs/full-ui-interaction-sweep/screenshots/desktop/admin-password-reset-confirm-text.png","Админка / контрольная фраза сброса пароля","desktop","af3e7f9a2cbef5b69b5db36e12c8ec9975c05f49b1e285accbde7db64ac495f1","REVIEWED_HASH_MATCH_NEEDS_CONTEXT_CHECK","2","docs\full-ui-interaction-sweep\review-pack\20260906-105800-admin-confirm-fields-final-reviewed\manifest.csv | docs\full-ui-interaction-sweep\review-pack\20260906-105800-admin-confirm-fields-final-reviewed\packages\admin-part-01\manifest.csv","CURRENT_READONLY"
"docs/full-ui-interaction-sweep/screenshots/desktop/admin-identity-validation.png","Админка / ошибка ФИО","desktop","96e515c259b190fbf14ea6a98a8399b8f403bd6c91b9ae533c398955757c16b3","REVIEW_REQUIRED","0","",""
"docs/full-ui-interaction-sweep/screenshots/desktop/admin-identity-cancel.png","Админка / ФИО после отмены","desktop","6b26f6d8912b01443cb45692af792be498a8df51792453997254bbac531d687a","REVIEW_REQUIRED","0","",""
"docs/full-ui-interaction-sweep/screenshots/360/admin-password-reset-confirm-text.png","Админка / контрольная фраза сброса пароля","360","966e38d23d263fa88660bdd6d8c6ee4017de38ede95ae22f2b693586bd45b303","REVIEWED_HASH_MATCH_NEEDS_CONTEXT_CHECK","2","docs\full-ui-interaction-sweep\review-pack\20260906-105800-admin-confirm-fields-final-reviewed\manifest.csv | docs\full-ui-interaction-sweep\review-pack\20260906-105800-admin-confirm-fields-final-reviewed\packages\admin-part-01\manifest.csv","CURRENT_READONLY"
"docs/full-ui-interaction-sweep/screenshots/360/admin-identity-cancel.png","Админка / ФИО после отмены","360","2767653c60ae3561a1f67c22798e5ec7854fadb44047fcc1b7164bc73b3429c3","REVIEW_REQUIRED","0","",""
"docs/full-ui-interaction-sweep/screenshots/390/admin-password-reset-confirm-text.png","Админка / контрольная фраза сброса пароля","390","23b952f965e1ae2f9577e4ba3a2e79eec8aa749b4b5eea38039186588c4fdcbc","REVIEWED_HASH_MATCH_NEEDS_CONTEXT_CHECK","2","docs\full-ui-interaction-sweep\review-pack\20260906-105800-admin-confirm-fields-final-reviewed\manifest.csv | docs\full-ui-interaction-sweep\review-pack\20260906-105800-admin-confirm-fields-final-reviewed\packages\admin-part-01\manifest.csv","CURRENT_READONLY"
"docs/full-ui-interaction-sweep/screenshots/390/admin-identity-validation.png","Админка / ошибка ФИО","390","1e5ab55c2e4ccbceda3c576a37808f530c8c99ba336047fa273a392c36f7c16b","REVIEW_REQUIRED","0","",""
"docs/full-ui-interaction-sweep/screenshots/390/admin-identity-cancel.png","Админка / ФИО после отмены","390","7413945c08471c44e6d8f403b8c0ba2b51a6d171676b75929b1d191916647590","REVIEW_REQUIRED","0","",""
"docs/full-ui-interaction-sweep/screenshots/430/admin-password-reset-confirm-text.png","Админка / контрольная фраза сброса пароля","430","ec174632ae3ec47f6b601f709b27c747ad75266778915a7d984471bd2e76192a","REVIEWED_HASH_MATCH_NEEDS_CONTEXT_CHECK","2","docs\full-ui-interaction-sweep\review-pack\20260906-105800-admin-confirm-fields-final-reviewed\manifest.csv | docs\full-ui-interaction-sweep\review-pack\20260906-105800-admin-confirm-fields-final-reviewed\packages\admin-part-01\manifest.csv","CURRENT_READONLY"
"docs/full-ui-interaction-sweep/screenshots/430/admin-identity-validation.png","Админка / ошибка ФИО","430","9ff4fb2626252d89d9ee89a63c48164a3553b5a581b7d0aa037f36dd63048d21","REVIEW_REQUIRED","0","",""
"docs/full-ui-interaction-sweep/screenshots/430/admin-identity-cancel.png","Админка / ФИО после отмены","430","2666b54e156af8833c5a2fc52f6097e932e8d55a6260be89afa8bee402cc5ce9","REVIEW_REQUIRED","0","",""
"docs/full-ui-interaction-sweep/screenshots/desktop/admin-template-draft.png","Админка / черновик состава","desktop","c6e17242fc328cc5d864ed83ec352acf0166add0f4cc7d771a516a23cb377621","REVIEW_REQUIRED","0","",""
"docs/full-ui-interaction-sweep/screenshots/360/admin-template-draft.png","Админка / черновик состава","360","082202c4c5faa707a785cffc93c4a4b2edd39dcdfa91e72e7fc8959ebfa740b2","REVIEW_REQUIRED","0","",""
"docs/full-ui-interaction-sweep/screenshots/430/admin-template-draft.png","Админка / черновик состава","430","8083f15daa20dd4395110a089f9a7ade67a2dc8f1da43d5597c23ae4e8342032","REVIEW_REQUIRED","0","",""
"docs/full-ui-interaction-sweep/screenshots/desktop/report-worker-attachment-picker.png","Сообщить об ошибке / выбор вложения","desktop","b98c1932c0c8cb0baa9bb2d7af40cdb79e7d913c587bc0b4ca0bf750e248634d","REVIEWED_HASH_MATCH_NEEDS_CONTEXT_CHECK","2","docs\full-ui-interaction-sweep\review-pack\20260906-114100-report-worker-local-attachment-final-reviewed\manifest.csv | docs\full-ui-interaction-sweep\review-pack\20260906-114100-report-worker-local-attachment-final-reviewed\packages\other-part-01\manifest.csv","CURRENT_READONLY"
"docs/full-ui-interaction-sweep/screenshots/desktop/report-worker-attachment-selected.png","Сообщить об ошибке / локальное вложение","desktop","dd4fe70021f5b0a8069f1a79e50546113e3af8f24e2e8a8da9b1b732bb7829ba","REVIEWED_HASH_MATCH_NEEDS_CONTEXT_CHECK","2","docs\full-ui-interaction-sweep\review-pack\20260906-114100-report-worker-local-attachment-final-reviewed\manifest.csv | docs\full-ui-interaction-sweep\review-pack\20260906-114100-report-worker-local-attachment-final-reviewed\packages\other-part-01\manifest.csv","CURRENT_READONLY"
"docs/full-ui-interaction-sweep/screenshots/desktop/report-worker-draft.png","Сообщить об ошибке / черновик WORKER","desktop","155d7b2a8bae7fc7b678b0c9b9fd3bdcfcb7c242acbfead5d97b4375954d6ac4","REVIEW_REQUIRED","0","",""
"docs/full-ui-interaction-sweep/screenshots/360/report-worker-attachment-picker.png","Сообщить об ошибке / выбор вложения","360","2126e46af05a2972aecc478a76940e2dc24d119946e88da44a4f128028e8363c","REVIEWED_HASH_MATCH_NEEDS_CONTEXT_CHECK","2","docs\full-ui-interaction-sweep\review-pack\20260906-114100-report-worker-local-attachment-final-reviewed\manifest.csv | docs\full-ui-interaction-sweep\review-pack\20260906-114100-report-worker-local-attachment-final-reviewed\packages\other-part-01\manifest.csv","CURRENT_READONLY"
"docs/full-ui-interaction-sweep/screenshots/360/report-worker-attachment-selected.png","Сообщить об ошибке / локальное вложение","360","a4e783153e61cef16bfa5110cc74d8c6490266de9afcf6d59300bfe71f642a01","REVIEWED_HASH_MATCH_NEEDS_CONTEXT_CHECK","2","docs\full-ui-interaction-sweep\review-pack\20260906-114100-report-worker-local-attachment-final-reviewed\manifest.csv | docs\full-ui-interaction-sweep\review-pack\20260906-114100-report-worker-local-attachment-final-reviewed\packages\other-part-01\manifest.csv","CURRENT_READONLY"
"docs/full-ui-interaction-sweep/screenshots/390/report-worker-attachment-picker.png","Сообщить об ошибке / выбор вложения","390","3ecdac11e03a1b07087dc922d1734a600184298ea999fdd92b4344191c6e58c3","REVIEWED_HASH_MATCH_NEEDS_CONTEXT_CHECK","2","docs\full-ui-interaction-sweep\review-pack\20260906-114100-report-worker-local-attachment-final-reviewed\manifest.csv | docs\full-ui-interaction-sweep\review-pack\20260906-114100-report-worker-local-attachment-final-reviewed\packages\other-part-01\manifest.csv","CURRENT_READONLY"
"docs/full-ui-interaction-sweep/screenshots/390/report-worker-attachment-selected.png","Сообщить об ошибке / локальное вложение","390","ef961c9cbd27ed7d8f93324195f3330630fdb3371a3d6c12118bfad6f5e64427","REVIEWED_HASH_MATCH_NEEDS_CONTEXT_CHECK","2","docs\full-ui-interaction-sweep\review-pack\20260906-114100-report-worker-local-attachment-final-reviewed\manifest.csv | docs\full-ui-interaction-sweep\review-pack\20260906-114100-report-worker-local-attachment-final-reviewed\packages\other-part-01\manifest.csv","CURRENT_READONLY"
"docs/full-ui-interaction-sweep/screenshots/390/report-worker-draft.png","Сообщить об ошибке / черновик WORKER","390","df0c16511fc27b3c0a314612a6c197cac8a61e350688b3e4cd5f316719eade9c","REVIEW_REQUIRED","0","",""
"docs/full-ui-interaction-sweep/screenshots/430/report-worker-attachment-picker.png","Сообщить об ошибке / выбор вложения","430","2e0f65b017bd3548cf476b6eabc3c1ab0f0c75b949bf3bf103c0fbde50a865ce","REVIEWED_HASH_MATCH_NEEDS_CONTEXT_CHECK","2","docs\full-ui-interaction-sweep\review-pack\20260906-114100-report-worker-local-attachment-final-reviewed\manifest.csv | docs\full-ui-interaction-sweep\review-pack\20260906-114100-report-worker-local-attachment-final-reviewed\packages\other-part-01\manifest.csv","CURRENT_READONLY"
"docs/full-ui-interaction-sweep/screenshots/430/report-worker-attachment-selected.png","Сообщить об ошибке / локальное вложение","430","c2cec7a5199b71f6f77dd5df78b4dfd9c65562e1cdaf81e7d8a0b07c208f900d","REVIEWED_HASH_MATCH_NEEDS_CONTEXT_CHECK","2","docs\full-ui-interaction-sweep\review-pack\20260906-114100-report-worker-local-attachment-final-reviewed\manifest.csv | docs\full-ui-interaction-sweep\review-pack\20260906-114100-report-worker-local-attachment-final-reviewed\packages\other-part-01\manifest.csv","CURRENT_READONLY"
"docs/full-ui-interaction-sweep/screenshots/430/report-worker-draft.png","Сообщить об ошибке / черновик WORKER","430","8a7717adace9148e875e4570e500ad03ea8aef5d95456435b5e3a68c1b97427a","REVIEW_REQUIRED","0","",""
"docs/full-ui-interaction-sweep/screenshots/desktop/orders-archive-filters.png","Заказы / фильтры архива","desktop","d84742ee4c0dcec7f596ef8285da8aeffff7d8b7ed7ac1a1e2bf1e02f808501d","REVIEW_REQUIRED","0","",""
"docs/full-ui-interaction-sweep/screenshots/360/orders-archive-filters.png","Заказы / фильтры архива","360","d0a0014e1bd6e8c60bda23f043c28a5a9075ab40cb13c29db207f6db2cbfb8ab","REVIEW_REQUIRED","0","",""
"docs/full-ui-interaction-sweep/screenshots/390/orders-archive-filters.png","Заказы / фильтры архива","390","e697064c604ee98f15e23608fc3620a8661985d718ef8ea41903c38a806fb80c","REVIEW_REQUIRED","0","",""
"docs/full-ui-interaction-sweep/screenshots/430/orders-archive-filters.png","Заказы / фильтры архива","430","7ed65dd05471061b6d5a1ae07af99cee0d342edb52ae08599b7cb0eb032220a9","REVIEW_REQUIRED","0","",""
"docs/full-ui-interaction-sweep/screenshots/desktop/archive-filters-tasks.png","Архив / Заявки и простои / фильтры","desktop","4f6959e719bfd104dfc71c4ffad4a5e8873253aec7549152172db36a37dc5821","REVIEW_REQUIRED","0","",""
"docs/full-ui-interaction-sweep/screenshots/desktop/archive-filters-checklists.png","Архив / Чек-листы / фильтры","desktop","04058135d08d9092626702749481fbfcf7405e78181991e1c5fc69a745d3d5bf","REVIEW_REQUIRED","0","",""
"docs/full-ui-interaction-sweep/screenshots/desktop/archive-filters-okk.png","Архив / ОКК / фильтры","desktop","aa03966fdaee4782c5096dbe2b14b585b02353598516aa3d3df76b67bb30a40d","REVIEW_REQUIRED","0","",""
"docs/full-ui-interaction-sweep/screenshots/desktop/archive-filters-returns.png","Архив / Возвраты на производство / фильтры","desktop","cb587b837c498cc3b959cd2b2be7ceca715e28704eec45a8cd5f34cd6da71807","REVIEW_REQUIRED","0","",""
"docs/full-ui-interaction-sweep/screenshots/desktop/archive-filters-stock.png","Архив / Некондиция / фильтры","desktop","8ef3034f6c3405d79357e8505be636eec8ff9051cbc58df5dc3147cbc13af2c3","REVIEW_REQUIRED","0","",""
"docs/full-ui-interaction-sweep/screenshots/desktop/archive-filters-orders.png","Архив / Заказы / Остатки / фильтры","desktop","0b5a498f4176de4c0851c8254eee79869d6f7ab713313959b0e2f0e21972dd78","REVIEW_REQUIRED","0","",""
"docs/full-ui-interaction-sweep/screenshots/desktop/archive-filters-wash.png","Архив / Мойка / фильтры","desktop","6437c51b28ba62a26645f716042e19ea3c172d75833571271e07ef65fe6557f7","REVIEW_REQUIRED","0","",""
"docs/full-ui-interaction-sweep/screenshots/desktop/archive-filters-defrost.png","Архив / Оттайка / фильтры","desktop","532efa9c88a2c1175d18c8d8ccc2f94e041cd35da6b016b03c1b7cf031b22b4e","REVIEW_REQUIRED","0","",""
"docs/full-ui-interaction-sweep/screenshots/desktop/archive-filters-shiftLog.png","Архив / Пересменка / Журнал / фильтры","desktop","6eaff45fcae4f7959fffa88af5dcf98cc87bdfda6f89098481a91b6f0386336c","REVIEW_REQUIRED","0","",""
"docs/full-ui-interaction-sweep/screenshots/desktop/archive-filters-announcements.png","Архив / Объявления / фильтры","desktop","8aa3de10c9ed99cc1679cfc37acbb907eb9be606fdb1ce1522ce792e41975497","REVIEW_REQUIRED","0","",""
"docs/full-ui-interaction-sweep/screenshots/desktop/archive-filters-attachments.png","Архив / Файлы и вложения / фильтры","desktop","c6127151b7b1f5bfe5e23bfb462053ffbbb676bbbdb3cacebcb9aae85b3eb478","REVIEW_REQUIRED","0","",""
"docs/full-ui-interaction-sweep/screenshots/360/archive-filters-checklists.png","Архив / Чек-листы / фильтры","360","7e40ef5af69f2ce0ee66d7f89904bae247d42359f3a882e981edb4c5c4eca955","REVIEW_REQUIRED","0","",""
"docs/full-ui-interaction-sweep/screenshots/360/archive-filters-okk.png","Архив / ОКК / фильтры","360","34276c0f4a4a1ea6d347fcd642d77aadc7bff0ca6338731c57160e17aef3254a","REVIEW_REQUIRED","0","",""
"docs/full-ui-interaction-sweep/screenshots/360/archive-filters-returns.png","Архив / Возвраты на производство / фильтры","360","c3244aee7c16d91a135b93e9b1d74233f9b798873914c36364a3d835babea7c5","REVIEW_REQUIRED","0","",""
"docs/full-ui-interaction-sweep/screenshots/360/archive-filters-stock.png","Архив / Некондиция / фильтры","360","704dc35a1a9654f319e3546783a0f8b391e4833a5f2cae4ddc031ca5e57d0849","REVIEW_REQUIRED","0","",""
"docs/full-ui-interaction-sweep/screenshots/360/archive-filters-orders.png","Архив / Заказы / Остатки / фильтры","360","d380d0c3ea08dc58defb09e3facce8e2d7559de908396adaa2ae104c44f00155","REVIEW_REQUIRED","0","",""
"docs/full-ui-interaction-sweep/screenshots/360/archive-filters-wash.png","Архив / Мойка / фильтры","360","80976dbb2ed33e40071986259769f87cfb739a139540bdeb7b38ffd456e4cde3","REVIEW_REQUIRED","0","",""
"docs/full-ui-interaction-sweep/screenshots/360/archive-filters-defrost.png","Архив / Оттайка / фильтры","360","7d23d974f9d57c27fbc2ae2191b7fa5d391f4e85bc0756797f42c8d596f40e69","REVIEW_REQUIRED","0","",""
"docs/full-ui-interaction-sweep/screenshots/360/archive-filters-shiftLog.png","Архив / Пересменка / Журнал / фильтры","360","1d2f3c427a5815cf79f7acf9a9e5b0f71122f39dad21b321f72ff230762216ba","REVIEW_REQUIRED","0","",""
"docs/full-ui-interaction-sweep/screenshots/360/archive-filters-announcements.png","Архив / Объявления / фильтры","360","6c4272359b5d5a27bcc55a7e5c2bded594742c55ceb0722464a3564d677a760b","REVIEW_REQUIRED","0","",""
"docs/full-ui-interaction-sweep/screenshots/360/archive-filters-attachments.png","Архив / Файлы и вложения / фильтры","360","63319db118c8f9542d0498e97c5cf7c29f0b24477ae858906d242e0ae6ed7ef7","REVIEW_REQUIRED","0","",""
"docs/full-ui-interaction-sweep/screenshots/390/archive-filters-tasks.png","Архив / Заявки и простои / фильтры","390","020be5039baa88dcfd26e1c2f41f2948cd3aae32a3568af967712d2f3f69eee4","REVIEW_REQUIRED","0","",""
"docs/full-ui-interaction-sweep/screenshots/390/archive-filters-checklists.png","Архив / Чек-листы / фильтры","390","8cd679e65dc84a55def4914fb73b0d2a87b735b9ab554297c4e0f9d3490a64ed","REVIEW_REQUIRED","0","",""
"docs/full-ui-interaction-sweep/screenshots/390/archive-filters-okk.png","Архив / ОКК / фильтры","390","14b7342d99ead1138837b36974a9fc1993bfde7c4266719aee78b73f0d21f75b","REVIEW_REQUIRED","0","",""
"docs/full-ui-interaction-sweep/screenshots/390/archive-filters-returns.png","Архив / Возвраты на производство / фильтры","390","6cb88e23be8ddafc782b1747095a29c36a2bd75fe77769f4d4f884607d996f14","REVIEW_REQUIRED","0","",""
"docs/full-ui-interaction-sweep/screenshots/390/archive-filters-stock.png","Архив / Некондиция / фильтры","390","89d99e8d95d2d905a656869d7b7db43e12079d0b3a2b1887d9ea0d8bca987766","REVIEW_REQUIRED","0","",""
"docs/full-ui-interaction-sweep/screenshots/390/archive-filters-orders.png","Архив / Заказы / Остатки / фильтры","390","3fc16676bb3abce38c2481fcc1c2d72bb6417b9051952266ac674f13f7611c1c","REVIEW_REQUIRED","0","",""
"docs/full-ui-interaction-sweep/screenshots/390/archive-filters-wash.png","Архив / Мойка / фильтры","390","df44e92f856ba9f3295e15164706a5988e3d2e5cbcca48b470e4813aa5bda5cb","REVIEW_REQUIRED","0","",""
"docs/full-ui-interaction-sweep/screenshots/390/archive-filters-defrost.png","Архив / Оттайка / фильтры","390","77148cbd8c09587faa3bb8ea36811ba5f5f986e5226ef7e0f0f93322df7bd53a","REVIEW_REQUIRED","0","",""
"docs/full-ui-interaction-sweep/screenshots/390/archive-filters-shiftLog.png","Архив / Пересменка / Журнал / фильтры","390","4617920187e12ae68a98aaf6139dbed91409ad8f67ae7d6be77e402767a2928b","REVIEW_REQUIRED","0","",""
"docs/full-ui-interaction-sweep/screenshots/390/archive-filters-announcements.png","Архив / Объявления / фильтры","390","aba67b84a54b9f70595a86f2c757fed194b829d9f1a5d40febdfcfca0e0af2ec","REVIEW_REQUIRED","0","",""
"docs/full-ui-interaction-sweep/screenshots/390/archive-filters-attachments.png","Архив / Файлы и вложения / фильтры","390","21a57c2adbc4377f2ffbfaa0fe38e93ea8961b7e184e3249849818fa86948e57","REVIEW_REQUIRED","0","",""
"docs/full-ui-interaction-sweep/screenshots/430/archive-filters-tasks.png","Архив / Заявки и простои / фильтры","430","21c7a0e5086b9d6ab3276cf7e01d9dbc2f577c04e4dc1f20999e2de85e04e57c","REVIEW_REQUIRED","0","",""
"docs/full-ui-interaction-sweep/screenshots/430/archive-filters-checklists.png","Архив / Чек-листы / фильтры","430","da99e21e911e8507a656ef64a3b55d162d7d6606a25e36d31b0d8d8568a1cae4","REVIEW_REQUIRED","0","",""
"docs/full-ui-interaction-sweep/screenshots/430/archive-filters-okk.png","Архив / ОКК / фильтры","430","77c3d8a7ab33d469ae0a3f3773ade4158e8590f3f4b264f33838912e0f8520e0","REVIEW_REQUIRED","0","",""
"docs/full-ui-interaction-sweep/screenshots/430/archive-filters-returns.png","Архив / Возвраты на производство / фильтры","430","a30d8b276d98dd6b927d208f515b3804b90a9ad3d053399475cdd354e609a447","REVIEW_REQUIRED","0","",""
"docs/full-ui-interaction-sweep/screenshots/430/archive-filters-stock.png","Архив / Некондиция / фильтры","430","3e6800ea5be8ef0d01a2db3298a1bb0ae090bb40ad2e655deb95fb0c0f41cc2c","REVIEW_REQUIRED","0","",""
"docs/full-ui-interaction-sweep/screenshots/430/archive-filters-orders.png","Архив / Заказы / Остатки / фильтры","430","648898b06755fe7aa03f508dc26ff137d12afa14c7b1567d320468701f902c8c","REVIEW_REQUIRED","0","",""
"docs/full-ui-interaction-sweep/screenshots/430/archive-filters-wash.png","Архив / Мойка / фильтры","430","766a52fca8778e09a75fd71924ade314fcf7958a99a823713a32ce509e9d8816","REVIEW_REQUIRED","0","",""
"docs/full-ui-interaction-sweep/screenshots/430/archive-filters-defrost.png","Архив / Оттайка / фильтры","430","6112e3aeeb2fe09cdfd3de202ceb406a82e069c9feece38515477b2c81d8068a","REVIEW_REQUIRED","0","",""
"docs/full-ui-interaction-sweep/screenshots/430/archive-filters-shiftLog.png","Архив / Пересменка / Журнал / фильтры","430","dad6b729bd4493288d153853014af34d9384cce147e439cf9e361ce5601bd9f0","REVIEW_REQUIRED","0","",""
"docs/full-ui-interaction-sweep/screenshots/430/archive-filters-announcements.png","Архив / Объявления / фильтры","430","1205df37d388753f490426f7fd98b5b943ed562c5c4ecde2c91dfd983e38a49e","REVIEW_REQUIRED","0","",""
"docs/full-ui-interaction-sweep/screenshots/desktop/archive-applied-tasks.png","Архив / Заявки и простои / применённые фильтры","desktop","bd88a961c94f0ee1abae2bbab3deea0b4093c3dc172c6c29e03f0b8abaf4e7fe","REVIEW_REQUIRED","0","",""
"docs/full-ui-interaction-sweep/screenshots/desktop/archive-applied-checklists.png","Архив / Чек-листы / применённые фильтры","desktop","806885aff7cc658815b98c478d980be81664841dfbba305a1b6b8b48f624942c","REVIEW_REQUIRED","0","",""
"docs/full-ui-interaction-sweep/screenshots/desktop/archive-applied-okk.png","Архив / ОКК / применённые фильтры","desktop","6b6307bb9983c3c7f8741b4b37cb5259588ce05772d356ab5553ed39828b7385","REVIEW_REQUIRED","0","",""
"docs/full-ui-interaction-sweep/screenshots/desktop/archive-applied-returns.png","Архив / Возвраты на производство / применённые фильтры","desktop","707835ef4d3e79a4f07c2d030ffc76f3a8c2dbf17444457010b5149f07368dba","REVIEW_REQUIRED","0","",""
"docs/full-ui-interaction-sweep/screenshots/desktop/archive-applied-stock.png","Архив / Некондиция / применённые фильтры","desktop","a251bf7044ba914f2b5b2bf883c31407c9ad24a38bf780c79d1914e1b644731a","REVIEW_REQUIRED","0","",""
"docs/full-ui-interaction-sweep/screenshots/desktop/archive-applied-orders.png","Архив / Заказы / Остатки / применённые фильтры","desktop","d2cd0766cc34000188d9c794788cf4e62b9136f0c7e8cd906800cabd010fd303","REVIEW_REQUIRED","0","",""
"docs/full-ui-interaction-sweep/screenshots/desktop/archive-applied-wash.png","Архив / Мойка / применённые фильтры","desktop","6b717e7ddd07a699c24bb1b3fcf9f8e692c66a666d2b55689570ea0ebe5f7254","REVIEW_REQUIRED","0","",""
"docs/full-ui-interaction-sweep/screenshots/desktop/archive-applied-defrost.png","Архив / Оттайка / применённые фильтры","desktop","b031ab1a6417d3b1f11fdc544f41e42ee10e3b14770f5f0c7023bf08d671bc8f","REVIEW_REQUIRED","0","",""
"docs/full-ui-interaction-sweep/screenshots/desktop/archive-applied-shiftLog.png","Архив / Пересменка / Журнал / применённые фильтры","desktop","844d237cc319743f5934da7d0b14c16428f461384aa4670ef37485dd08b3f164","REVIEW_REQUIRED","0","",""
"docs/full-ui-interaction-sweep/screenshots/desktop/archive-applied-announcements.png","Архив / Объявления / применённые фильтры","desktop","9b232e5f294f2e2ccb2a04c438bc1f43a978d4a954293da554cf7c908f32df99","REVIEW_REQUIRED","0","",""
"docs/full-ui-interaction-sweep/screenshots/desktop/archive-applied-attachments.png","Архив / Файлы и вложения / применённые фильтры","desktop","7baa4520527735f77d0dbf3d1e1322d532765c52163e4651a3945f3fa91322cb","REVIEW_REQUIRED","0","",""
"docs/full-ui-interaction-sweep/screenshots/360/archive-applied-tasks.png","Архив / Заявки и простои / применённые фильтры","360","dfd36ec54880d8b5da0ad763bd5101ef4035fbf9742b726939619bfcdc488271","REVIEW_REQUIRED","0","",""
"docs/full-ui-interaction-sweep/screenshots/360/archive-applied-checklists.png","Архив / Чек-листы / применённые фильтры","360","08114867c47bae75a78694b3a38ca1e00f32602cd64bcddf770b3f4684e962c0","REVIEW_REQUIRED","0","",""
"docs/full-ui-interaction-sweep/screenshots/360/archive-applied-okk.png","Архив / ОКК / применённые фильтры","360","7826f9835c278ace7c7fbef87fb96635fe85501d1fc768e99395035d883c7ec4","REVIEW_REQUIRED","0","",""
"docs/full-ui-interaction-sweep/screenshots/360/archive-applied-returns.png","Архив / Возвраты на производство / применённые фильтры","360","a330f9564673ecfb95a62040a2611db75122b048e1189b429bac026791a89ddc","REVIEW_REQUIRED","0","",""
"docs/full-ui-interaction-sweep/screenshots/360/archive-applied-stock.png","Архив / Некондиция / применённые фильтры","360","df821dec0c7dbea0ed1cd7953f504a5ddbd980b13e2559137a71c6f661f398ae","REVIEW_REQUIRED","0","",""
"docs/full-ui-interaction-sweep/screenshots/360/archive-applied-orders.png","Архив / Заказы / Остатки / применённые фильтры","360","4b3bb6c32afb5fed6f3df6495c585b4d794fab13bfbc876686eb460b48b7975f","REVIEW_REQUIRED","0","",""
"docs/full-ui-interaction-sweep/screenshots/360/archive-applied-wash.png","Архив / Мойка / применённые фильтры","360","2db7d2c70c5d3d03bf0971c94aad3c8f388dbbd63efb1539eddc97e7ea060503","REVIEW_REQUIRED","0","",""
"docs/full-ui-interaction-sweep/screenshots/360/archive-applied-defrost.png","Архив / Оттайка / применённые фильтры","360","22b821cd835283ed1dfb6d64af7853f729c774da44fbe988daff723f4918276f","REVIEW_REQUIRED","0","",""
"docs/full-ui-interaction-sweep/screenshots/360/archive-applied-shiftLog.png","Архив / Пересменка / Журнал / применённые фильтры","360","1c0cf43b7ed0e93a511cbbf761761453fa69e8840eb822fe0e5f957ab70e449f","REVIEW_REQUIRED","0","",""
"docs/full-ui-interaction-sweep/screenshots/360/archive-applied-announcements.png","Архив / Объявления / применённые фильтры","360","0f5f686d96cc531cbf69c33251ab23454c40bab9b7c5b4e4a01213e1fa87ecaf","REVIEW_REQUIRED","0","",""
"docs/full-ui-interaction-sweep/screenshots/360/archive-applied-attachments.png","Архив / Файлы и вложения / применённые фильтры","360","fa232fdbff0c21b35f100e18a99c43c75c0cd275e2cac49f69a1b2a65c9cf702","REVIEW_REQUIRED","0","",""
"docs/full-ui-interaction-sweep/screenshots/390/archive-applied-tasks.png","Архив / Заявки и простои / применённые фильтры","390","f74ababcd9f4abd386236aa2a6558ce7120ec2d7b5b8841c9664f4d121a571aa","REVIEW_REQUIRED","0","",""
"docs/full-ui-interaction-sweep/screenshots/390/archive-applied-okk.png","Архив / ОКК / применённые фильтры","390","1116afbe9e4ef3c1e4e097a9ca20bfd64d41d6a6e1fbe47119891ee7e936906b","REVIEW_REQUIRED","0","",""
"docs/full-ui-interaction-sweep/screenshots/390/archive-applied-returns.png","Архив / Возвраты на производство / применённые фильтры","390","17ad2c25b5a334fc777b92d90b5f888eff0313e081e5a92d61aac2a38d91ca48","REVIEW_REQUIRED","0","",""
"docs/full-ui-interaction-sweep/screenshots/390/archive-applied-stock.png","Архив / Некондиция / применённые фильтры","390","04ceb5da747d03a11d8e10449ab3d5c287d911a93f0759fd021720845b4df9bd","REVIEW_REQUIRED","0","",""
"docs/full-ui-interaction-sweep/screenshots/390/archive-applied-orders.png","Архив / Заказы / Остатки / применённые фильтры","390","a6244b1ef74e8752a281004f67ee2a9d3003fee30036b93304f1a59d49d9556f","REVIEW_REQUIRED","0","",""
"docs/full-ui-interaction-sweep/screenshots/390/archive-applied-wash.png","Архив / Мойка / применённые фильтры","390","9efdb48e2e608341615d8e960ea999bf2043e22acb97b896d515f42075194a11","REVIEW_REQUIRED","0","",""
"docs/full-ui-interaction-sweep/screenshots/390/archive-applied-defrost.png","Архив / Оттайка / применённые фильтры","390","55194aa949fca36e63237fb9e581153376cd0672d2b60b5bd411de8303f489e6","REVIEW_REQUIRED","0","",""
"docs/full-ui-interaction-sweep/screenshots/390/archive-applied-shiftLog.png","Архив / Пересменка / Журнал / применённые фильтры","390","0eaf6ae38c12d872b3461b3c6f14eabb4625cf9690206b1c519e242ebe6a96d7","REVIEW_REQUIRED","0","",""
"docs/full-ui-interaction-sweep/screenshots/390/archive-applied-announcements.png","Архив / Объявления / применённые фильтры","390","e6759480d6b12f6d7aa9b30e1433584a09b0572369c2a489fb41d3c5568d0f3e","REVIEW_REQUIRED","0","",""
"docs/full-ui-interaction-sweep/screenshots/390/archive-applied-attachments.png","Архив / Файлы и вложения / применённые фильтры","390","109cc464d6745434da236afa265fd8a2094e85a27dcf5fdb008c8a5d2ede43a2","REVIEW_REQUIRED","0","",""
"docs/full-ui-interaction-sweep/screenshots/430/archive-applied-tasks.png","Архив / Заявки и простои / применённые фильтры","430","978329cd23f48d2e5a3f7a4c77a90c4733c1074c45d13b2eaad7ee7f4bd20a68","REVIEW_REQUIRED","0","",""
"docs/full-ui-interaction-sweep/screenshots/430/archive-applied-checklists.png","Архив / Чек-листы / применённые фильтры","430","6d38f5edbcc10ce592f0a0ac0f4f4d3761cf83ed259a3f8e06a8549ac9adc928","REVIEW_REQUIRED","0","",""
"docs/full-ui-interaction-sweep/screenshots/430/archive-applied-okk.png","Архив / ОКК / применённые фильтры","430","b030575afe0f33061a26a2d5bb38601538feef9f3dc76bab3afb9c6cd03b77be","REVIEW_REQUIRED","0","",""
"docs/full-ui-interaction-sweep/screenshots/430/archive-applied-returns.png","Архив / Возвраты на производство / применённые фильтры","430","cb922d43f525ec15d34fd96a9cf503fb1e02469bc031bf5b3a46a08dafe86c9c","REVIEW_REQUIRED","0","",""
"docs/full-ui-interaction-sweep/screenshots/430/archive-applied-stock.png","Архив / Некондиция / применённые фильтры","430","7e7dbeb6652c42c87a35c2839ea4d65b2a3058238af2c27793505f4b4b25cccb","REVIEW_REQUIRED","0","",""
"docs/full-ui-interaction-sweep/screenshots/430/archive-applied-orders.png","Архив / Заказы / Остатки / применённые фильтры","430","7e136cb7b328d8529e2889fb4b3c87abdb7f01fb0acf06b102e9b196b36a2921","REVIEW_REQUIRED","0","",""
"docs/full-ui-interaction-sweep/screenshots/430/archive-applied-wash.png","Архив / Мойка / применённые фильтры","430","bffe950d5e6fe11f572aaecd9bcb4874fde727cfbac71d440babfc55ec56cde3","REVIEW_REQUIRED","0","",""
"docs/full-ui-interaction-sweep/screenshots/430/archive-applied-defrost.png","Архив / Оттайка / применённые фильтры","430","eb71ee16b8e0de43be0c66593cd4958ef8b36a4b658e724f3cf801196d2ceacb","REVIEW_REQUIRED","0","",""
"docs/full-ui-interaction-sweep/screenshots/430/archive-applied-shiftLog.png","Архив / Пересменка / Журнал / применённые фильтры","430","8f7fcb42046994ec3285dde27daf89b28140dab1db6fcc68025d9894b711dd87","REVIEW_REQUIRED","0","",""
"docs/full-ui-interaction-sweep/screenshots/430/archive-applied-announcements.png","Архив / Объявления / применённые фильтры","430","f35584573642fa124e95b04a2e0df041c311dda0205f495c29edc05760f17f56","REVIEW_REQUIRED","0","",""
"docs/full-ui-interaction-sweep/screenshots/430/archive-applied-attachments.png","Архив / Файлы и вложения / применённые фильтры","430","ad78ced12a51011bbf704c7d005e9c470c1c81ac4cb90734c288fd57316e9235","REVIEW_REQUIRED","0","",""
"docs/full-ui-interaction-sweep/screenshots/desktop/archive-detail-tasks-task.png","Архив / tasks / TASK detail","desktop","e437403e3ccec6200c95203eb8e1d493a2f03a51a621e7485f077f16a3180e5b","REVIEW_REQUIRED","0","",""
"docs/full-ui-interaction-sweep/screenshots/desktop/archive-detail-checklists-checklist_run.png","Архив / checklists / CHECKLIST_RUN detail","desktop","510e8de0003aef5f5d370d50d8467b60deda49eddd848ae51af9e257fd43496e","REVIEW_REQUIRED","0","",""
"docs/full-ui-interaction-sweep/screenshots/desktop/archive-detail-okk-okk_record.png","Архив / okk / OKK_RECORD detail","desktop","1b6a6fef5a9e8ae8aa35990dd36636e8a178992ddb23bac5e89edefe7879e605","REVIEW_REQUIRED","0","",""
"docs/full-ui-interaction-sweep/screenshots/desktop/archive-detail-okk-quantity_release_operation.png","Архив / okk / QUANTITY_RELEASE_OPERATION detail","desktop","79e99b4ebda9bc4f629391849ad8f8f7c6a762ba781e02c51f3daac4bfe9b7bb","REVIEW_REQUIRED","0","",""
"docs/full-ui-interaction-sweep/screenshots/desktop/archive-detail-returns-quantity_release_operation.png","Архив / returns / QUANTITY_RELEASE_OPERATION detail","desktop","ec19727e4d544f18130d63f23a22bda05bbbab600f68ec1411fcbbf90d775d63","REVIEW_REQUIRED","0","",""
"docs/full-ui-interaction-sweep/screenshots/desktop/archive-detail-returns-return_record.png","Архив / returns / RETURN_RECORD detail","desktop","3fdc4fd18aa26d2021def7ec23320da0fcf36ee81703b10070259eb5578230f5","REVIEW_REQUIRED","0","",""
"docs/full-ui-interaction-sweep/screenshots/desktop/archive-detail-wash-wash_session.png","Архив / wash / WASH_SESSION detail","desktop","c9bad6ab368428a2146a39e4e5d649ada15b784b69660fd8958591c3113d338f","REVIEW_REQUIRED","0","",""
"docs/full-ui-interaction-sweep/screenshots/desktop/archive-detail-defrost-defrost_event.png","Архив / defrost / DEFROST_EVENT detail","desktop","08bbab679e2775febba2157799f0afc1eb4ec5503f649a795bcdb610e00444f5","REVIEW_REQUIRED","0","",""
"docs/full-ui-interaction-sweep/screenshots/desktop/archive-detail-announcements-announcement.png","Архив / announcements / ANNOUNCEMENT detail","desktop","9de45022fdd61bd8a3abf8aa340830b3317492c54193e796d73dc44a158e66c1","REVIEW_REQUIRED","0","",""
"docs/full-ui-interaction-sweep/screenshots/desktop/archive-detail-attachments-audio.png","Архив / attachments / AUDIO detail","desktop","e7f419ab8c80c09f50c31db2055fc1d3a803bcb3b07e49fd6d3842ff86026b5b","REVIEW_REQUIRED","0","",""
"docs/full-ui-interaction-sweep/screenshots/desktop/archive-detail-attachments-file.png","Архив / attachments / FILE detail","desktop","2acf412200f369a91f8e9fb0ffcbe7fe2e1942ae8fd2ed4086c9910e97ff259c","REVIEW_REQUIRED","0","",""
"docs/full-ui-interaction-sweep/screenshots/360/archive-detail-tasks-task.png","Архив / tasks / TASK detail","360","c1d03dd5e98f3ceaf28efb81aff49a10cb013496c14d649634d9454cfb73c59d","REVIEW_REQUIRED","0","",""
"docs/full-ui-interaction-sweep/screenshots/360/archive-detail-checklists-checklist_run.png","Архив / checklists / CHECKLIST_RUN detail","360","69d558e6f50e7426de16dd3d9a0a7a7ec0ecf68c50cd9a820872d61d57aeba59","REVIEW_REQUIRED","0","",""
"docs/full-ui-interaction-sweep/screenshots/360/archive-detail-okk-okk_record.png","Архив / okk / OKK_RECORD detail","360","8cab4ad7c89b1cbce274b56975e6eec765e0cbb24f29ed7a3ae27710056d61e9","REVIEW_REQUIRED","0","",""
"docs/full-ui-interaction-sweep/screenshots/360/archive-detail-okk-quantity_release_operation.png","Архив / okk / QUANTITY_RELEASE_OPERATION detail","360","4e1eb0127cc9e20301f32fe2aeb800faf570b77619986aacf7c783262114fe0a","REVIEW_REQUIRED","0","",""
"docs/full-ui-interaction-sweep/screenshots/360/archive-detail-returns-quantity_release_operation.png","Архив / returns / QUANTITY_RELEASE_OPERATION detail","360","bdb26d372c6bb856af65c6caa8846078705d43f842bfab714608deb768334538","REVIEW_REQUIRED","0","",""
"docs/full-ui-interaction-sweep/screenshots/360/archive-detail-returns-return_record.png","Архив / returns / RETURN_RECORD detail","360","f73ca44f2939cc9d2f0e1e67921642c60d56f4164c12866523fd538a8a13c6fd","REVIEW_REQUIRED","0","",""
"docs/full-ui-interaction-sweep/screenshots/360/archive-detail-defrost-defrost_event.png","Архив / defrost / DEFROST_EVENT detail","360","cef9eac24b44bdd46ffbc1018ea44841ece30e29a769975fe61bca78ddba5bc9","REVIEW_REQUIRED","0","",""
"docs/full-ui-interaction-sweep/screenshots/360/archive-detail-announcements-announcement.png","Архив / announcements / ANNOUNCEMENT detail","360","152bec3c1b7b17396826d6a147e5a49fbf0e982fbd728a66c206a9034f29b38f","REVIEW_REQUIRED","0","",""
"docs/full-ui-interaction-sweep/screenshots/360/archive-detail-attachments-audio.png","Архив / attachments / AUDIO detail","360","5af99cd2e777abd74b1c9d4b3459700744c2e0986d66dfcae990633c62f83567","REVIEW_REQUIRED","0","",""
"docs/full-ui-interaction-sweep/screenshots/360/archive-detail-attachments-file.png","Архив / attachments / FILE detail","360","6944255fd88d9ce767332e2d30a073ff37e8126e6164d5814799d9a0e07684a1","REVIEW_REQUIRED","0","",""
"docs/full-ui-interaction-sweep/screenshots/390/archive-detail-tasks-task.png","Архив / tasks / TASK detail","390","16275fef1221529f23ab23987d25a5a5f28631534edc1da52c05ec45c2d1f5a7","REVIEW_REQUIRED","0","",""
"docs/full-ui-interaction-sweep/screenshots/390/archive-detail-checklists-checklist_run.png","Архив / checklists / CHECKLIST_RUN detail","390","3aeff08fc5d21faf66d787a8a5228afa1390a05184e449a1874e5f18e7741493","REVIEW_REQUIRED","0","",""
"docs/full-ui-interaction-sweep/screenshots/390/archive-detail-okk-okk_record.png","Архив / okk / OKK_RECORD detail","390","3a6c76f42349f89e68222d6c13c9e9633290906fa735561a151349edaba8dbcb","REVIEW_REQUIRED","0","",""
"docs/full-ui-interaction-sweep/screenshots/390/archive-detail-okk-quantity_release_operation.png","Архив / okk / QUANTITY_RELEASE_OPERATION detail","390","aa112220730de4a04661abb39ef925098c54471576eb9d8fa72a095849c75499","REVIEW_REQUIRED","0","",""
"docs/full-ui-interaction-sweep/screenshots/390/archive-detail-returns-quantity_release_operation.png","Архив / returns / QUANTITY_RELEASE_OPERATION detail","390","532c13865a3ce14a25bbe3efee86b8792633238f2a85abb0da2d94e260189df0","REVIEW_REQUIRED","0","",""
"docs/full-ui-interaction-sweep/screenshots/390/archive-detail-returns-return_record.png","Архив / returns / RETURN_RECORD detail","390","0464aa841b381b810333f2c9ad4fba77b8efd37d7e01b6c511f3cab14c9a06ef","REVIEW_REQUIRED","0","",""
"docs/full-ui-interaction-sweep/screenshots/390/archive-detail-wash-wash_session.png","Архив / wash / WASH_SESSION detail","390","70239edbb8d0b12a4be16a0e0398859f860186015b7cfc75bc15cbc7c2965a21","REVIEW_REQUIRED","0","",""
"docs/full-ui-interaction-sweep/screenshots/390/archive-detail-defrost-defrost_event.png","Архив / defrost / DEFROST_EVENT detail","390","64e82a257b95127c2f5b6cfd25858e0735ba4584eaf6bc2bb5563da98a761b11","REVIEW_REQUIRED","0","",""
"docs/full-ui-interaction-sweep/screenshots/390/archive-detail-announcements-announcement.png","Архив / announcements / ANNOUNCEMENT detail","390","5fb3d79c469f093d497700d9e95045d8be3d3411b9b4bcd54996b939cc1b4bee","REVIEW_REQUIRED","0","",""
"docs/full-ui-interaction-sweep/screenshots/390/archive-detail-attachments-audio.png","Архив / attachments / AUDIO detail","390","2cef0ecfb8359e8049dc2ecca30d73f82facc3a60cdabbe6dbb57d4026fc024a","REVIEW_REQUIRED","0","",""
"docs/full-ui-interaction-sweep/screenshots/390/archive-detail-attachments-file.png","Архив / attachments / FILE detail","390","db1f86a2a2af1fc6cf93f710c81e7415f764cf791b988e249bc28e73d9279901","REVIEW_REQUIRED","0","",""
"docs/full-ui-interaction-sweep/screenshots/430/archive-detail-tasks-task.png","Архив / tasks / TASK detail","430","2d9e72207e73a3de3e7e827a9718d8762eb1c6ebed1ad912c9fc78d3fa3cd897","REVIEW_REQUIRED","0","",""
"docs/full-ui-interaction-sweep/screenshots/430/archive-detail-checklists-checklist_run.png","Архив / checklists / CHECKLIST_RUN detail","430","a33b02c71fc25aa8b7b8ff21f1f3753cc001ca99b4d3835b6d4e8dfe1a240a8d","REVIEW_REQUIRED","0","",""
"docs/full-ui-interaction-sweep/screenshots/430/archive-detail-okk-okk_record.png","Архив / okk / OKK_RECORD detail","430","3d209ca3b30827db4f40e48b41ab7ea16f24a8367a982b4ea3fbf10370fceb75","REVIEW_REQUIRED","0","",""
"docs/full-ui-interaction-sweep/screenshots/430/archive-detail-okk-quantity_release_operation.png","Архив / okk / QUANTITY_RELEASE_OPERATION detail","430","5bdf9584526aa364f34127f27a45a14b605925eb9dae65c727e63e6c4e677c2d","REVIEW_REQUIRED","0","",""
"docs/full-ui-interaction-sweep/screenshots/430/archive-detail-returns-quantity_release_operation.png","Архив / returns / QUANTITY_RELEASE_OPERATION detail","430","0f33d193473710a420f6ef31b54acc3a8414de5156f65fe69592257ac69babcb","REVIEW_REQUIRED","0","",""
"docs/full-ui-interaction-sweep/screenshots/430/archive-detail-returns-return_record.png","Архив / returns / RETURN_RECORD detail","430","f92c203df899883daa9f23e540ba6c412b8d6e622c6364830dea039542f0bff2","REVIEW_REQUIRED","0","",""
"docs/full-ui-interaction-sweep/screenshots/430/archive-detail-wash-wash_session.png","Архив / wash / WASH_SESSION detail","430","74edab087645d771b67cec736ba713f611dfbc0378d538418a04d6b9bb7fb63b","REVIEW_REQUIRED","0","",""
"docs/full-ui-interaction-sweep/screenshots/430/archive-detail-defrost-defrost_event.png","Архив / defrost / DEFROST_EVENT detail","430","ea19ea1481f408681962be72da98826546a92b95ad02a7ef59bfb7c488939106","REVIEW_REQUIRED","0","",""
"docs/full-ui-interaction-sweep/screenshots/430/archive-detail-announcements-announcement.png","Архив / announcements / ANNOUNCEMENT detail","430","2802a1ab9f232664c6b2ecd5ac69a4bedc6d7b93222555c6ca35f5387917e17e","REVIEW_REQUIRED","0","",""
"docs/full-ui-interaction-sweep/screenshots/430/archive-detail-attachments-audio.png","Архив / attachments / AUDIO detail","430","57006f576f2ac637005f4b16db68449aa1e4e8deee4191a82618c394e66ed724","REVIEW_REQUIRED","0","",""
"docs/full-ui-interaction-sweep/screenshots/430/archive-detail-attachments-file.png","Архив / attachments / FILE detail","430","e461d765f06034ab76b4f6bf937d382856fcfc9767b84849f6a5b0a526ad359d","REVIEW_REQUIRED","0","",""
"docs/full-ui-interaction-sweep/screenshots/desktop/archive-attachments-page-two.png","Архив / вложения / вторая страница","desktop","7e451c064f4301bd36d564a579e971b3ef5519950c26fffb69b42c38b6614fbf","REVIEW_REQUIRED","0","",""
"docs/full-ui-interaction-sweep/screenshots/390/archive-attachments-page-two.png","Архив / вложения / вторая страница","390","1ff1d0ae85e18daebcc9578a4e39feb8d8394497d74419d160db642b0d6cb749","REVIEW_REQUIRED","0","",""
"docs/full-ui-interaction-sweep/screenshots/430/archive-attachments-page-two.png","Архив / вложения / вторая страница","430","c915136af68a2e56878eae09d439b37b913ff7b60eb7993a64eb30dac9a035cd","REVIEW_REQUIRED","0","",""
"docs/full-ui-interaction-sweep/screenshots/desktop/archive-source-tasks.png","Архив / переход tasks","desktop","fce7dbd022b6a1cd0b87f81309b3766204a126bbb0d86a63db3097eb17eadecb","REVIEW_REQUIRED","0","",""
"docs/full-ui-interaction-sweep/screenshots/desktop/archive-source-defrost.png","Архив / переход defrost","desktop","051c4f02ac9da3adee5f4472f87c4740b2561b0641ab880f46f49e671f77a164","REVIEW_REQUIRED","0","",""
"docs/full-ui-interaction-sweep/screenshots/360/archive-source-tasks.png","Архив / переход tasks","360","1f38b3c6aef94211849ab076a79ff2fd1b1555eb94e80a52cd6fc9ae2a35fe79","REVIEW_REQUIRED","0","",""
"docs/full-ui-interaction-sweep/screenshots/360/archive-source-defrost.png","Архив / переход defrost","360","af35c6c63132cde47279bd2099eaa60bfdebf0065d401f1d6214c0cfc1414ed9","REVIEW_REQUIRED","0","",""
"docs/full-ui-interaction-sweep/screenshots/390/archive-source-tasks.png","Архив / переход tasks","390","51afd749dfcd6ac80896f430b66fb3b7a20f9c598bda2afde7afdd7f3c34410b","REVIEW_REQUIRED","0","",""
"docs/full-ui-interaction-sweep/screenshots/430/archive-source-tasks.png","Архив / переход tasks","430","ff06a13083dc87c5535326e55807e2d04ef2bb63d835f90d1f33f5d6e870a42b","REVIEW_REQUIRED","0","",""
"docs/full-ui-interaction-sweep/screenshots/430/archive-source-defrost.png","Архив / переход defrost","430","8ef818a691e9147cbd1c50f34e1a0909b7b36a75f7913e65d13ba0078b4fb7f6","REVIEW_REQUIRED","0","",""
"docs/full-ui-interaction-sweep/screenshots/desktop/shift-log-create-draft.png","Пересменка / черновик","desktop","1cf30d19eeb0086728e5d2ba6ed2472d83f0ae986e8c338e665d9cd772a62ed4","REVIEW_REQUIRED","0","",""
"docs/full-ui-interaction-sweep/screenshots/390/shift-log-create-draft.png","Пересменка / черновик","390","c6678680d08215e23cbe562114255e055758d8d46ddd2ef4189b9db0e26614c0","REVIEW_REQUIRED","0","",""
"docs/full-ui-interaction-sweep/screenshots/430/shift-log-create-draft.png","Пересменка / черновик","430","4399f88b03bd270e68fba90482a7a8ceb4dae7ff54a765a25babd414c6ed4bfa","REVIEW_REQUIRED","0","",""
"docs/full-ui-interaction-sweep/screenshots/desktop/stock-create-draft.png","Некондиция / черновик","desktop","cc1279e162ee1e05912219cf181f68ab7bd2a90d0bad71f438715284b0a9bc0c","REVIEW_REQUIRED","0","",""
"docs/full-ui-interaction-sweep/screenshots/390/stock-create-draft.png","Некондиция / черновик","390","d32bcfc657f42947cdf50bcb96fbf997b2ab619d912314ef339adcc5eb4462d0","REVIEW_REQUIRED","0","",""
"docs/full-ui-interaction-sweep/screenshots/430/stock-create-draft.png","Некондиция / черновик","430","74cce9a9c1e1853d341f1f25aed098ff0048fd6bf909c504ebf734fa218e3c76","REVIEW_REQUIRED","0","",""
"docs/full-ui-interaction-sweep/screenshots/desktop/stock-detail-back.png","Некондиция / detail","desktop","5c68ac234e2f892f1f4d95d340fe992f6cfece0a56daef066663b1f64fd58d71","REVIEW_REQUIRED","0","",""
"docs/full-ui-interaction-sweep/screenshots/390/stock-detail-back.png","Некондиция / detail","390","d6fa7483810d7ff0ccff9a207437c38bfec11ac5d53c26468f0974ed7f84d884","REVIEW_REQUIRED","0","",""
"docs/full-ui-interaction-sweep/screenshots/430/stock-detail-back.png","Некондиция / detail","430","4eed6cb5154932715d09448a82beef16995ba652921bbfe9519e2ea304097e6e","REVIEW_REQUIRED","0","",""
"docs/full-ui-interaction-sweep/screenshots/desktop/okk-archive-detail.png","ОКК / Архив / detail","desktop","f9c045c9d6411a67040ebf76f4bfe3a6209afd02c943026788467a98d1589788","REVIEW_REQUIRED","0","",""
"docs/full-ui-interaction-sweep/screenshots/desktop/okk-active-detail.png","ОКК / Активные записи / detail","desktop","0a01b45546291edb91163aab3a1082b00983ef772e8d9efdde291fb27029ca0e","REVIEWED_HASH_MATCH_NEEDS_CONTEXT_CHECK","2","docs\full-ui-interaction-sweep\review-pack\20260906-011951\manifest.csv | docs\full-ui-interaction-sweep\review-pack\20260906-011951\packages\other-part-02\manifest.csv","AFTER_FIX"
"docs/full-ui-interaction-sweep/screenshots/390/okk-archive-detail.png","ОКК / Архив / detail","390","deb7f53a70a02d048c811388767b7b43348adec249828fbcb84047f3242467f1","REVIEW_REQUIRED","0","",""
"docs/full-ui-interaction-sweep/screenshots/390/okk-active-detail.png","ОКК / Активные записи / detail","390","f12539980d1bc2e2e21195673740aa6def15373cf1cdbf3a4e208d3a5fccc16e","REVIEW_REQUIRED","0","",""
"docs/full-ui-interaction-sweep/screenshots/430/okk-archive-detail.png","ОКК / Архив / detail","430","790a38f60ece85afa213f56182c058a1a51f9e892a72884fa3af621b9c11598e","REVIEW_REQUIRED","0","",""
"docs/full-ui-interaction-sweep/screenshots/430/okk-active-detail.png","ОКК / Активные записи / detail","430","722461cbba1f93d4751a08c5fe3bdc0d5674f9a23a49149bf147e53b0705e92f","REVIEW_REQUIRED","0","",""
