"Id","SourceRelativePath","ReviewPackRelativePath","Sha256","Width","Height","Section","ScreenState","Role","FactoryContext","Viewport","CaptureType","CaptureTimeUtc","SourceIdentity","EvidenceOrDefect","Lifecycle","ReviewStatus","OpenFinding","ChangeImpact","Sensitivity","DuplicateHashCount"
"SCREENSHOT-0001","docs/full-ui-interaction-sweep/screenshots/360/admin-password-reset-submit-error.png","originals/stable/360/admin-password-reset-submit-error.png","2c063a2a96f0c58746df64cc7262dfe84cc7a326bf412e0cb35572f8baaba63f","360","844","admin","admin-password-reset-submit-error","UNKNOWN","UNKNOWN","360","UNKNOWN","2026-09-09T02:13:11.9651337Z","frontend-dist=index-Cg4zGkwe.js; styles=index-7FY1G8FQ.css; dirty-worktree; dirty-worktree; archived-at-HEAD=2dd40727042a01994ff32f396897f70b41d3a3a7","BROWSER_ISOLATED_SCENARIO","BROWSER_ISOLATED_CAPTURE","UNKNOWN","","UNKNOWN","INTERNAL_PILOT_UI; no auth/session/network artifacts packaged","1"
"SCREENSHOT-0002","docs/full-ui-interaction-sweep/screenshots/360/admin-password-reset-submit-reload.png","originals/stable/360/admin-password-reset-submit-reload.png","7b402618f6142a4cae8df0df6a95d351b3881d39e6849fad2f2748f3838878c1","360","844","admin","admin-password-reset-submit-reload","UNKNOWN","UNKNOWN","360","UNKNOWN","2026-09-09T02:13:16.5337955Z","frontend-dist=index-Cg4zGkwe.js; styles=index-7FY1G8FQ.css; dirty-worktree; dirty-worktree; archived-at-HEAD=2dd40727042a01994ff32f396897f70b41d3a3a7","BROWSER_ISOLATED_SCENARIO","BROWSER_ISOLATED_CAPTURE","UNKNOWN","","UNKNOWN","INTERNAL_PILOT_UI; no auth/session/network artifacts packaged","1"
"SCREENSHOT-0003","docs/full-ui-interaction-sweep/screenshots/360/admin-password-reset-submit-result.png","originals/stable/360/admin-password-reset-submit-result.png","901c79f5570dfec470070862face0976e77243c34c69f8243aa35c87e0f78171","360","844","admin","admin-password-reset-submit-result","UNKNOWN","UNKNOWN","360","UNKNOWN","2026-09-09T02:13:13.7219687Z","frontend-dist=index-Cg4zGkwe.js; styles=index-7FY1G8FQ.css; dirty-worktree; dirty-worktree; archived-at-HEAD=2dd40727042a01994ff32f396897f70b41d3a3a7","BROWSER_ISOLATED_SCENARIO","BROWSER_ISOLATED_CAPTURE","UNKNOWN","","UNKNOWN","INTERNAL_PILOT_UI; no auth/session/network artifacts packaged","1"
"SCREENSHOT-0004","docs/full-ui-interaction-sweep/screenshots/390/admin-password-reset-submit-error.png","originals/stable/390/admin-password-reset-submit-error.png","0b2a10b0221255d693480594163b3af1d43e075034172503fbe3ce5d834040bf","390","844","admin","admin-password-reset-submit-error","UNKNOWN","UNKNOWN","390","UNKNOWN","2026-09-09T02:13:21.2720889Z","frontend-dist=index-Cg4zGkwe.js; styles=index-7FY1G8FQ.css; dirty-worktree; dirty-worktree; archived-at-HEAD=2dd40727042a01994ff32f396897f70b41d3a3a7","BROWSER_ISOLATED_SCENARIO","BROWSER_ISOLATED_CAPTURE","UNKNOWN","","UNKNOWN","INTERNAL_PILOT_UI; no auth/session/network artifacts packaged","1"
"SCREENSHOT-0005","docs/full-ui-interaction-sweep/screenshots/390/admin-password-reset-submit-reload.png","originals/stable/390/admin-password-reset-submit-reload.png","648535191a1c1178908252e9d86e954655df4e0a90c1acfe18332926e53c75c3","390","844","admin","admin-password-reset-submit-reload","UNKNOWN","UNKNOWN","390","UNKNOWN","2026-09-09T02:13:25.7802387Z","frontend-dist=index-Cg4zGkwe.js; styles=index-7FY1G8FQ.css; dirty-worktree; dirty-worktree; archived-at-HEAD=2dd40727042a01994ff32f396897f70b41d3a3a7","BROWSER_ISOLATED_SCENARIO","BROWSER_ISOLATED_CAPTURE","UNKNOWN","","UNKNOWN","INTERNAL_PILOT_UI; no auth/session/network artifacts packaged","1"
"SCREENSHOT-0006","docs/full-ui-interaction-sweep/screenshots/390/admin-password-reset-submit-result.png","originals/stable/390/admin-password-reset-submit-result.png","2e66161eb0af62b117256daf89eafc48342705be44e0aeb014174cd8333f8e02","390","844","admin","admin-password-reset-submit-result","UNKNOWN","UNKNOWN","390","UNKNOWN","2026-09-09T02:13:23.0472757Z","frontend-dist=index-Cg4zGkwe.js; styles=index-7FY1G8FQ.css; dirty-worktree; dirty-worktree; archived-at-HEAD=2dd40727042a01994ff32f396897f70b41d3a3a7","BROWSER_ISOLATED_SCENARIO","BROWSER_ISOLATED_CAPTURE","UNKNOWN","","UNKNOWN","INTERNAL_PILOT_UI; no auth/session/network artifacts packaged","1"
"SCREENSHOT-0007","docs/full-ui-interaction-sweep/screenshots/430/admin-password-reset-submit-error.png","originals/stable/430/admin-password-reset-submit-error.png","17b25e1efa57ab614c55c1995b9d278b824a32186d2437c922f98bf565ae20a1","430","844","admin","admin-password-reset-submit-error","UNKNOWN","UNKNOWN","430","UNKNOWN","2026-09-09T02:13:30.5101024Z","frontend-dist=index-Cg4zGkwe.js; styles=index-7FY1G8FQ.css; dirty-worktree; dirty-worktree; archived-at-HEAD=2dd40727042a01994ff32f396897f70b41d3a3a7","BROWSER_ISOLATED_SCENARIO","BROWSER_ISOLATED_CAPTURE","UNKNOWN","","UNKNOWN","INTERNAL_PILOT_UI; no auth/session/network artifacts packaged","1"
"SCREENSHOT-0008","docs/full-ui-interaction-sweep/screenshots/430/admin-password-reset-submit-reload.png","originals/stable/430/admin-password-reset-submit-reload.png","e3645a1c805469c43ea2082b89c5c7f8684ddcc321115a5a84ada929b2ec22b8","430","844","admin","admin-password-reset-submit-reload","UNKNOWN","UNKNOWN","430","UNKNOWN","2026-09-09T02:13:35.3639623Z","frontend-dist=index-Cg4zGkwe.js; styles=index-7FY1G8FQ.css; dirty-worktree; dirty-worktree; archived-at-HEAD=2dd40727042a01994ff32f396897f70b41d3a3a7","BROWSER_ISOLATED_SCENARIO","BROWSER_ISOLATED_CAPTURE","UNKNOWN","","UNKNOWN","INTERNAL_PILOT_UI; no auth/session/network artifacts packaged","1"
"SCREENSHOT-0009","docs/full-ui-interaction-sweep/screenshots/430/admin-password-reset-submit-result.png","originals/stable/430/admin-password-reset-submit-result.png","ccfd1afafa98cf719f72c5473ab019abe2306d4af7e47530a7bd0af809e408dd","430","844","admin","admin-password-reset-submit-result","UNKNOWN","UNKNOWN","430","UNKNOWN","2026-09-09T02:13:32.3041350Z","frontend-dist=index-Cg4zGkwe.js; styles=index-7FY1G8FQ.css; dirty-worktree; dirty-worktree; archived-at-HEAD=2dd40727042a01994ff32f396897f70b41d3a3a7","BROWSER_ISOLATED_SCENARIO","BROWSER_ISOLATED_CAPTURE","UNKNOWN","","UNKNOWN","INTERNAL_PILOT_UI; no auth/session/network artifacts packaged","1"
"SCREENSHOT-0010","docs/full-ui-interaction-sweep/screenshots/desktop/admin-password-reset-submit-error.png","originals/stable/desktop/admin-password-reset-submit-error.png","a1e6f3f4025f2043e10e3916d4d77f96e377756461bb2c540c6cebcdf5462ed8","1440","844","admin","admin-password-reset-submit-error","UNKNOWN","UNKNOWN","desktop","UNKNOWN","2026-09-09T02:13:02.3541306Z","frontend-dist=index-Cg4zGkwe.js; styles=index-7FY1G8FQ.css; dirty-worktree; dirty-worktree; archived-at-HEAD=2dd40727042a01994ff32f396897f70b41d3a3a7","BROWSER_ISOLATED_SCENARIO","BROWSER_ISOLATED_CAPTURE","UNKNOWN","","UNKNOWN","INTERNAL_PILOT_UI; no auth/session/network artifacts packaged","1"
"SCREENSHOT-0011","docs/full-ui-interaction-sweep/screenshots/desktop/admin-password-reset-submit-reload.png","originals/stable/desktop/admin-password-reset-submit-reload.png","1abb67d6b5f57bf84bacca66b05e6f42517a44d9e2d1a4970c515233094e6553","1440","844","admin","admin-password-reset-submit-reload","UNKNOWN","UNKNOWN","desktop","UNKNOWN","2026-09-09T02:13:07.1638482Z","frontend-dist=index-Cg4zGkwe.js; styles=index-7FY1G8FQ.css; dirty-worktree; dirty-worktree; archived-at-HEAD=2dd40727042a01994ff32f396897f70b41d3a3a7","BROWSER_ISOLATED_SCENARIO","BROWSER_ISOLATED_CAPTURE","UNKNOWN","","UNKNOWN","INTERNAL_PILOT_UI; no auth/session/network artifacts packaged","1"
"SCREENSHOT-0012","docs/full-ui-interaction-sweep/screenshots/desktop/admin-password-reset-submit-result.png","originals/stable/desktop/admin-password-reset-submit-result.png","bb6b9e452387f8e919c859f4f3b9d9551bdc0aa4092c1de91522f6aaf7b5b617","1440","844","admin","admin-password-reset-submit-result","UNKNOWN","UNKNOWN","desktop","UNKNOWN","2026-09-09T02:13:04.6421830Z","frontend-dist=index-Cg4zGkwe.js; styles=index-7FY1G8FQ.css; dirty-worktree; dirty-worktree; archived-at-HEAD=2dd40727042a01994ff32f396897f70b41d3a3a7","BROWSER_ISOLATED_SCENARIO","BROWSER_ISOLATED_CAPTURE","UNKNOWN","","UNKNOWN","INTERNAL_PILOT_UI; no auth/session/network artifacts packaged","1"
