"file","sha256","bytes","theme","width","state","role","correctionPhase","correctionPart"
"desktop-gray-tasks-controls.png","3e5b336de3a008bccfa65c4d3356f1938ea8d95570ff7209258a24af9a2b19c6","283845","gray","1440","tasks-controls","Admin","before","controls"
"desktop-gray-announcements-controls.png","33457ae110f1a9b95167533f102de4ae5afc1c7135b5add3aba1f80995991422","238712","gray","1440","announcements-controls","Admin","before","controls"
"desktop-gray-people-tabs.png","7fdfa5d533f509d1bf8fee0debc9a6b838a56d535876784a0cd0480be1b5e66c","246975","gray","1440","people-tabs","Admin","before","controls"
"desktop-gray-orders-tabs.png","59519c603fd3c33452abf77f7ecbc14d3f09b99395ddb9aa8ca6d27ec76946f5","339485","gray","1440","orders-tabs","Admin","before","controls"
"desktop-light-tasks-controls.png","6b78df642571b869be2b5a917b31df0ca6ff9f13f43512c29ef6b7f0670142af","269199","light","1440","tasks-controls","Admin","before","controls"
"desktop-light-announcements-controls.png","898d42529ba731e6e32732cf40d2a2611b56e3b1dc8334bcc23bcefe2f8bea17","238220","light","1440","announcements-controls","Admin","before","controls"
"desktop-light-people-tabs.png","67e41c438f6ab833882003d2e3d652a35fff91261951d7ebd8c27be37e5776d3","239234","light","1440","people-tabs","Admin","before","controls"
"desktop-light-orders-tabs.png","724ea98fca7456288b643a79cf572d2c7cdcf8a6413e752d89c6880f6270c12b","337259","light","1440","orders-tabs","Admin","before","controls"
"360-gray-tasks-controls.png","562c6361107e75dcdc070e6145f3fbde0feeb2aacb1616d63a30bb5bfc33d5d4","141290","gray","360","tasks-controls","Admin","before","controls"
"360-gray-announcements-controls.png","e61166a9aacd1ef8190af484e4ee87fd1cca001cafe50c95993b85488b7f8566","112317","gray","360","announcements-controls","Admin","before","controls"
"360-gray-people-tabs.png","47a58e6207089d011c202e5735c014bcdbd9911900432dc4d6f30e5a31fa2528","122744","gray","360","people-tabs","Admin","before","controls"
"360-gray-orders-tabs.png","a76ffea5601aaad66b4e0430920749226c555dafdcf62acbbacd2d4b64334595","139133","gray","360","orders-tabs","Admin","before","controls"
"360-light-tasks-controls.png","385a3943f5f5c725d88aa23f3496b779df773a56b4ad5d9280de11a7e5b34ae6","132336","light","360","tasks-controls","Admin","before","controls"
"360-light-announcements-controls.png","4cf8e9fdc6608e7ba0f9206d6d4a39aa4a74ed5b6b4e25b151427faa52b04337","109077","light","360","announcements-controls","Admin","before","controls"
"360-light-people-tabs.png","1bfb4344bc5771056530a330088c0286df4df55506c148f79247140dbb7ee2d3","115539","light","360","people-tabs","Admin","before","controls"
"360-light-orders-tabs.png","44371fd6c881cd3a1cfb401ccc5335e8661498034aebeab68209689f2a0b1c8b","130545","light","360","orders-tabs","Admin","before","controls"
"390-gray-tasks-controls.png","78775495c591b2c4ba446696a7393c0217275837f9ae23f8f1e54b46860a69c3","141743","gray","390","tasks-controls","Admin","before","controls"
"390-gray-announcements-controls.png","a58ca8c596672002b94dfb1ac53bf37b001fe89cdea3c365e943fe2e28d964fb","116367","gray","390","announcements-controls","Admin","before","controls"
"390-gray-people-tabs.png","dd76580fbe2f1292c94ee493b859589885b872dce6fa6c12f65c1d8bff2feb56","132000","gray","390","people-tabs","Admin","before","controls"
"390-gray-orders-tabs.png","65ca932c244a3642ffadccbd41d025701aac782b5167359ce13ace871bcc4a2c","144588","gray","390","orders-tabs","Admin","before","controls"
"390-light-tasks-controls.png","4735d7ca9de12bc8ff70bfc827928b86e529ad9285b0e67b73af31737c87e3a2","133790","light","390","tasks-controls","Admin","before","controls"
"390-light-announcements-controls.png","ab8b4320e80e433c56a811669cb2a5d1056aff4b46017fc8180990fd081620f6","113210","light","390","announcements-controls","Admin","before","controls"
"390-light-people-tabs.png","d66bd2aa3777004e0c2cc00a113f2cf5c391578728275a960c65f7d4a7efeeae","124785","light","390","people-tabs","Admin","before","controls"
"390-light-orders-tabs.png","acf482687bdb7d7da7515511cc8988ff6e0bfd413e263f65018cfa10031bd512","136250","light","390","orders-tabs","Admin","before","controls"
"430-gray-tasks-controls.png","21378942b06a92304bd2e4289daea616d187ed1dcb6da48f634f3e1a1df94ba8","145332","gray","430","tasks-controls","Admin","before","controls"
"430-gray-announcements-controls.png","c57c56602fb1f1d095cb9359aa230a8b76c0b821458879b509c6edddfa4558ef","119595","gray","430","announcements-controls","Admin","before","controls"
"430-gray-people-tabs.png","944138ad8b0f783ee587c1145c9d23ed8509c4d4d32ac40cd295d61f146bf252","135696","gray","430","people-tabs","Admin","before","controls"
"430-gray-orders-tabs.png","6b45b8fe44404ac63bb736ee84c8ca0b4b11c6abbad5545e9d0da1ffd6535750","148830","gray","430","orders-tabs","Admin","before","controls"
"430-light-tasks-controls.png","cfd4d2a61430bc543f5244e7e3ebfae50d83e48612c89c94c69017f5995a40f1","138359","light","430","tasks-controls","Admin","before","controls"
"430-light-announcements-controls.png","4ea74dd0dc2821bd0735e543641c377d13879db076bf5ef151e6deec5d91502c","115424","light","430","announcements-controls","Admin","before","controls"
"430-light-people-tabs.png","a488336d6939184c46aec1262d9466f6e0d7121a089b42b35cd6da2f00b60604","129517","light","430","people-tabs","Admin","before","controls"
"430-light-orders-tabs.png","5c4c8233a1fdc21998edb8b6549d2d2505a6f0459f4be52c528c899f996f6cc4","139989","light","430","orders-tabs","Admin","before","controls"
