"file","sha256","theme","width","overflowX","state","selectedTheme","screen","section","tab"
"desktop-gray-admin-1.png","EEA5D842EE0D57C693326ECDB5A4C4B7EE1D60F80773DA40D0E37E946AF3BA08","gray","1440","0","admin-subsection","gray",,"Обзор",
"desktop-gray-admin-2.png","4FA4333B1D0E199AF326CEC89438AA088A55FEBE29727F7710A776A4F628706F","gray","1440","0","admin-subsection","gray",,"Заводы",
"desktop-gray-admin-3.png","A8472702ECDA7E74E9519FC288622D4318D3CEB563458AFCB79FB7965022FA59","gray","1440","0","admin-subsection","gray",,"Пользователи и доступы",
"desktop-gray-admin-4.png","59F65246FDC3E251B5E0AEA30519FD0724A33E8DE33A67A154BE218D9D36097B","gray","1440","0","admin-subsection","gray",,"Отделы и службы",
"desktop-gray-admin-5.png","975EE35559D2E1045B066AF0D397D44C6F9140D8FE0263D43B16218FB9532202","gray","1440","0","admin-subsection","gray",,"Должности и роли",
"desktop-gray-admin-6.png","BB66BC181E120D19649105ACCB64233391552A25F6416C648E64055AA2D4C901","gray","1440","0","admin-subsection","gray",,"Линии и позиции",
"desktop-gray-admin-7.png","D17E5BB8C7BDE0EE490E192CE43EA3731A2F78F1F28C5FF7EF4B96C49D4DB1D3","gray","1440","0","admin-subsection","gray",,"Позиции на линиях",
"desktop-gray-admin-8.png","7CDA99597748A48BC133B96DE60B733EEE2AF6A1ADCE91CA47FDD1D043A46C5C","gray","1440","0","admin-subsection","gray",,"Шаблоны состава",
"desktop-gray-admin-9.png","85A4651DF9C9790FECB1B1E9D2034EAF6D9186CC945416317BE88095F5AD980E","gray","1440","0","admin-subsection","gray",,"Повременщики / рабочие зоны",
"desktop-gray-admin-10.png","AF8C4C1A7287B3BA7DCF73FAA0D36840D037F7776D836914B8027BED400AF895","gray","1440","0","admin-subsection","gray",,"Роли и права",
"desktop-gray-admin-11.png","F74EC5EBDE2DF85B5AD3CEFA6522FEB5F6C73206D9E608D5F9B58B57919A5AFA","gray","1440","0","admin-subsection","gray",,"Настройки модулей",
"desktop-gray-admin-12.png","AEE854DA6644C88D3D40DDCDE5CEA4210307B40EDC0FF3099B8FCE38DD47C7A2","gray","1440","0","admin-subsection","gray",,"Восстановление",
"desktop-gray-admin-13.png","193F2D97A88CB9AE02D78992E5253C3114A833DF4129AF48AF2E51207DCBFCC1","gray","1440","0","admin-subsection","gray",,"Диагностика данных",
"desktop-gray-admin-14.png","8DA9964FABC24960777BB685DD090DD55F71D3974AB0F2D8019CFDDC9E564134","gray","1440","0","admin-subsection","gray",,"Аудит действий админки",
"desktop-light-admin-1.png","62A3562F838E83A32815EECA96AA2F3BBCE74162763F7859F4677047F904D1A4","light","1440","0","admin-subsection","light",,"Обзор",
"desktop-light-admin-2.png","6C3BF522FC3C0230313EB9ED05256B2B2BF839DC4A50AEFBA7CD7A7A0F4B652E","light","1440","0","admin-subsection","light",,"Заводы",
"desktop-light-admin-3.png","3D8EC104DA67FBDAE038DEF9D1A4AFA3C241EAE83B4CEBE24F6FBD9B74A7C111","light","1440","0","admin-subsection","light",,"Пользователи и доступы",
"desktop-light-admin-4.png","05AE75E8356CAAB9A1AC885D549F8AFC8EA1D0D35AC600FA4FA3C2AC95F8912B","light","1440","0","admin-subsection","light",,"Отделы и службы",
"desktop-light-admin-5.png","249F67AA9D2488C9AD729F1FAF3DD46364514E34A344B1C7DB13837B2E292153","light","1440","0","admin-subsection","light",,"Должности и роли",
"desktop-light-admin-6.png","9502B2A4B728D8D7308C4AAC77E949B7C6078140B2F2DF2CC9631DD12D71A462","light","1440","0","admin-subsection","light",,"Линии и позиции",
"desktop-light-admin-7.png","4E41ED2A4573BECBE8B9F2FA8F4D1EF160ECE0D5041A42B9466DE63720828CB3","light","1440","0","admin-subsection","light",,"Позиции на линиях",
"desktop-light-admin-8.png","E272986587C134492EB248092B746C84213FE1EB8DF376769E545816521C01D0","light","1440","0","admin-subsection","light",,"Шаблоны состава",
"desktop-light-admin-9.png","8F4B77EAEC3E2605FBAD30FA6FA873AD19F4DD33162AC69E84B61B14802FF84E","light","1440","0","admin-subsection","light",,"Повременщики / рабочие зоны",
"desktop-light-admin-10.png","0A831A012D8E6A349ED6574D63EE61135A781A31D7E89DB9A565574A07B4CB57","light","1440","0","admin-subsection","light",,"Роли и права",
"desktop-light-admin-11.png","407F7B49999752CA028E2E5C09BA14C1E9E840B82F3391AE4865CE0E77E626C2","light","1440","0","admin-subsection","light",,"Настройки модулей",
"desktop-light-admin-12.png","C4B0A3265DCAE4E48E2F7DF15BAC0ADCDD37DECEF7E3392E0B353336AB82B998","light","1440","0","admin-subsection","light",,"Восстановление",
"desktop-light-admin-13.png","F838DAB9860E05153CFBA991ECC6F2302EC85168E0B56D0E98433456DC3E6903","light","1440","0","admin-subsection","light",,"Диагностика данных",
"desktop-light-admin-14.png","F54E60B1B6CCC3B2BDB210F88FA9221EC362C95610038185A48A348DF3E77147","light","1440","0","admin-subsection","light",,"Аудит действий админки",
"390-gray-admin-1.png","846ACECABDD900D9F32BB2AE6D6AAC2DF9980CBF997F48893348C410436D16ED","gray","390","0","admin-subsection","gray",,"Обзор",
"390-gray-admin-2.png","7CC6B3836C7375AB8C418B8DEEE937167CBBB748499725BB419DE2A0A36F91EE","gray","390","0","admin-subsection","gray",,"Заводы",
"390-gray-admin-3.png","7359699275DAD7D842EBBC03995B8A4C9DBB080DB7EF799FB407949EE91F2D66","gray","390","0","admin-subsection","gray",,"Пользователи и доступы",
"390-gray-admin-4.png","38210E052875D681C613B7733322F4B77213275DB9F210C3FD778B24A813F2DC","gray","390","0","admin-subsection","gray",,"Отделы и службы",
"390-gray-admin-5.png","A1A51D6CCE0B9388CD96C2D5912DEBBBF9990632EDDAEFA32ADF2D2FC01288DD","gray","390","0","admin-subsection","gray",,"Должности и роли",
"390-gray-admin-6.png","5A81B4E60825BABA6A02A8A67B921E68B004B3E734594E92E2E0A359E3E8CDDB","gray","390","0","admin-subsection","gray",,"Линии и позиции",
"390-gray-admin-7.png","301637067632211F13434F6A0EB52A0AA087FB8BEF6E680D5CDB237D499E1ADE","gray","390","0","admin-subsection","gray",,"Позиции на линиях",
"390-gray-admin-8.png","9DF3D5D031ABAEB8B4288CB070CD34935C73125EAEC29CD412A98149870F65D4","gray","390","0","admin-subsection","gray",,"Шаблоны состава",
"390-gray-admin-9.png","1345E262DBDE5E26C7F73255C40AE53F6711FDB1B8A3771FE346E6CF533B81F7","gray","390","0","admin-subsection","gray",,"Повременщики / рабочие зоны",
"390-gray-admin-10.png","5038A00ED33EC617F264723BB646E1C0486403B47C8DD7716588F1A371A6329C","gray","390","0","admin-subsection","gray",,"Роли и права",
"390-gray-admin-11.png","9494CC9DA60765859618469EEC66F5CA98196ADCAC9CD011AB782F2C85C5B7BD","gray","390","0","admin-subsection","gray",,"Настройки модулей",
"390-gray-admin-12.png","DC8F85B22CB346B02EFFDB7D3E1E24B172861F5395AAE08619408830031182D2","gray","390","0","admin-subsection","gray",,"Восстановление",
"390-gray-admin-13.png","A20707C4312F18D629F4315750E7D27483A32A738CCDE2BBBD6FD0AE6D25239C","gray","390","0","admin-subsection","gray",,"Диагностика данных",
"390-gray-admin-14.png","D5F8979C501319914A97C948A5A2A1743ED112CD7ED33746C969779ABD193747","gray","390","0","admin-subsection","gray",,"Аудит действий админки",
"390-light-admin-1.png","BEFCD6631F7856BB771210410BDC86F5320D1C3C66FF1AE060D26C236896E6EE","light","390","0","admin-subsection","light",,"Обзор",
"390-light-admin-2.png","6116BEE47A24731571A8CEA0A16EAB6866788F3D68080E8459E99B23EDDC1CDB","light","390","0","admin-subsection","light",,"Заводы",
"390-light-admin-3.png","C48A545A931AE307209ACEE146548260AEEF0DF8FDDA72388CFC47E24DB61645","light","390","0","admin-subsection","light",,"Пользователи и доступы",
"390-light-admin-4.png","CADD9309AF9B3C825A6FC2A198CD5849E69D1E33D8047B2C80A02100EFED983F","light","390","0","admin-subsection","light",,"Отделы и службы",
"390-light-admin-5.png","A95F6EEB11A75F969ED67155BD0B0AC0C31C09345AE526C9BBFBF5BB5BE5F2E4","light","390","0","admin-subsection","light",,"Должности и роли",
"390-light-admin-6.png","40D9A83F4763E94378A9A3A80EB8B4B11C24FBFCA0B7E752469E9C2DB58F2914","light","390","0","admin-subsection","light",,"Линии и позиции",
"390-light-admin-7.png","24EE6636B8FA202C51A783F67CEEC9325FBAEBA81F5FB914096715EFE4791820","light","390","0","admin-subsection","light",,"Позиции на линиях",
"390-light-admin-8.png","D373A70D89E34B79D66984E4E912AA3FB22B075E4EF53E5D4B39D59BC97A7813","light","390","0","admin-subsection","light",,"Шаблоны состава",
"390-light-admin-9.png","84132ED866ED0CC5AFFB2811DE7D1DDAB95B7589A5245818D33187A55F7D4C9D","light","390","0","admin-subsection","light",,"Повременщики / рабочие зоны",
"390-light-admin-10.png","497F5196256570E89B36705977BEE89DF8B4E561302207B272CF8733C7406F99","light","390","0","admin-subsection","light",,"Роли и права",
"390-light-admin-11.png","A3271E3DFC1984F94649DF8B91C572FCC904DA60262DDB24AB8E2F7DD02CF22F","light","390","0","admin-subsection","light",,"Настройки модулей",
"390-light-admin-12.png","2D35E924654BA11DE7E8E17D031705184B9B1101E322F89A20778739BF890B93","light","390","0","admin-subsection","light",,"Восстановление",
"390-light-admin-13.png","54194FB22F01BB0938ADA49C59FC053B81D22E8039CB01166722D02A13000228","light","390","0","admin-subsection","light",,"Диагностика данных",
"390-light-admin-14.png","C6F0BD5AEB0385F4ECBDDA9A5DCE16A84424336767DEEA52E9B4DC020DF8A920","light","390","0","admin-subsection","light",,"Аудит действий админки",
